#{"t_start": 1789049545.821065, "env_id": "None"}
r,l,t
258.2,58,2.129672
72.3,59,2.244515
315.8,60,2.355318
85.9,70,2.471152
299.6,55,2.572512
-33.6,48,2.669223
46.6,65,2.792306
8.3,62,2.909469
54.4,50,3.005218
-17.8,38,3.07584
292.2,60,3.189331
284.2,44,3.289155
288.9,58,3.389733
302.2,66,3.494525
-14.9,46,3.572228
341.0,41,3.641886
30.0,54,3.726739
-63.4,58,3.82862
-27.7,54,3.929049
-130.4,56,4.02315
312.2,65,4.125369
274.7,82,4.254948
23.6,70,4.376472
-11.4,30,4.425347
88.1,79,4.550665
-46.5,66,4.658785
59.1,48,4.7375
35.4,39,4.800107
24.0,46,4.874196
286.3,80,5.026731
296.2,60,5.153956
24.8,60,5.279131
307.2,60,5.405
-39.7,32,5.473756
-34.8,33,5.54354
56.6,69,5.656563
42.5,73,8.230415
5.7,76,8.413829
-47.3,27,8.507437
-66.3,50,8.640877
311.0,62,8.756243
105.4,74,8.876378
25.9,67,8.981153
26.9,68,9.098895
307.2,99,9.27013
-75.6,39,9.333309
38.6,50,9.413463
18.9,31,9.465686
254.5,60,9.563513
46.3,55,9.65026
26.7,59,9.749279
82.5,66,9.853802
17.9,71,9.968702
298.1,60,10.066584
341.2,71,10.177631
283.9,76,10.316292
40.8,46,10.391171
287.2,56,10.48774
327.2,64,10.594296
57.5,60,10.693609
278.3,64,10.796855
47.1,52,10.87987
321.0,54,10.967145
60.4,72,11.083995
342.5,65,11.187965
-88.4,63,11.286575
298.5,95,11.443112
297.2,60,11.535827
94.3,77,11.668709
331.2,65,13.840008
-52.6,58,13.931009
-80.7,48,14.009701
362.2,76,14.130364
293.3,71,14.246092
283.2,68,14.354791
20.6,37,14.414075
297.2,50,14.493112
26.7,52,14.57457
-60.2,43,14.645345
300.9,72,14.766043
46.8,61,14.861297
54.4,83,14.99374
85.4,63,15.097622
-45.1,33,15.150692
-100.3,49,15.229717
-66.3,41,15.295236
3.6,36,15.352412
28.8,69,15.460329
58.7,58,15.550926
40.9,54,15.635705
309.2,69,15.755445
311.0,64,15.856437
38.0,73,15.971649
-0.7,71,16.085383
289.0,60,16.17892
-20.4,51,16.260195
-58.2,14,16.28331
30.2,42,16.350553
8.6,45,16.420834
74.1,76,16.551555
302.2,52,16.640866
302.2,50,16.724439
18.9,58,16.828773
-71.1,75,16.958186
292.2,62,17.064925
-44.4,46,19.585545
265.8,74,19.768595
56.8,63,19.913591
-42.8,39,19.975866
28.4,49,20.057409
-52.1,44,20.129557
257.2,65,20.240692
310.2,78,20.3705
305.7,70,20.510187
-11.4,26,20.566458
-95.3,46,20.652122
312.2,71,20.786982
332.9,63,20.899137
-23.1,33,20.975059
257.3,56,21.077979
1.5,75,21.207855
-24.2,48,21.284464
-24.0,59,21.379085
64.1,59,21.474182
62.1,79,21.613121
2.4,38,21.676716
-27.1,46,21.7505
-4.1,78,21.904473
-1.4,30,21.957729
311.9,71,22.090163
18.6,55,22.179657
-16.4,49,22.268434
-1.4,57,22.446728
-84.1,41,22.671165
312.2,51,22.802451
10.4,70,22.918535
271.1,58,23.019763
43.5,65,23.125157
-99.3,36,23.183681
30.4,43,23.273361
0.8,57,23.370087
-63.1,41,23.43583
289.2,54,25.822546
50.6,55,25.910148
-7.1,61,26.004369
267.2,66,26.112653
317.2,72,26.225204
315.7,67,26.329217
-88.6,51,26.410391
-80.0,36,26.474862
-13.6,38,26.5409
47.4,55,26.635777
-25.8,58,26.736692
8.4,52,26.829698
-1.0,87,26.989852
68.7,69,27.135095
-51.1,37,27.212307
-10.5,53,27.306835
-4.8,73,27.459607
25.1,94,27.625556
287.4,66,27.74513
287.2,53,27.836399
352.2,75,27.956526
307.2,64,28.073492
291.2,49,28.177426
38.0,66,28.330073
-49.3,46,28.418314
246.0,71,28.536596
-31.6,90,28.691006
307.2,64,28.797648
49.8,68,28.919863
-111.7,10,28.938571
-45.5,29,28.992303
270.6,67,29.123751
-80.9,51,29.224362
11.5,66,29.367099
277.2,52,29.457149
-1.4,33,31.799634
12.4,68,31.90839
22.1,76,32.028462
289.4,77,32.17061
35.4,39,32.235075
-65.6,52,32.322169
50.7,54,32.436041
317.4,70,32.666718
21.2,38,32.744711
297.2,56,32.864425
-45.2,52,32.972906
-14.6,63,33.094795
24.8,61,33.206347
281.0,62,33.324836
270.9,62,33.462194
56.5,65,33.584911
42.3,75,33.717997
312.2,48,33.810567
302.2,62,33.921046
304.7,82,34.057593
346.2,57,34.158508
302.2,48,34.242088
-165.2,69,34.350697
301.0,66,34.4557
11.8,52,34.54146
55.4,56,34.639651
36.0,65,34.767433
-7.0,52,34.862534
75.4,41,34.944657
22.7,78,35.100881
339.6,74,35.235842
-44.8,49,35.315295
14.9,85,35.455194
-17.4,46,35.541928
-3.2,47,38.056432
280.8,69,38.189673
55.3,50,38.287277
-64.0,39,38.35771
312.2,68,38.464804
-71.7,53,38.552171
-40.7,47,38.642053
63.7,88,38.805727
289.2,64,38.907154
-131.8,20,38.947405
305.2,52,39.054198
284.9,84,39.200734
18.4,59,39.2974
-49.6,35,39.354945
18.6,42,39.432275
0.9,38,39.50325
282.5,83,39.656632
300.7,71,39.786252
303.9,62,39.892712
-91.3,52,39.980458
92.1,72,40.103796
-34.8,42,40.17281
307.2,65,40.276909
10.6,64,40.381929
89.8,69,40.511407
-38.9,69,40.633672
35.3,59,40.746473
-45.9,48,40.839083
3.3,60,40.954765
36.7,77,41.118953
-2.4,33,41.182836
282.2,43,41.2633
-51.6,40,41.346782
55.4,51,41.43416
-6.2,51,41.520157
-18.3,66,41.640294
329.7,67,44.120581
69.5,57,44.222493
324.2,74,44.34982
38.3,83,44.507388
102.9,73,44.636466
-106.1,60,44.739715
281.9,87,44.906973
44.5,55,45.011631
330.8,77,45.152292
-66.4,67,45.292069
287.2,73,45.434427
-27.9,50,45.592837
272.1,68,45.747241
-4.6,72,45.877702
38.2,53,45.974795
70.0,106,46.235093
30.2,52,46.461888
277.9,57,46.600422
310.2,64,46.709065
-49.2,29,46.758554
80.4,65,46.860941
-86.1,56,46.950863
282.3,60,47.049067
-89.6,36,47.108749
-36.7,60,47.204738
317.2,65,47.317038
11.0,67,47.433268
260.5,61,47.549712
287.4,85,47.684859
7.3,72,47.796839
289.3,68,47.913782
322.1,73,48.040134
26.8,47,50.401721
246.0,71,50.51657
302.2,51,50.595398
-135.8,49,50.673857
312.2,68,50.78386
263.7,79,50.924272
42.5,66,51.03538
-11.3,51,51.118252
29.3,56,51.219899
271.4,81,51.351401
-42.2,62,51.46675
-25.9,46,51.543253
-98.6,28,51.587722
-75.3,33,51.654109
-67.9,46,51.726957
314.5,50,51.807934
317.2,94,51.957847
279.1,58,52.051223
46.9,87,52.198234
-11.8,50,52.284642
-100.0,37,52.343559
301.0,68,52.458259
-69.0,41,52.528662
273.3,55,52.629074
277.2,60,52.725596
-23.9,51,52.806598
-67.1,33,52.86022
-6.0,27,52.903273
-56.4,52,52.98679
-124.7,44,53.062217
271.5,56,53.173275
51.4,87,53.331639
255.9,57,53.421426
44.1,93,53.578894
304.1,72,53.692979
307.2,50,56.058921
255.4,53,56.144453
-26.7,47,56.21989
311.0,57,56.335002
318.2,57,56.423143
51.5,80,56.563475
16.3,57,56.654097
-25.6,74,56.786402
287.2,61,56.882309
34.8,39,56.956047
-76.2,35,57.019701
3.9,48,57.099511
38.1,60,57.194679
-100.0,34,57.255916
-25.1,41,57.338496
283.3,61,57.445332
302.2,54,57.544141
313.2,54,57.629742
71.5,49,57.727669
257.2,74,57.858888
49.5,75,57.991586
-19.1,59,58.089873
16.6,88,58.228492
60.8,86,58.393277
-28.7,84,58.543604
277.2,43,58.614122
26.4,49,58.694119
28.4,52,58.787185
292.1,60,58.894802
16.1,65,59.009561
297.2,57,59.108753
272.5,67,59.215685
249.0,71,59.326383
79.9,75,59.462366
-59.7,41,59.527362
3.6,49,61.814261
302.2,65,61.964194
273.7,84,62.190211
59.2,56,62.293552
53.7,48,62.372222
306.2,55,62.475527
52.0,63,62.609069
292.3,53,62.69353
37.0,65,62.7997
-25.6,40,62.863879
-19.1,82,62.992578
10.8,60,63.091893
282.5,56,63.18917
40.4,54,63.273807
323.5,64,63.374562
50.4,70,63.48297
13.7,57,63.585579
277.2,53,63.669544
-36.7,22,63.70481
5.9,59,63.816493
304.2,56,63.90466
25.8,55,64.003724
284.7,98,64.161102
-78.7,35,64.237236
60.3,57,64.341314
300.9,72,64.477525
48.8,67,64.589812
355.7,50,64.682991
-69.0,40,64.751689
56.2,75,64.869504
304.2,79,65.009883
291.1,72,65.142206
-1.4,72,65.275101
-70.9,38,65.335591
42.4,57,65.43982
55.9,53,67.815164
289.0,59,67.909465
272.2,54,68.003846
339.5,93,68.1535
30.4,49,68.240921
31.0,72,68.356972
55.9,70,68.466832
60.0,69,68.576047
293.7,67,68.680823
307.2,53,68.783752
295.7,66,68.889097
-39.4,57,68.978536
244.9,65,69.083126
281.4,69,69.194165
61.5,64,69.295407
299.2,65,69.418612
-66.4,36,69.475907
36.0,57,69.579787
304.8,68,69.688014
65.4,81,69.824378
-18.0,59,69.931011
-86.5,45,70.002252
23.8,62,70.117473
24.3,53,70.200508
327.2,62,70.313851
51.8,52,70.3971
-92.6,45,70.469351
54.6,90,70.627429
6.6,61,70.724241
80.1,59,70.820332
327.2,52,70.913083
-64.0,37,70.973171
43.9,46,71.050293
-27.2,55,71.135735
7.6,63,73.448644
311.2,50,73.529686
12.8,54,73.62388
297.2,53,73.707685
-20.6,51,73.791135
282.2,61,73.888534
317.6,69,74.011777
-4.1,51,74.096083
-35.2,71,74.217902
278.3,80,74.343087
12.1,77,74.465293
-22.9,54,74.551341
38.8,73,74.668804
-27.7,37,74.732338
23.4,53,74.828158
-46.0,66,74.932433
275.2,58,75.041151
272.2,54,75.126565
54.6,58,75.22143
308.8,62,75.318874
337.2,67,75.43232
307.2,59,75.52531
49.7,79,75.649966
326.2,74,75.765138
282.6,68,75.872212
285.8,58,75.962331
-56.3,33,76.022509
-34.3,48,76.101762
287.2,54,76.183997
297.3,57,76.273152
49.4,60,76.367654
15.7,72,76.480014
-90.6,33,76.534668
16.9,53,76.62642
264.8,60,78.869334
35.7,64,78.974469
45.4,53,79.065715
282.2,49,79.153839
8.6,55,79.241196
-86.3,48,79.318175
70.9,50,79.397592
-11.5,51,79.478272
312.4,66,79.589112
312.2,57,79.680734
302.2,69,79.788604
361.2,74,79.903872
52.2,53,79.98854
65.4,62,80.088891
3.1,74,80.215195
272.2,49,80.292216
310.0,56,80.381351
14.8,63,80.481151
30.5,80,80.606346
49.2,58,80.697809
40.4,36,80.755508
268.1,73,80.877952
315.2,63,80.975014
317.2,66,81.115976
-43.7,48,81.255596
42.9,79,81.466511
288.6,81,81.608438
-9.5,61,81.704214
-33.7,77,81.824309
-26.8,47,81.898079
315.7,83,82.038618
-66.3,111,82.213553
19.0,66,82.324402
327.2,52,84.560947
282.2,54,84.646142
-11.4,38,84.706021
34.2,59,84.801526
21.3,50,84.879664
-103.0,54,84.965535
287.2,53,85.060833
251.8,69,85.17071
40.3,76,85.293014
14.8,57,85.389706
3.4,40,85.453711
35.4,44,85.523383
295.6,69,85.638113
1.2,44,85.708282
249.3,65,85.811468
-23.0,53,85.893961
-30.1,46,85.967002
87.4,75,86.086138
307.2,59,86.181231
65.8,79,86.309346
300.0,69,86.426215
273.8,56,86.513942
40.3,48,86.591767
30.6,64,86.692197
-57.2,21,86.727355
-1.2,39,86.796499
287.7,78,86.919317
293.5,68,87.024976
0.2,64,87.128868
279.2,61,87.224541
39.4,44,87.294732
275.5,65,87.405709
-58.2,61,87.511265
39.9,72,87.624525
15.3,72,87.736499
285.4,77,90.01083
17.0,47,90.088943
65.2,67,90.193797
47.8,56,90.282765
300.7,48,90.358272
48.9,65,90.469151
-73.8,26,90.523062
2.6,42,90.589264
72.6,66,90.69353
80.7,78,90.816319
282.5,63,90.914442
-33.9,66,91.026652
312.2,67,91.135206
14.6,54,91.220898
-24.0,49,91.298722
-113.2,46,91.370593
337.2,74,91.48586
311.0,50,91.572641
56.2,48,91.660552
-85.8,41,91.725513
60.0,70,91.835938
-40.6,68,91.941142
-10.7,48,92.017209
282.2,49,92.096704
282.2,52,92.180947
-75.2,66,92.289864
4.8,63,92.389802
19.7,66,92.494301
-16.1,42,92.561634
-75.7,27,92.605294
12.6,62,92.704146
322.2,72,92.825037
49.4,53,92.908575
42.5,63,93.006967
-57.5,60,93.102401
-13.8,67,93.207236
295.5,60,95.434273
-66.6,45,95.504833
311.2,77,95.623925
46.9,53,95.714945
2.3,55,95.817352
50.1,79,95.942346
-128.4,20,95.97528
-89.4,58,96.068077
346.0,71,96.178565
-16.7,57,96.267942
254.7,68,96.377497
35.1,74,96.497424
36.2,68,96.604717
-75.8,42,96.672357
312.2,59,96.764838
-18.9,68,96.869038
63.0,64,96.971152
2.0,43,97.048835
54.4,50,97.127642
-113.1,41,97.191953
-25.9,81,97.316792
288.6,65,97.417689
-28.4,47,97.491819
293.2,65,97.601284
-87.7,82,97.728105
100.6,63,97.833489
277.2,57,97.923269
-102.5,47,97.99719
303.6,65,98.101665
333.3,90,98.249664
70.4,63,98.347552
-100.3,51,98.42873
-9.0,60,98.522774
-58.6,42,98.590052
91.6,64,100.850395
273.2,61,100.947987
75.4,52,101.030148
-109.6,61,101.130624
-95.4,48,101.215033
307.2,67,101.321269
331.2,60,101.414874
327.2,75,101.532083
-20.5,38,101.594009
278.0,66,101.697948
38.3,55,101.792737
-79.1,51,101.875603
293.3,62,101.980258
297.5,63,102.097074
13.3,62,102.196971
-12.1,77,102.31829
18.3,75,102.446672
43.5,82,102.575763
317.2,67,102.679788
309.8,72,102.794187
-50.8,56,102.883317
44.2,68,103.007611
85.9,67,103.115441
312.2,62,103.212383
-9.0,52,103.295236
282.2,49,103.371182
-61.3,45,103.442435
331.2,66,103.545952
101.2,69,103.660593
-3.9,62,103.758034
280.7,62,103.854886
79.5,68,103.961704
23.6,51,104.057319
302.2,67,106.323914
270.0,67,106.428828
64.7,76,106.548285
-43.7,38,106.617861
287.2,65,106.720344
45.5,70,106.829275
311.1,74,106.944645
51.4,66,107.052011
-20.8,71,107.179327
10.7,50,107.262339
322.2,66,107.365267
-52.8,44,107.435452
325.7,70,107.544844
25.0,67,107.649892
345.4,87,107.793858
73.6,74,107.910745
51.1,66,108.015368
-96.1,57,108.107351
287.2,64,108.221432
301.3,95,108.374268
325.7,68,108.486222
280.2,76,108.607548
-1.2,37,108.66719
55.8,51,108.748554
268.8,67,108.853401
8.9,79,108.983656
47.6,63,109.088517
292.2,45,109.159374
288.5,55,109.246963
286.3,83,109.376152
33.5,64,109.476302
-48.5,43,109.545289
307.2,72,111.808134
41.0,49,111.887497
285.7,54,111.975491
257.0,79,112.109432
53.3,61,112.204343
1.8,52,112.28726
-32.2,76,112.421911
3.9,53,112.504583
46.6,85,112.649454
-28.8,57,112.738522
282.8,51,112.819378
41.2,69,112.928088
326.2,66,113.033098
-129.9,47,113.113036
58.8,50,113.203088
316.2,58,113.295102
316.2,62,113.393219
-11.2,57,113.484075
314.2,76,113.602754
12.4,68,113.710648
-105.1,28,113.755919
-141.1,78,113.888057
292.2,42,113.95364
296.2,83,114.086535
286.0,67,114.189737
12.0,61,114.286132
-60.1,48,114.365432
21.3,50,114.453209
307.2,62,114.549565
-2.6,61,114.645755
55.8,73,114.759272
283.4,65,114.860822
304.2,63,114.959756
66.1,35,115.02452
41.5,64,117.604108
-40.7,49,117.682101
38.5,84,117.813901
53.7,45,117.884551
317.2,59,117.978944
38.4,69,118.094408
302.2,57,118.18361
46.8,83,118.313726
-15.9,38,118.372494
28.6,58,118.467063
69.6,47,118.544841
287.2,66,118.658306
332.2,60,118.75319
18.9,43,118.82218
277.3,68,118.929217
53.7,65,119.030568
-41.8,37,119.092669
3.6,46,119.165364
66.3,79,119.296485
-70.3,62,119.393746
27.6,64,119.493746
57.6,60,119.598743
63.4,51,119.679865
23.6,21,119.7141
311.0,54,119.805496
296.4,64,119.90606
-3.7,71,120.016802
45.4,61,120.113823
307.2,53,120.195166
8.9,50,120.275706
-48.2,48,120.350578
-33.2,39,120.420853
35.6,56,120.508807
56.7,68,120.619355
301.0,46,120.702961
294.0,68,120.809015
282.0,81,123.061206
-40.7,75,123.179275
313.0,91,123.32126
297.2,63,123.42592
-18.2,51,123.507252
65.4,89,123.64798
10.6,53,123.741737
273.5,57,123.831908
-25.0,57,123.921458
-1.4,70,124.038058
41.7,67,124.145899
-40.3,66,124.247944
-113.4,76,124.371224
307.6,56,124.458822
43.2,52,124.540258
-6.4,56,124.635168
0.5,62,124.732923
302.1,67,124.850266
301.0,56,124.938602
88.5,67,125.047256
52.7,64,125.150423
315.0,65,125.260014
-12.2,53,125.342794
-6.4,39,125.405283
276.3,58,125.496894
-101.9,46,125.568542
89.3,81,125.694988
-55.9,57,125.791587
331.3,69,125.900553
-5.9,66,126.003837
277.9,54,126.091053
43.1,61,126.186512
249.0,60,128.404058
14.1,89,128.54315
-5.3,65,128.644115
278.3,80,128.770158
289.2,61,128.873422
-58.2,53,128.967171
-42.3,39,129.029839
-52.6,74,129.148459
-40.0,42,129.214758
2.4,40,129.278428
-7.1,54,129.36344
31.1,68,129.477605
302.2,59,129.569192
-24.1,71,129.682211
282.2,77,129.802607
28.7,50,129.883161
-54.2,59,129.97932
296.0,69,130.097648
48.4,105,130.263749
-47.5,59,130.356167
45.4,80,130.482013
12.8,50,130.561403
-83.8,39,130.631232
287.2,71,130.743048
307.3,69,130.850642
-31.1,59,130.943915
20.6,67,131.058873
-59.9,57,131.149689
-2.2,65,131.259352
-115.7,69,131.366811
-36.8,48,131.441489
-63.8,62,131.538767
64.3,73,131.653444
-52.9,27,133.829599
302.2,71,133.942029
-85.5,56,134.029646
-25.6,43,134.101976
278.4,76,134.230645
81.2,92,134.37547
278.9,73,134.489006
22.5,51,134.569572
282.2,40,134.634446
-53.0,49,134.713368
51.0,71,134.833846
295.2,56,134.921215
24.0,48,134.997461
11.2,59,135.09298
347.2,58,135.189127
-46.4,72,135.302767
284.9,80,135.435628
269.5,70,135.544553
-25.2,65,135.646038
293.3,69,135.753023
41.9,46,135.825879
-7.7,39,135.888725
302.2,58,135.98525
332.2,68,136.095222
2.2,61,136.203961
-66.8,34,136.258721
121.7,82,136.385661
65.3,60,136.478385
-10.3,55,136.56521
325.9,69,136.680929
5.7,66,136.784564
264.7,63,136.883163
-45.7,36,136.940265
296.0,59,137.032514
292.2,79,139.329252
-37.8,68,139.437286
258.6,59,139.530082
-66.4,40,139.600572
15.3,79,139.723644
49.4,55,139.80991
268.6,60,139.904299
307.2,52,139.98608
-35.9,61,140.083838
-82.3,41,140.149631
250.9,81,140.284506
-1.4,29,140.336743
50.4,45,140.415376
84.1,98,140.568091
282.2,55,140.653329
294.7,68,140.760056
312.2,66,140.870616
25.8,62,140.967667
292.2,71,141.080875
318.4,79,141.204877
-72.8,44,141.273831
326.2,67,141.388188
-26.3,62,141.496653
-115.2,34,141.551305
-44.5,59,141.644968
283.0,75,141.762321
25.6,56,141.851716
18.6,44,141.921855
-17.5,71,142.039918
295.2,54,142.126342
90.4,59,142.218709
34.5,78,142.34098
276.6,76,142.459133
-90.9,25,142.500722
295.5,82,144.797218
-50.5,66,144.900231
55.0,70,145.017455
40.4,59,145.117023
31.5,54,145.201698
292.3,86,145.338738
48.5,54,145.423578
-38.4,39,145.485426
297.2,45,145.569424
-38.7,37,145.639171
-26.5,34,145.693395
-76.9,32,145.746253
305.3,96,145.895023
-19.6,65,145.995775
306.2,60,146.093948
0.6,31,146.144491
34.6,47,146.226687
288.7,58,146.316519
357.2,79,146.43853
45.2,79,146.562315
331.2,78,146.684057
322.2,44,146.753727
-22.3,74,146.876911
-78.4,14,146.900154
297.2,60,146.993237
55.0,48,147.072786
47.0,55,147.160153
73.6,62,147.257146
31.2,66,147.361757
35.4,54,147.454487
268.1,62,147.551318
57.9,56,147.645058
-11.3,40,147.709883
300.7,48,147.786026
-53.2,57,147.873712
45.0,57,147.962965
302.9,80,150.250609
337.2,72,150.363642
277.2,70,150.480322
-20.5,59,150.57215
347.2,65,150.673422
-11.5,62,150.770727
284.0,74,150.885927
291.7,71,151.005035
-16.4,59,151.09938
297.2,66,151.202495
284.0,76,151.321752
43.5,49,151.40105
294.9,65,151.50318
-1.4,29,151.551018
4.6,56,151.645877
4.5,60,151.740757
55.4,57,151.83622
292.2,73,151.949496
-46.2,49,152.026436
41.7,63,152.129075
287.2,50,152.215373
-16.4,70,152.326279
304.2,64,152.425755
-100.3,59,152.517904
-8.0,41,152.583147
309.2,62,152.681215
109.8,76,152.814507
328.8,63,152.916064
266.0,91,153.05945
18.4,76,153.177552
314.8,85,153.397062
-11.9,39,153.503055
312.2,65,155.825767
332.2,56,155.915531
244.4,60,156.015711
-83.6,65,156.12099
-12.5,76,156.239357
35.4,41,156.305063
312.2,64,156.412929
27.1,67,156.517327
286.5,67,156.621988
61.2,57,156.711721
-13.7,79,156.834592
-61.5,48,156.911308
-38.2,18,156.942653
38.1,52,157.039836
-78.8,39,157.104425
44.1,59,157.198403
297.2,51,157.277594
-84.4,63,157.376522
285.2,53,157.458551
38.9,67,157.563233
55.8,57,157.661309
-113.9,61,157.756288
-87.7,50,157.834212
282.9,55,157.921865
16.4,66,158.036847
93.3,63,158.140055
-37.7,44,158.21758
-63.9,36,158.274803
297.2,56,158.362768
329.2,61,158.456561
-25.0,75,158.574722
-18.2,46,158.64836
284.4,69,158.756617
25.3,91,158.907693
302.2,64,159.007048
258.9,62,159.106251
22.2,49,161.316688
25.1,73,161.431322
11.4,68,161.53718
13.1,69,161.645108
88.8,71,161.758075
65.4,71,161.877325
46.1,62,161.97496
323.2,51,162.056757
-24.1,58,162.152223
11.4,50,162.240545
306.3,61,162.33627
25.4,50,162.422607
280.2,63,162.521591
72.4,95,162.671669
71.6,74,162.786603
-61.3,34,162.841234
56.8,56,162.929333
33.9,75,163.055818
-87.3,56,163.145934
297.2,67,163.250612
-23.1,48,163.326589
321.2,68,163.432682
-76.5,12,163.453786
15.5,57,163.543391
317.2,61,163.647572
-50.5,38,163.708713
45.4,48,163.784802
-33.5,46,163.855942
75.4,64,163.956969
307.2,66,164.061791
-73.1,66,164.166809
309.2,77,164.300113
31.2,71,164.410441
27.0,102,166.749147
-1.8,40,166.81229
273.5,69,166.919681
312.2,61,167.015743
28.0,49,167.097102
75.0,44,167.169596
322.2,46,167.248831
46.7,78,167.371461
-19.3,54,167.456638
293.3,62,167.552331
-19.8,46,167.625963
-38.7,46,167.697861
-69.8,38,167.757401
367.2,67,167.870153
-132.8,31,167.919262
304.2,55,168.005697
298.9,56,168.097455
-6.5,79,168.221743
-29.7,42,168.288015
261.5,58,168.393029
-50.6,43,168.460814
-37.6,61,168.556804
287.2,48,168.631038
9.0,67,168.736503
25.9,73,168.85036
-85.0,62,168.948335
-1.3,37,169.017395
276.8,77,169.143788
274.6,77,169.263412
-69.5,49,169.341435
-29.9,58,169.445949
296.0,62,169.545158
308.5,59,169.647144
309.0,67,169.753643
3.5,64,169.854534
35.7,85,169.991272
13.4,62,172.213803
-26.3,46,172.286422
-18.2,69,172.396151
-31.6,62,172.493156
11.9,61,172.605521
317.2,65,172.707501
-106.8,31,172.759796
290.2,61,172.856248
56.8,67,172.96073
-36.4,81,173.094332
-51.7,47,173.170716
296.8,55,173.265677
100.8,60,173.362838
-18.6,64,173.463367
-42.8,52,173.555317
287.2,73,173.675966
-75.2,83,173.815376
-16.4,35,173.87016
282.9,71,173.983768
349.2,74,174.102935
17.6,60,174.198724
98.2,56,174.288493
311.9,75,174.415918
333.2,59,174.50897
252.5,54,174.60197
287.2,66,174.71975
307.6,63,174.824273
45.0,67,174.93022
13.6,34,174.994901
-34.4,66,175.104006
29.7,47,175.17798
-52.7,26,175.218318
16.6,70,175.329455
337.2,81,175.456133
40.4,40,177.648225
276.9,69,177.771138
-71.3,28,177.81614
23.0,71,177.926272
75.9,46,178.008655
61.5,63,178.110502
290.7,65,178.211202
35.7,64,178.312523
80.5,73,178.428009
304.1,78,178.552915
-48.2,35,178.617846
-36.7,57,178.707595
327.2,74,178.839809
16.3,40,178.902669
30.9,46,178.977077
-53.6,54,179.063184
282.2,58,179.153971
-1.4,55,179.248295
-52.6,57,179.338619
-61.0,51,179.420108
42.3,64,179.521465
-22.2,42,179.589191
29.5,80,179.713467
305.7,56,179.807605
312.2,57,179.897387
292.2,58,179.990308
297.2,64,180.093977
-92.1,58,180.184972
52.9,67,180.291134
320.2,67,180.404098
4.4,42,180.47187
57.1,60,180.567153
38.6,69,180.674921
-11.4,37,180.733917
-66.6,41,180.80275
-40.2,54,180.890087
80.8,74,183.160877
300.2,56,183.24859
32.5,40,183.311627
284.0,63,183.418494
60.5,70,183.529255
259.8,70,183.639451
261.0,94,183.785653
-101.0,48,183.861471
59.1,65,183.963417
322.2,65,184.072781
-64.4,49,184.151848
-65.4,57,184.241419
-14.1,49,184.319501
13.6,55,184.406705
273.5,86,184.541144
297.2,46,184.620155
321.0,69,184.728589
321.3,75,184.846343
-19.3,71,184.960646
319.2,70,185.074701
-73.0,53,185.16368
339.2,54,185.257836
-38.9,47,185.332977
-59.3,50,185.41189
335.7,66,185.515296
0.3,48,185.591357
258.8,85,185.724082
37.2,59,185.824104
26.2,58,185.916488
-9.5,53,186.009251
-10.9,55,186.103119
317.2,81,186.228336
297.7,91,186.374542
96.5,86,188.643507
13.6,36,188.700029
-20.3,50,188.788836
59.5,67,188.897265
-28.2,23,188.935148
60.8,54,189.020165
15.6,80,189.158047
6.5,67,189.262164
-50.1,55,189.347811
106.7,73,189.472692
321.2,50,189.552313
68.4,58,189.644964
299.2,49,189.759917
63.6,65,189.940432
35.6,52,190.084949
40.8,58,190.215561
-75.4,43,190.284894
36.5,65,190.391153
302.2,42,190.457566
-20.5,41,190.527056
-7.4,54,190.619257
-31.3,60,190.713953
329.0,91,190.857078
76.5,74,190.971855
-44.3,62,191.068784
8.7,52,191.153349
307.2,60,191.267815
-51.2,52,191.349038
23.9,42,191.416873
-4.4,45,191.491889
273.1,68,191.617192
-52.1,43,191.691037
3.6,70,191.806441
-34.3,37,191.865253
5.3,83,191.994717
-30.6,57,194.59929
-11.4,38,194.669266
282.2,53,194.777211
-21.4,26,194.830919
4.6,60,194.926841
308.8,63,195.026082
293.6,94,195.18154
63.0,56,195.272491
36.1,47,195.348092
-34.3,58,195.462953
71.7,69,195.571928
61.1,95,195.722056
292.2,61,195.817578
39.9,55,195.905517
306.2,61,196.017526
5.0,41,196.10118
44.0,87,196.253016
307.2,72,196.380844
-21.1,45,196.451745
-59.3,78,196.588327
-57.5,44,196.658329
-69.1,50,196.75104
-5.4,25,196.791397
-22.6,34,196.848123
73.3,75,196.977507
-6.7,48,197.0632
335.2,61,197.167576
292.2,39,197.248909
292.2,71,197.36297
332.2,55,197.474177
-4.3,61,197.573779
31.3,54,197.673471
317.2,57,197.787702
-0.9,51,197.886187
-46.1,37,197.948772
-38.6,41,198.026032
35.4,63,198.148232
293.0,69,200.980081
103.2,80,201.18539
267.3,58,201.293684
287.2,54,201.387573
273.9,55,201.47656
64.4,51,201.561587
36.8,54,201.658972
-100.0,48,201.743017
-24.1,50,201.823948
45.4,62,201.922877
18.3,59,202.02004
-17.7,55,202.111012
26.0,52,202.230598
8.6,39,202.342004
44.5,74,202.533549
258.0,87,202.712894
314.2,55,202.819193
285.9,70,202.940573
55.3,45,203.012064
330.2,54,203.112364
281.6,64,203.215142
32.8,65,203.318002
-57.5,46,203.400899
301.4,64,203.503377
-9.2,42,203.576543
276.1,49,203.654629
-31.4,43,203.732177
45.4,57,203.824988
271.2,93,203.971788
296.7,56,204.059314
287.2,57,204.160718
292.2,46,204.234332
284.8,64,204.334896
56.8,75,204.451456
36.4,72,206.593954
253.3,45,206.665708
18.6,54,206.751316
68.4,63,206.863964
271.4,69,206.972248
72.3,91,207.126144
293.9,66,207.230089
42.0,61,207.325877
60.4,56,207.415043
314.6,65,207.518646
25.9,52,207.601345
330.7,64,207.703276
49.8,57,207.799696
13.6,30,207.873507
29.0,52,207.96254
56.8,63,208.065517
29.1,60,208.176584
-20.4,72,208.289382
275.1,73,208.415821
297.2,48,208.49724
36.2,41,208.56352
21.5,41,208.629677
-48.2,11,208.648655
266.1,61,208.743409
30.0,46,208.816267
32.7,89,208.962881
22.2,62,209.059396
0.4,61,209.158993
24.0,44,209.229622
-5.3,56,209.318262
-114.7,41,209.382527
65.7,81,209.518856
42.5,49,209.611034
296.0,75,209.745927
38.9,40,209.813352
309.6,81,209.969114
285.7,61,212.354687
-17.0,58,212.454279
61.2,60,212.569154
53.3,66,212.698412
7.6,84,212.842173
58.3,69,212.982615
272.2,47,213.063732
322.2,68,213.207066
316.2,58,213.299092
45.2,80,213.444261
3.3,47,213.529862
55.4,55,213.63764
352.3,68,213.745076
277.2,42,213.82269
-54.5,40,213.892827
-29.1,54,213.978619
325.7,84,214.134468
34.3,86,214.293258
317.2,61,214.394596
318.2,55,214.495122
327.2,59,214.59036
85.4,64,214.710773
262.3,63,214.811129
-93.2,41,214.891797
62.5,67,214.999201
-87.2,38,215.074938
60.9,58,215.181159
-1.7,64,215.309732
303.3,51,215.400823
41.7,68,215.508759
13.8,38,215.569585
-23.8,43,215.637071
2.3,58,215.7282
307.2,61,215.824261
55.4,46,215.897955
32.2,73,218.253208
-11.4,28,218.299022
56.2,72,218.411387
281.5,63,218.510266
-8.6,63,218.642029
-96.9,79,218.783213
297.2,56,218.888175
-34.5,68,219.008121
-74.6,51,219.110614
-5.6,48,219.195982
47.7,71,219.334285
-65.4,52,219.426985
-84.4,55,219.536461
65.2,65,219.642693
63.9,70,219.770939
312.2,72,219.900158
-5.7,61,220.003415
-21.4,43,220.084636
-0.6,52,220.185966
288.9,69,220.312773
292.2,56,220.425235
-62.8,81,220.566359
71.4,70,220.677412
-11.9,59,220.784804
307.6,70,220.89745
8.2,45,220.969028
283.9,73,221.08426
276.7,61,221.182174
-76.8,38,221.244114
287.5,52,221.333086
262.3,61,221.42838
316.0,64,221.528601
43.2,84,221.665349
-69.8,55,224.333084
330.6,68,224.486149
-0.8,64,224.63865
-45.8,52,224.744981
59.2,76,224.909439
337.2,51,225.000922
-17.5,55,225.115958
302.2,61,225.259768
-52.5,47,225.356501
-24.9,44,225.455728
-64.6,49,225.53835
39.7,57,225.634228
26.5,82,225.788949
317.2,59,225.881095
252.3,77,226.001379
305.2,65,226.191065
-10.5,37,226.397852
315.2,69,226.713862
-99.9,47,226.817624
316.0,58,226.909922
59.5,70,227.024775
329.0,52,227.117362
-36.6,44,227.197626
90.8,69,227.308247
-1.2,83,227.454227
-114.1,69,227.582225
-1.9,47,227.671185
19.6,56,227.761671
269.5,71,227.898037
307.2,71,228.090611
82.2,69,228.218854
301.0,48,228.293672
302.2,66,228.435634
27.3,87,228.593333
-58.2,27,231.402923
-1.4,43,231.472469
62.0,84,231.614013
59.1,69,231.793838
26.1,72,231.929569
305.2,64,232.034857
26.3,57,232.13632
285.5,62,232.260073
45.5,67,232.391798
52.1,72,232.506775
298.9,67,232.617807
12.8,62,232.729122
42.4,83,232.862234
288.8,72,232.987977
277.2,65,233.12888
277.1,66,233.244344
21.9,42,233.316453
300.2,61,233.419646
-127.1,19,233.453128
-28.8,26,233.496035
56.8,53,233.580745
-48.2,19,233.612577
317.2,84,233.746704
-54.0,76,233.868772
63.0,65,233.975348
272.9,63,234.083156
-19.5,49,234.172574
27.3,61,234.279931
299.2,59,234.444037
292.3,60,234.642777
43.2,52,234.846608
351.0,59,235.096777
-10.3,54,235.222707
287.2,49,235.307069
65.5,65,235.413946
5.8,55,237.725163
69.1,67,237.831789
303.6,64,237.933256
-80.5,42,238.010222
87.7,60,238.108924
-73.9,30,238.157449
303.1,78,238.277072
-10.7,44,238.347625
-50.4,62,238.449016
48.1,84,238.590129
27.6,76,238.709267
312.2,66,238.812299
268.9,74,238.928935
-47.6,83,239.068011
312.2,58,239.167654
-47.7,26,239.209235
279.2,87,239.34411
-22.6,37,239.402893
282.2,58,239.539215
31.8,84,239.773185
295.0,64,239.925803
63.3,74,240.051818
-66.1,42,240.122834
42.1,58,240.221777
42.5,68,240.329281
-7.7,62,240.426707
-118.2,68,240.542177
10.7,56,240.631174
14.8,57,240.720397
61.6,63,240.819865
52.8,44,240.890608
-73.8,38,240.961796
43.8,45,241.034884
381.0,70,241.148425
59.6,76,245.151552
-0.2,49,245.234488
42.5,46,245.3106
300.2,58,245.409074
322.2,57,245.515367
-48.3,55,245.605183
82.8,51,245.689033
60.8,61,245.788768
27.9,55,245.879021
291.3,53,245.965762
291.7,81,246.097684
-127.4,72,246.213977
-35.1,30,246.264182
85.3,70,246.377175
25.4,61,246.474888
250.3,71,246.589622
301.8,84,246.724552
3.6,64,246.827224
-126.4,25,246.870149
-2.4,63,246.971308
-18.4,62,247.070769
21.8,73,247.190444
23.6,65,247.292996
61.0,48,247.370107
-0.6,51,247.451399
302.2,59,247.549991
295.2,55,247.641313
-71.0,31,247.692173
-18.5,67,247.798819
-74.6,40,247.862247
308.6,79,247.986054
276.3,49,248.064085
-73.8,37,248.126567
57.9,67,248.233582
282.3,67,248.338492
304.8,64,250.597562
-19.0,42,250.666811
-47.3,54,250.754244
39.4,61,250.852496
-63.8,54,250.940754
44.4,38,251.004124
302.2,59,251.098126
-21.6,30,251.150788
-47.7,38,251.212072
270.6,70,251.323862
-41.4,43,251.393925
-7.8,85,251.530334
302.2,48,251.60693
34.6,60,251.710666
43.6,67,251.827965
-23.9,51,251.91146
27.5,60,252.007567
-36.1,54,252.094101
-176.9,49,252.175435
-19.9,50,252.255909
73.8,74,252.37369
-77.8,68,252.482577
333.2,74,252.601907
-20.3,55,252.702229
-11.9,60,252.80042
-18.8,74,252.918505
20.9,61,253.016875
287.3,49,253.095095
-19.2,45,253.172443
72.1,72,253.286598
297.2,52,253.370488
343.1,68,253.478987
33.4,58,253.572966
307.4,106,253.752383
54.2,73,253.871094
-37.3,46,256.077812
29.6,69,256.19422
347.3,88,256.333612
-57.0,63,256.435
-54.4,43,256.503869
-32.2,51,256.585709
295.4,64,256.686668
6.5,36,256.744811
21.3,30,256.793622
347.2,55,256.893536
13.2,56,256.98379
242.8,68,257.091871
289.2,63,257.194557
43.9,49,257.273889
34.0,38,257.33549
-46.0,44,257.407092
-56.9,25,257.446962
23.3,44,257.516345
24.2,85,257.650331
292.2,54,257.73522
292.1,72,257.853531
29.1,76,257.988966
53.5,51,258.069233
75.4,38,258.132578
280.5,68,258.241562
287.2,56,258.328501
44.0,66,258.433963
337.2,68,258.541192
247.0,65,258.644925
74.4,85,258.781167
-39.3,67,258.885932
41.0,44,258.962144
-10.4,71,259.07578
-33.3,52,259.163524
43.8,67,259.270547
362.3,101,261.550842
292.3,61,261.648037
-61.2,49,261.725386
92.6,63,261.827936
-58.2,10,261.845908
88.6,55,261.934154
66.9,80,262.075318
327.2,60,262.173259
-1.4,65,262.276048
59.4,63,262.376011
297.2,66,262.480309
327.2,55,262.566242
-18.9,62,262.664403
-52.1,63,262.76353
262.3,73,262.879649
287.2,50,262.959687
-12.3,59,263.053066
272.1,72,263.169347
-41.0,33,263.223868
273.9,57,263.316058
-15.4,53,263.399052
277.0,64,263.500337
278.6,69,263.609896
268.2,61,263.706318
-23.7,81,263.835493
-64.5,38,263.895813
307.2,63,263.994924
297.2,77,264.122366
-34.4,53,264.207662
292.2,56,264.294767
-11.4,52,264.377199
-56.2,65,264.477971
30.0,49,264.555209
45.5,46,264.62817
71.5,70,266.863563
285.4,58,266.956752
67.8,62,267.054298
294.5,63,267.157648
14.8,61,267.256043
43.5,57,267.346881
64.1,62,267.445776
299.0,77,267.566886
-7.3,48,267.643862
292.2,50,267.721466
-28.3,66,267.826683
288.3,65,267.928709
22.5,71,268.039863
-108.1,34,268.095156
284.1,65,268.201095
36.8,51,268.288212
-15.7,32,268.341658
75.0,73,268.45696
40.6,67,268.56428
19.3,56,268.654812
-9.2,41,268.720414
99.9,62,268.818766
45.9,57,268.907762
322.2,48,268.983396
64.1,59,269.077202
-11.4,55,269.169325
282.2,56,269.264516
50.2,70,269.378535
238.1,64,269.478546
297.2,54,269.563269
296.4,58,269.655915
283.2,54,269.741017
243.2,87,269.877134
73.8,57,269.966296
304.2,89,270.107268
66.7,78,272.355931
289.5,65,272.46216
264.7,63,272.560051
308.0,93,272.709578
57.1,57,272.80295
-23.1,63,272.903027
6.7,44,272.973897
318.8,62,273.072099
-51.8,60,273.170656
49.9,84,273.306092
18.6,60,273.410139
67.7,58,273.501588
322.2,55,273.588751
27.4,40,273.653013
340.2,84,273.783386
293.7,66,273.885621
329.6,93,274.032548
277.6,88,274.17323
-43.2,49,274.251359
287.2,64,274.350923
65.4,43,274.421603
310.5,74,274.548212
302.2,58,274.638444
270.1,86,274.772837
255.8,76,274.890706
13.7,78,275.013031
292.2,47,275.087317
281.0,78,275.212063
352.2,78,275.333659
70.2,61,275.430529
297.2,45,275.500704
287.2,78,277.773983
43.9,63,277.873836
55.8,61,277.968264
-8.9,40,278.033671
296.2,94,278.184889
297.3,84,278.31626
289.2,69,278.424559
302.2,63,278.522708
-19.0,44,278.607074
25.9,71,278.723313
312.5,58,278.819446
53.9,47,278.895015
25.6,60,278.989071
-56.1,58,279.081326
-6.4,40,279.148964
49.2,53,279.233299
-74.2,54,279.318438
65.7,52,279.401811
21.2,42,279.469522
268.8,75,279.587177
-67.6,23,279.625327
-32.2,39,279.686231
-61.7,35,279.740917
289.0,45,279.813018
13.6,60,279.907324
-58.2,46,279.979043
-42.6,58,280.071389
295.7,59,280.168009
-23.5,58,280.266722
-5.3,53,280.350981
71.8,66,280.454864
33.7,59,280.548318
332.2,64,280.656281
-0.9,47,280.731321
3.6,74,280.902236
-1.4,50,281.124024
-79.4,51,283.382643
56.4,60,283.477084
302.2,76,283.594329
294.8,48,283.671069
316.8,73,283.785884
29.4,54,283.871788
59.0,58,283.964509
9.0,42,284.03213
8.6,59,284.124263
22.5,75,284.242638
59.9,55,284.330259
-40.1,61,284.42582
28.8,64,284.526889
-47.1,47,284.601597
6.9,56,284.690305
-52.0,71,284.808392
32.7,54,284.894897
-20.5,47,284.969409
60.4,43,285.038349
301.1,61,285.135396
331.0,73,285.249818
314.1,84,285.382533
16.1,58,285.472042
277.2,62,285.569578
-126.6,48,285.644876
29.6,73,285.759747
329.7,69,285.879693
-56.9,35,285.935949
307.2,67,286.039838
282.4,77,286.160913
278.2,69,286.268539
340.7,58,286.359975
296.3,73,286.473556
341.4,66,288.746427
-131.2,31,288.796321
57.0,85,288.935048
-47.3,52,289.022046
18.6,36,289.081503
316.2,60,289.179508
-10.6,42,289.245865
54.9,78,289.368738
-69.2,42,289.435184
-33.5,52,289.517938
-29.7,62,289.614335
-13.2,47,289.689795
28.5,63,289.789464
-100.0,64,289.888592
312.2,64,289.999812
278.8,49,290.076811
54.2,56,290.168312
53.2,62,290.267056
30.0,55,290.354063
50.4,55,290.442075
282.7,59,290.536092
-17.2,60,290.631575
317.2,56,290.719334
-98.3,66,290.823997
347.2,54,290.910424
-59.3,48,290.986726
-58.5,50,291.079047
287.3,50,291.160679
75.2,77,291.28205
58.2,59,291.375665
-60.5,32,291.428018
81.3,70,291.540439
-16.3,37,291.59912
317.5,77,291.720439
-61.5,45,291.791363
8.8,51,291.873288
54.1,77,291.993543
-119.3,36,294.153556
-31.2,56,294.242031
80.8,89,294.381123
6.5,43,294.449029
307.2,65,294.551915
-72.3,31,294.601427
278.4,68,294.707731
92.3,71,294.818845
71.1,81,294.946665
259.3,67,295.051229
264.2,60,295.152264
-61.4,32,295.214742
334.2,61,295.311513
-46.8,70,295.419694
-32.5,33,295.473139
-108.1,9,295.488921
4.0,21,295.522878
332.2,57,295.612372
2.4,64,295.714944
302.2,47,295.789809
76.3,90,295.932257
287.7,75,296.048716
-51.3,40,296.112919
13.3,65,296.216754
-8.5,52,296.298742
272.6,69,296.406079
298.2,51,296.48624
302.7,70,296.595238
313.2,88,296.73476
292.2,62,296.829831
36.7,53,296.914104
267.7,62,297.01105
-37.9,55,297.097765
-35.3,59,297.19421
296.3,63,297.300243
356.2,63,299.525595
39.3,55,299.612146
33.7,57,299.700618
-22.0,55,299.788089
278.8,82,299.91709
317.2,77,300.036468
-6.4,20,300.069724
10.6,69,300.182523
63.5,61,300.280942
11.6,37,300.34106
18.6,38,300.400789
292.2,52,300.482722
1.6,43,300.551589
-17.1,53,300.636326
-44.0,45,300.70712
325.1,78,300.828293
298.6,76,300.945868
278.9,65,301.047867
42.8,53,301.131947
305.0,58,301.225214
17.0,62,301.323211
267.9,57,301.417976
-37.4,64,301.51813
297.2,48,301.594059
-10.3,64,301.695335
282.2,55,301.782034
9.2,44,301.852449
-57.3,61,301.949255
12.3,74,302.06452
-57.8,67,302.171152
325.7,102,302.328943
61.8,49,302.410765
299.3,81,302.540205
-16.3,48,302.614708
261.4,100,304.899615
-56.0,57,304.99114
13.6,43,305.058985
32.1,72,305.178939
259.3,74,305.295009
-63.6,56,305.384818
281.0,62,305.482763
26.2,45,305.560998
-13.4,61,305.656657
50.4,54,305.741951
68.3,55,305.829811
252.6,63,305.929281
315.7,52,306.012355
22.4,58,306.105926
297.2,59,306.20082
70.4,67,306.30669
-24.3,59,306.399405
13.6,30,306.448549
67.4,60,306.548502
305.7,58,306.644331
-35.1,52,306.726615
297.2,72,306.838545
326.6,91,306.982037
-32.6,83,307.112126
306.2,65,307.215405
-12.5,36,307.273255
55.4,94,307.418372
282.3,51,307.497685
-28.3,67,307.611154
284.9,76,307.733419
5.5,62,307.831471
-14.2,68,307.937886
1.9,56,308.026348
253.2,64,308.127246
8.0,66,310.362024
-84.4,43,310.429141
325.2,52,310.512189
274.0,80,310.636088
67.6,75,310.767413
-6.4,58,310.85751
95.3,67,310.96292
-39.2,57,311.051337
70.7,59,311.143908
-10.6,41,311.21052
297.2,54,311.295216
40.2,45,311.366161
13.3,71,311.477037
-110.2,24,311.515498
-100.0,41,311.577909
288.5,80,311.70326
59.5,62,311.812284
23.7,62,311.911676
59.6,61,312.007055
-60.6,43,312.075605
-6.5,52,312.160623
347.7,81,312.286217
307.2,71,312.397304
-37.8,44,312.468292
279.7,95,312.615894
42.0,32,312.667949
-138.2,44,312.736315
-12.5,74,312.85243
-12.9,73,312.966183
288.5,55,313.053258
333.9,60,313.149378
-52.0,60,313.244588
307.5,71,313.356469
302.2,55,313.442777
15.6,35,313.498408
60.4,53,315.723084
307.2,54,315.808063
259.0,66,315.926839
294.0,64,316.029581
-48.2,29,316.077223
48.7,64,316.181247
9.6,72,316.294664
81.7,44,316.366406
287.2,49,316.444965
311.2,72,316.556875
-27.0,63,316.657582
272.2,51,316.739229
-0.8,70,316.849418
312.2,68,316.956365
307.2,70,317.067507
76.5,62,317.170734
-102.3,33,317.224768
12.4,53,317.309777
281.7,46,317.397673
55.4,39,317.515039
-10.1,71,317.715036
-7.3,76,317.876199
26.3,56,317.970269
-56.9,48,318.04664
89.4,61,318.143761
14.1,51,318.229102
95.7,76,318.348534
-19.9,51,318.429562
272.6,51,318.509955
282.6,81,318.636592
-81.9,39,318.698887
-35.5,64,318.799918
44.7,68,318.906371
322.1,56,319.007439
-29.3,57,319.098057
255.9,61,321.324096
290.7,57,321.413359
-21.7,39,321.475303
35.4,85,321.607408
287.2,53,321.690072
-79.7,40,321.754233
8.6,41,321.819959
308.6,69,321.92777
282.9,67,322.032737
282.6,55,322.12598
-11.1,45,322.200934
-59.1,32,322.251678
-82.5,59,322.343636
8.6,36,322.401668
25.8,50,322.481914
-140.3,76,322.598512
-115.7,25,322.64039
68.6,72,322.75233
295.0,63,322.851167
297.2,66,322.954391
297.2,57,323.043618
-73.7,74,323.168844
4.3,52,323.251117
280.1,58,323.344278
327.2,71,323.454752
307.2,60,323.550422
-0.4,27,323.595011
5.6,53,323.678118
344.3,67,323.784228
-171.1,63,323.884748
58.8,57,323.975228
20.3,50,324.054718
35.3,50,324.138353
-37.6,68,324.261813
-36.2,46,324.334833
95.4,38,324.396051
-58.2,16,324.422638
-83.7,63,324.520572
-75.8,55,326.7005
-9.5,50,326.780222
-43.6,50,326.859318
4.0,62,326.957186
-66.5,44,327.026609
-22.8,68,327.13234
342.2,47,327.20729
-57.4,75,327.338452
55.7,57,327.427798
75.4,41,327.49475
-6.6,68,327.601686
-9.3,65,327.703507
297.2,59,327.796162
9.0,46,327.868928
286.2,55,327.953744
281.0,53,328.036852
263.3,67,328.141394
78.1,79,328.268388
301.3,84,328.412816
-47.3,79,328.53699
-156.1,57,328.627552
57.4,59,328.722337
-23.2,33,328.775449
-15.7,72,328.890036
7.6,58,328.981843
286.2,62,329.079283
312.2,57,329.172354
-10.0,78,329.29538
-7.9,41,329.36221
-53.2,34,329.414928
273.9,50,329.49498
-94.3,65,329.598556
68.0,74,329.715356
-115.3,51,329.796905
39.0,71,329.908745
-7.2,63,332.226928
69.6,63,332.329428
32.3,62,332.431278
-119.7,20,332.473459
47.5,48,332.554396
1.8,50,332.637377
35.6,58,332.733463
343.7,63,332.835723
-60.1,53,332.922727
46.3,44,332.996184
40.4,60,333.092159
317.2,50,333.174918
24.7,67,333.286199
273.3,75,333.406745
9.7,67,333.513571
70.6,56,333.602213
285.5,56,333.692649
-34.0,54,333.778947
3.6,63,333.878131
-11.4,48,333.957649
-59.0,63,334.058141
3.0,66,334.167014
46.3,42,334.237602
278.9,48,334.314233
-63.9,16,334.340988
34.6,59,334.434654
316.2,80,334.569068
-48.2,25,334.609958
282.9,78,334.731239
-112.9,26,334.774917
40.2,71,334.885268
-2.6,44,334.956537
307.2,48,335.031574
13.1,81,335.165508
-44.8,31,335.214704
293.7,60,335.311095
20.5,70,335.422007
309.4,83,337.707418
299.7,84,337.839643
290.2,78,337.961191
279.6,71,338.073244
316.2,71,338.187733
-101.5,32,338.238418
-5.9,44,338.306877
-48.8,50,338.386411
-34.3,49,338.463558
263.3,65,338.565503
59.4,57,338.655736
75.8,58,338.752589
332.2,73,338.865744
-53.3,42,338.933463
290.5,60,339.026953
85.8,70,339.134998
55.1,80,339.263275
56.7,60,339.356805
70.1,66,339.459953
-32.0,80,339.584319
329.2,47,339.658168
308.0,65,339.76855
-2.7,40,339.831265
-29.0,44,339.901936
76.4,70,340.00989
-55.6,56,340.097953
-99.6,36,340.159915
-86.0,49,340.239878
-113.0,73,340.353766
253.3,64,340.454015
6.5,61,340.549952
270.3,58,340.641182
0.6,39,340.703728
-53.2,54,340.79864
-14.4,75,343.024733
-5.6,64,343.126009
-56.4,68,343.234521
286.8,90,343.377302
322.2,48,343.451927
312.2,68,343.559135
55.5,58,343.649735
302.2,65,343.752919
15.0,65,343.865216
45.5,93,344.014104
309.8,63,344.110846
337.2,64,344.215188
313.9,79,344.33988
-119.2,33,344.395133
292.8,77,344.515956
62.1,63,344.615579
272.8,69,344.723742
-26.5,50,344.803533
313.6,82,344.951946
13.8,86,345.086067
-16.1,56,345.179598
-33.4,69,345.291471
-38.2,46,345.366604
51.5,58,345.458765
-47.7,62,345.554759
-100.1,63,345.654527
58.1,71,345.76707
-117.8,19,345.799639
8.8,58,345.891414
-37.6,38,345.952837
282.2,55,346.039785
49.7,38,346.099908
302.2,58,346.195953
40.9,47,348.414779
9.5,42,348.480874
293.7,62,348.579
-70.3,47,348.654356
287.2,44,348.72371
278.0,69,348.830935
292.8,69,348.939215
-76.5,70,349.059449
291.2,68,349.174504
6.7,67,349.280646
49.6,63,349.38072
253.8,86,349.517032
-38.1,77,349.636932
-22.4,75,349.756192
-115.1,55,349.84374
36.5,76,349.965014
41.8,69,350.074444
289.3,65,350.181839
332.2,69,350.291317
269.0,95,350.442113
11.8,72,350.5549
317.2,52,350.636495
-11.3,44,350.708594
-4.7,37,350.768874
306.1,68,350.878499
-60.5,42,350.94674
272.2,46,351.019398
248.7,83,351.158216
299.2,64,351.257098
342.2,58,351.413209
10.0,45,351.603335
15.2,61,351.730459
-2.8,43,351.7998
-75.6,86,354.09878
-5.2,51,354.18261
-18.6,58,354.272707
296.0,59,354.364617
36.1,53,354.448455
19.8,63,354.548058
73.9,68,354.656192
-33.0,68,354.76315
64.2,52,354.845195
36.4,61,354.941554
-30.5,65,355.04537
34.7,74,355.165363
337.2,67,355.278836
287.3,82,355.408684
283.9,58,355.499973
-60.0,33,355.554719
27.7,84,355.685047
78.7,62,355.780884
297.6,70,355.891495
50.4,59,355.984585
292.4,79,356.107767
-95.7,69,356.21823
18.1,62,356.330177
286.2,75,356.446957
-111.3,29,356.495011
-53.7,32,356.546791
319.1,60,356.641361
59.5,58,356.731677
295.7,59,356.824637
302.7,65,356.926513
30.2,56,357.014792
57.2,54,357.098995
-34.1,62,357.199299
-11.4,30,357.248079
-38.1,56,359.479822
300.5,82,359.607496
30.4,44,359.677263
276.5,60,359.771583
286.2,55,359.856979
335.3,63,359.956675
326.2,49,360.033759
78.4,48,360.111017
27.2,64,360.214949
129.2,73,360.331279
281.6,55,360.420943
-100.0,35,360.480714
258.6,59,360.573586
-31.2,39,360.637341
-8.4,80,360.765572
-31.1,60,360.858862
28.8,54,360.943871
75.6,61,361.039887
-35.4,66,361.14358
53.0,76,361.265691
35.2,77,361.385545
-0.4,64,361.494966
306.2,72,361.610321
-67.9,28,361.655658
-53.2,61,361.750251
49.3,94,361.898317
25.2,77,362.018097
56.5,72,362.130579
-38.6,74,362.24847
337.2,82,362.376857
94.0,73,362.489718
297.2,65,362.590738
318.0,61,362.687031
-17.3,49,364.933337
324.5,69,365.041289
262.3,61,365.138104
-29.2,55,365.227059
8.6,38,365.28967
-6.4,59,365.382426
-31.0,34,365.435646
277.9,60,365.530827
-3.2,79,365.666698
50.8,52,365.747877
305.5,60,365.842955
287.2,62,365.940212
-47.4,62,366.036318
41.4,59,366.129555
283.4,64,366.232594
-72.9,64,366.333412
-52.6,39,366.39568
282.2,57,366.485925
-41.9,47,366.559775
-29.0,74,366.675852
337.2,69,366.781727
294.2,42,366.848039
315.7,79,366.970465
50.4,62,367.066302
316.8,88,367.206005
262.3,62,367.301557
29.3,61,367.397511
297.2,52,367.478832
306.0,68,367.585587
73.0,74,367.708683
290.3,70,367.818871
-22.7,54,367.904528
-16.0,53,367.988013
8.8,49,368.065444
260.3,55,370.318338
294.2,76,370.438003
274.2,60,370.531627
-52.6,45,370.603588
39.4,48,370.680346
313.0,52,370.761065
-5.1,52,370.844253
24.3,63,370.944128
-59.9,48,371.021154
303.7,49,371.097358
316.0,63,371.198949
278.4,58,371.290851
-33.4,53,371.37557
-28.2,55,371.462465
40.4,58,371.556372
273.5,64,371.658945
91.8,79,371.78374
322.3,63,371.895869
-119.4,36,371.954918
-55.7,65,372.058261
-41.7,57,372.146667
297.4,80,372.275309
-23.9,56,372.362977
322.2,44,372.433786
28.9,64,372.535306
32.9,61,372.630851
297.9,69,372.747544
306.2,50,372.839394
-49.5,53,372.9433
331.4,90,373.085394
355.3,79,373.213148
-29.8,54,373.296698
75.4,78,373.418591
37.6,59,373.511148
56.5,62,375.710793
327.2,50,375.789965
-52.4,29,375.8371
-5.9,60,375.93116
-24.2,26,375.976151
35.4,69,376.088942
53.0,66,376.197876
282.2,73,376.311331
-3.8,66,376.415536
53.8,56,376.504426
61.7,67,376.610173
272.0,66,376.716444
46.2,64,376.817371
-35.6,57,376.908257
51.7,59,377.008117
323.2,83,377.146025
319.5,65,377.250807
312.2,80,377.376525
-35.7,44,377.446978
3.2,36,377.50401
51.2,78,377.626078
-25.6,57,377.716019
305.1,70,377.826185
313.2,51,377.907675
-16.5,46,377.980591
282.2,64,378.096584
45.8,65,378.203547
-25.7,54,378.28884
328.3,65,378.392082
40.4,42,378.459985
295.5,70,378.570523
287.2,59,378.662194
285.2,77,378.782246
57.2,55,378.870499
-77.4,57,378.960713
47.2,60,381.163169
61.2,56,381.257529
-74.3,40,381.321151
-41.5,43,381.390118
-43.2,48,381.463277
45.4,59,381.55587
293.8,64,381.655523
347.2,72,381.76692
294.8,72,381.880879
279.8,62,381.978587
-6.1,27,382.024277
12.7,47,382.097805
276.9,73,382.223472
-12.7,40,382.290647
-1.4,30,382.338261
345.2,52,382.420272
263.9,53,382.502817
-21.6,51,382.58334
-41.5,80,382.707512
62.5,50,382.786338
317.7,50,382.865261
47.4,70,382.974028
277.2,61,383.070139
-49.0,55,383.156878
335.2,65,383.261601
297.2,67,383.36543
357.2,70,383.475241
289.5,68,383.582371
-41.9,51,383.663929
289.9,62,383.760704
-43.9,66,383.864709
276.0,40,383.926811
-20.7,40,383.988888
-36.6,57,384.078018
-68.1,48,384.153906
-144.2,57,384.247977
38.6,39,384.314994
72.2,80,386.861244
28.1,71,386.972549
-15.6,54,387.056782
297.2,56,387.144274
-15.3,32,387.199115
319.2,46,387.270115
-40.6,59,387.362811
280.7,51,387.44261
352.2,57,387.532202
48.6,41,387.597597
13.6,52,387.679695
-44.9,41,387.743303
285.1,73,387.857507
27.1,82,387.983137
317.3,68,388.089803
299.9,71,388.203693
50.9,51,388.285227
5.0,62,388.383173
1.7,60,388.482932
45.0,72,388.597446
91.7,59,388.69064
7.3,80,388.814862
218.0,86,388.949623
295.8,69,389.056796
59.8,71,389.171371
289.3,59,389.264751
30.6,64,389.365968
-70.3,33,389.420091
-96.4,44,389.500288
15.2,58,389.607311
-44.5,27,389.652905
327.2,63,389.757698
33.6,69,389.877205
-56.5,58,389.97157
2.9,50,392.129756
18.9,53,392.218
2.1,47,392.29215
109.5,75,392.41122
-40.3,41,392.476109
-53.9,50,392.556214
357.2,75,392.678091
29.8,70,392.788982
22.8,48,392.865688
312.2,64,392.966943
-46.0,52,393.048606
291.2,46,393.121109
15.3,45,393.195123
3.6,33,393.247951
287.2,57,393.338223
9.2,33,393.390965
-2.8,76,393.510144
307.2,56,393.604148
311.9,84,393.739094
23.6,81,393.865327
275.9,63,393.963778
-107.3,50,394.043742
43.3,78,394.169251
337.2,55,394.259783
268.9,61,394.356403
17.0,80,394.48366
2.8,48,394.560127
90.5,69,394.697363
12.3,65,394.804176
27.1,76,394.938212
1.9,39,395.000191
345.7,81,395.127337
-77.1,36,395.189407
277.2,59,395.295729
-145.5,22,395.331014
-69.9,31,395.380692
20.2,74,397.56878
51.7,71,397.686769
75.4,60,397.788946
46.3,48,397.865028
44.4,53,397.948884
-31.5,33,398.002247
298.9,62,398.099178
32.5,58,398.193342
-19.0,70,398.303603
32.3,65,398.404777
277.8,96,398.553338
26.7,50,398.631325
288.6,49,398.709427
-35.9,50,398.797024
38.1,72,398.938392
36.0,60,399.048384
310.2,64,399.185184
312.2,58,399.388619
262.8,56,399.484098
297.2,69,399.665938
40.3,74,399.874349
50.6,61,400.052885
302.2,78,400.179267
-100.0,43,400.252025
64.6,67,400.36989
-47.3,41,400.433883
-63.8,65,400.539555
-50.2,39,400.606646
-29.2,41,400.675992
-119.3,47,400.750807
3.9,62,400.864324
289.2,64,400.980473
-37.4,43,401.057382
338.8,100,401.2289
105.5,57,403.418704
70.4,53,403.502527
24.9,100,403.659118
6.7,72,403.771913
8.0,64,403.873233
311.1,67,403.977462
35.4,68,404.083567
302.2,76,404.204767
50.4,34,404.260519
322.2,67,404.365617
-32.6,54,404.44982
63.7,70,404.560005
62.4,45,404.631663
2.4,38,404.692869
17.9,59,404.799756
105.4,69,404.912217
58.0,76,405.042038
79.5,48,405.135987
284.2,56,405.225847
298.2,71,405.338418
335.5,71,405.464107
-52.6,60,405.5578
299.1,76,405.676298
70.2,70,405.786458
16.9,63,405.885598
-14.6,36,405.943204
-24.0,30,405.990592
3.1,60,406.096333
302.2,41,406.161095
302.2,46,406.23609
-29.2,43,406.302806
52.7,59,406.394408
243.3,74,406.509403
321.2,64,406.609473
-16.2,55,408.757378
364.9,85,408.896172
-45.9,30,408.944465
-16.8,57,409.033639
298.2,56,409.123279
-26.3,37,409.192203
306.2,65,409.294846
284.5,62,409.392187
-29.6,49,409.471057
6.2,40,409.536308
292.2,65,409.638803
15.8,53,409.722529
-14.6,44,409.7932
312.2,79,409.932242
276.2,68,410.043176
-73.6,62,410.155805
-42.1,50,410.250212
-92.9,47,410.325309
283.1,72,410.447227
62.1,50,410.526175
292.3,49,410.603521
316.6,94,410.751469
97.4,53,410.835983
312.2,57,410.926031
323.7,60,411.019567
297.2,68,411.12709
14.5,53,411.215957
270.6,69,411.335249
235.9,76,411.455195
291.0,75,411.571369
26.4,53,411.65523
-32.4,48,411.73038
43.8,53,411.813133
-42.7,50,411.892151
292.6,63,411.990671
30.7,50,412.069737
283.6,72,414.233247
3.4,57,414.334472
36.2,72,414.448853
-46.2,41,414.515867
95.9,59,414.610654
-25.8,41,414.6765
63.8,69,414.78594
275.5,72,414.91626
279.5,60,415.015568
18.7,53,415.100749
287.2,74,415.236825
266.4,80,415.365283
-49.5,53,415.461413
-69.9,47,415.540282
-27.8,36,415.59834
315.7,67,415.705125
302.2,70,415.812338
-73.8,41,415.878225
-2.2,82,416.007794
-36.4,51,416.08757
278.6,76,416.208421
282.2,49,416.287214
34.4,58,416.378262
-88.7,54,416.464288
-0.6,75,416.581654
-61.6,70,416.692498
37.0,57,416.784456
26.3,61,416.880817
326.0,71,416.990752
296.1,77,417.112596
61.5,87,417.253248
282.2,50,417.331742
-43.6,62,417.435924
88.7,67,419.592253
-4.4,63,419.692491
312.2,54,419.77529
27.9,63,419.874094
77.9,73,420.004108
75.5,64,420.115857
88.4,65,420.238886
7.8,47,420.31511
-119.4,70,420.426458
263.5,62,420.536035
38.4,59,420.631705
-47.8,60,420.731364
24.6,83,420.864257
50.1,45,420.935751
-0.4,66,421.039781
313.9,65,421.140659
296.1,76,421.263728
-0.4,70,421.374657
3.6,26,421.417813
45.4,47,421.491519
286.2,54,421.583378
102.9,83,421.714345
307.2,50,421.792417
307.2,55,421.880293
1.0,55,421.967934
107.2,79,422.092879
298.7,69,422.205305
15.4,49,422.284641
311.2,58,422.376699
292.2,61,422.525359
-126.8,44,422.687394
-63.9,45,422.814656
-45.3,54,422.924128
16.4,65,423.027332
319.1,73,425.245919
325.7,60,425.355054
5.9,44,425.424322
323.5,72,425.538526
-33.3,41,425.613717
63.8,94,425.767634
57.5,80,425.893282
24.4,90,426.03476
65.8,66,426.137668
8.6,36,426.198865
280.6,85,426.331698
314.2,67,426.435322
307.2,54,426.52041
282.2,60,426.615135
-20.3,49,426.694011
11.5,52,426.788624
-28.2,54,426.878022
302.2,68,426.98472
292.3,53,427.068404
-10.6,44,427.137941
-34.8,37,427.200104
-93.7,14,427.224061
293.9,68,427.329731
298.7,66,427.434541
-6.5,59,427.528117
28.6,56,427.617318
13.6,45,427.689659
317.2,68,427.795798
299.2,58,427.896274
-12.4,45,427.967786
297.2,54,428.052652
-11.1,54,428.137857
3.5,75,428.257378
312.2,67,428.361519
29.3,54,430.548117
45.4,78,430.680633
-33.4,70,430.789217
302.2,49,430.867315
40.4,59,430.970593
-51.5,66,431.074365
-57.1,37,431.134492
29.9,66,431.240975
302.2,80,431.364327
265.2,99,431.520401
326.0,76,431.63823
-128.2,55,431.724661
334.7,71,431.836257
-45.8,30,431.886138
44.7,73,432.011857
65.4,57,432.102317
23.9,63,432.203777
-58.2,26,432.246062
-153.4,43,432.314454
287.2,57,432.404147
238.6,84,432.535226
295.0,100,432.690853
287.2,65,432.792492
50.4,53,432.876766
277.2,46,432.949637
347.2,71,433.060323
1.1,62,433.156638
-37.1,59,433.252995
18.8,68,433.359986
293.9,76,433.479504
27.8,71,433.589137
-106.1,44,433.659026
282.2,45,433.730501
322.2,78,435.964797
-29.2,56,436.053398
282.3,83,436.199723
292.2,60,436.292394
-3.8,39,436.355186
15.9,53,436.438668
-51.2,51,436.51912
301.1,61,436.615506
-45.7,63,436.713686
47.7,64,436.813146
48.9,97,436.966884
66.6,65,437.068802
34.0,60,437.163394
-51.3,24,437.205551
35.0,52,437.285753
300.0,74,437.402286
61.6,67,437.506404
27.8,60,437.600093
41.2,54,437.685403
31.3,66,437.789276
267.3,68,437.894947
33.1,71,438.005582
287.2,58,438.095958
301.0,80,438.233272
297.2,67,438.336914
21.4,51,438.417588
91.6,62,438.514248
69.1,82,438.642426
306.0,59,438.734604
286.3,62,438.831637
297.2,78,438.95294
297.2,60,439.045689
3.8,35,439.100829
44.3,74,441.329563
51.8,72,441.443626
287.2,62,441.539187
38.9,83,441.670686
345.8,77,441.791633
-47.8,59,441.885761
51.2,61,441.983023
55.8,63,442.083303
50.0,51,442.165352
290.6,78,442.29308
-20.2,61,442.396374
31.7,61,442.493474
8.5,64,442.595149
54.3,63,442.696015
0.3,42,442.763947
258.9,53,442.848906
292.2,65,442.950666
10.7,53,443.035088
39.4,74,443.152753
1.6,29,443.204991
338.7,91,443.349008
59.5,62,443.453824
-57.9,48,443.530764
330.8,70,443.641399
-32.8,75,443.759354
-88.7,53,443.844172
-24.3,57,443.935431
-56.6,52,444.0187
307.0,67,444.12489
-117.3,25,444.16663
298.7,73,444.283403
68.8,46,444.357177
33.3,74,444.486339
328.0,69,446.714265
284.6,64,446.816592
19.0,78,446.937934
291.5,83,447.068911
-38.1,55,447.156044
2.0,73,447.275291
-1.4,59,447.368801
-33.2,55,447.455125
62.2,55,447.556133
-66.4,28,447.602536
32.7,75,447.71951
347.2,52,447.802942
3.6,54,447.887969
-59.8,41,447.954938
300.8,82,448.083745
-48.2,34,448.137623
297.2,51,448.221321
291.2,56,448.309292
312.2,55,448.396748
16.7,85,448.539158
33.5,65,448.654325
-7.2,53,448.738107
-16.4,55,448.824265
-4.7,87,448.962686
297.2,68,449.068052
-13.4,63,449.166308
-3.5,55,449.254982
6.6,41,449.320168
-43.5,50,449.39952
-22.7,65,449.500285
78.0,50,449.579899
-105.8,36,449.638396
38.8,42,449.70466
287.2,74,449.820733
40.3,69,449.928878
-0.2,41,452.132915
-64.9,18,452.162646
13.6,48,452.243494
-58.2,19,452.274668
54.5,50,452.356597
-40.5,71,452.468349
19.3,28,452.514137
-39.6,68,452.62041
-35.2,74,452.75659
16.8,47,452.833961
312.2,62,452.932199
-87.2,41,452.997226
327.2,54,453.084144
46.1,50,453.165405
-27.4,43,453.237378
7.2,52,453.320574
286.0,65,453.42468
-43.4,38,453.486542
325.0,59,453.581349
-30.0,55,453.667148
342.2,70,453.778042
-16.6,85,453.914163
49.4,78,454.036394
312.2,61,454.133785
-99.5,59,454.233713
29.5,71,454.34599
70.9,53,454.431494
31.5,63,454.531446
341.2,54,454.618367
47.6,84,454.757669
-104.9,53,454.842845
61.7,89,454.985965
39.8,70,455.094853
0.2,44,455.166332
287.2,66,455.274218
-4.4,63,455.372224
-6.9,68,457.63819
65.1,63,457.738119
-4.4,36,457.796319
55.4,46,457.87014
275.2,46,457.942039
273.0,65,458.045723
-21.8,41,458.111036
262.7,64,458.215862
4.5,58,458.305939
-34.0,52,458.389437
87.1,71,458.50341
331.2,89,458.644229
-61.0,59,458.737299
32.9,59,458.886311
337.2,58,459.065294
286.0,45,459.188186
-45.4,29,459.255527
49.8,40,459.319298
8.6,48,459.395818
-16.1,83,459.526099
-72.8,38,459.58673
-11.4,37,459.645039
80.4,68,459.752022
4.3,27,459.796412
-76.0,56,459.883516
17.8,51,459.97352
-70.3,46,460.048987
-31.0,63,460.147962
-44.0,62,460.256397
-52.0,47,460.330952
68.0,55,460.41747
288.2,53,460.500608
307.4,57,460.590942
307.2,50,460.670449
288.7,64,460.77075
35.3,44,460.841116
-43.0,44,460.911432
49.9,60,461.008358
314.1,75,463.246351
284.4,72,463.361336
60.5,57,463.450118
20.8,57,463.542235
288.0,68,463.650741
302.2,81,463.778434
34.7,67,463.884845
277.6,56,463.97328
-13.6,61,464.070671
295.8,58,464.172739
-47.2,42,464.242229
-53.2,16,464.268776
295.0,68,464.374579
274.3,70,464.485174
314.7,61,464.580102
312.2,74,464.695789
8.6,33,464.750021
53.4,56,464.838757
292.2,78,464.960733
329.1,75,465.079489
78.9,77,465.219429
-44.0,44,465.291126
314.7,79,465.416098
16.1,64,465.516291
307.0,74,465.63234
21.6,76,465.749957
285.7,66,465.854316
325.6,67,465.959508
14.7,70,466.069668
283.6,60,466.163944
322.2,71,466.281857
313.9,69,466.390098
60.2,78,468.648834
40.4,50,468.729081
-134.3,57,468.818192
307.2,64,468.919803
-126.6,46,468.993715
-39.4,40,469.058186
6.5,62,469.155338
277.2,59,469.253154
50.2,68,469.374173
-12.4,32,469.426023
-27.5,45,469.496456
9.3,92,469.643215
-67.8,47,469.716866
16.6,69,469.826806
-91.7,52,469.907551
62.1,80,470.035157
40.1,57,470.125291
401.8,96,470.283831
41.6,65,470.385525
306.2,77,470.506707
3.6,32,470.563205
332.2,43,470.632581
-44.3,28,470.681474
269.4,59,470.774066
288.4,68,470.887057
3.6,39,470.949771
-1.4,44,471.02107
48.9,74,471.136197
48.6,58,471.231228
49.4,54,471.31819
23.3,56,471.414235
-51.1,84,471.547445
292.2,54,471.631311
276.5,69,471.740787
240.9,79,473.991031
22.0,47,474.06584
312.2,60,474.160622
303.7,87,474.301722
-3.2,64,474.403212
49.2,40,474.467906
288.9,63,474.566637
287.3,86,474.700743
45.4,36,474.758407
1.1,41,474.823204
29.3,57,474.913621
8.6,42,474.982118
300.6,75,475.098847
-84.6,53,475.181841
284.2,59,475.27824
286.0,52,475.359916
83.6,68,475.467542
347.2,63,475.57284
29.6,60,475.668235
25.1,56,475.757861
298.5,73,475.87111
312.2,71,475.980626
302.2,60,476.07516
55.4,62,476.172322
30.7,48,476.2508
-1.4,28,476.296217
8.2,83,476.42646
47.1,78,476.556087
104.5,50,476.634892
-91.5,61,476.729775
299.2,72,476.843193
-59.3,64,476.943233
39.2,64,477.044367
304.7,63,477.142822
302.2,66,479.381901
-55.9,66,479.486357
54.8,49,479.563739
-53.2,11,479.582318
64.9,80,479.716073
99.6,63,479.814564
291.2,65,479.916619
-71.7,41,479.982845
301.2,69,480.089582
0.5,78,480.213915
49.8,67,480.321109
322.2,64,480.420999
42.1,76,480.539844
0.9,35,480.596688
-13.9,54,480.694776
322.2,55,480.782687
-68.9,62,480.879827
307.9,61,480.974435
-1.4,44,481.044051
322.2,71,481.15491
323.2,64,481.256
302.2,63,481.354971
254.5,98,481.509502
287.2,47,481.584041
20.7,87,481.729537
-103.7,16,481.759237
59.1,62,481.857603
10.2,62,481.954151
287.1,59,482.046732
37.0,45,482.118397
266.5,72,482.232944
-72.6,57,482.322538
53.3,54,482.407281
-9.2,52,482.490665
26.5,67,482.596122
-18.9,55,484.840654
301.0,62,484.938852
-40.2,50,485.017447
312.2,53,485.101052
74.8,54,485.187549
-35.0,58,485.284786
287.2,62,485.383707
44.7,60,485.480155
-32.8,48,485.557127
-79.3,51,485.639926
268.8,69,485.749194
317.2,55,485.840009
70.9,54,485.939735
288.2,62,486.037696
302.2,49,486.116207
289.3,79,486.245404
65.4,40,486.308888
39.0,50,486.389175
292.2,43,486.455246
257.0,86,486.589298
-27.4,33,486.642137
-8.0,44,486.712404
4.5,54,486.798407
-45.9,40,486.862545
22.9,62,486.960379
39.0,72,487.072725
-8.0,72,487.186972
312.2,58,487.2832
288.7,66,487.38694
-67.1,62,487.484772
35.0,70,487.594756
65.4,50,487.675536
-93.8,18,487.705556
-62.6,38,487.767411
60.4,40,487.831413
299.9,78,487.962405
-19.7,61,488.058015
-12.4,56,490.303036
296.3,65,490.405442
-57.2,39,490.465699
-10.4,44,490.535747
286.5,73,490.649935
61.8,62,490.747133
271.3,54,490.832335
-100.0,47,490.906413
309.2,66,491.010054
292.2,64,491.109083
-28.6,84,491.244607
-14.0,50,491.322657
-57.0,54,491.409364
43.8,44,491.479886
-106.4,53,491.56455
-37.6,56,491.651592
-9.3,63,491.751755
282.2,48,491.827577
297.2,62,491.925461
296.2,56,492.014392
-2.4,28,492.064455
-3.3,66,492.173788
100.5,74,492.292979
-39.6,25,492.334381
-8.9,43,492.403219
-52.5,40,492.467227
-78.4,79,492.591666
37.8,41,492.658856
-23.1,59,492.752214
-62.8,32,492.803359
72.6,78,492.92747
316.3,83,493.058757
287.2,61,493.166069
-1.4,45,493.242188
307.2,66,493.345961
-48.2,27,493.390904
54.0,74,493.505724
67.8,56,495.941108
43.9,69,496.05005
-15.1,58,496.140193
-39.3,62,496.246141
-6.4,51,496.326471
282.1,76,496.445549
294.3,75,496.562339
277.6,67,496.668061
255.5,68,496.77477
-90.8,39,496.837273
292.2,69,496.94435
311.3,56,497.031886
50.8,65,497.133905
-18.1,44,497.2042
279.9,76,497.334761
313.1,67,497.439277
12.8,46,497.51261
290.2,75,497.628117
90.7,72,497.740347
-33.1,73,497.855547
-45.6,44,497.924549
55.3,54,498.009849
57.9,52,498.090883
2.4,83,498.224948
20.6,75,498.358096
285.7,53,498.440364
307.7,77,498.560691
-68.7,52,498.643257
290.7,66,498.749345
-63.0,48,498.82662
35.4,51,498.907549
33.6,62,499.005232
-54.1,48,499.080362
297.2,64,501.230089
273.0,65,501.331156
307.2,52,501.423606
0.0,45,501.495389
-85.8,47,501.569786
-43.1,47,501.642395
62.7,83,501.772669
-57.3,41,501.838294
332.7,91,501.979595
-69.4,72,502.090786
287.2,58,502.181789
-70.2,57,502.275921
-62.4,37,502.335168
293.2,54,502.420187
74.2,56,502.519347
-48.9,55,502.607184
47.9,77,502.728176
291.3,79,502.850959
37.4,46,502.924802
-14.6,49,503.001554
332.3,70,503.10949
46.6,73,503.227303
353.1,69,503.335443
-60.6,31,503.385798
-39.7,53,503.469139
11.1,77,503.588966
39.9,63,503.688688
308.1,69,503.795991
85.7,85,503.929557
302.6,52,504.010855
-59.5,33,504.064516
322.2,60,504.158577
67.8,84,504.291425
19.2,72,504.403034
-87.8,43,506.51124
307.2,78,506.646491
18.6,54,506.732575
-100.0,59,506.825573
-11.7,57,506.916962
270.7,71,507.028105
-68.9,45,507.101223
69.4,72,507.21497
278.0,72,507.329437
261.8,64,507.430743
205.1,67,507.53553
-103.4,41,507.601091
289.3,69,507.711674
291.2,65,507.81249
301.2,62,507.911536
50.3,74,508.027416
30.7,67,508.141584
285.7,47,508.216624
277.2,59,508.31245
-11.4,21,508.347088
65.4,61,508.44224
-15.7,67,508.547986
70.4,58,508.645097
250.2,53,508.733119
-12.8,39,508.796577
-48.1,38,508.856623
-43.1,55,508.942809
306.2,63,509.040884
-77.4,51,509.122441
317.2,74,509.241174
-66.5,33,509.29451
74.8,54,509.380131
68.4,48,509.456007
307.2,81,509.582982
273.6,70,509.70023
272.2,43,511.930064
-35.0,67,512.035635
278.0,59,512.129192
10.5,48,512.205662
-30.9,39,512.273502
307.9,58,512.363991
-100.0,39,512.423605
-40.1,54,512.509545
31.1,70,512.619728
-48.2,34,512.675963
296.0,73,512.796453
297.2,60,512.89044
262.3,51,512.971002
297.2,65,513.071809
-35.8,29,513.119647
45.3,47,513.194514
272.1,69,513.306878
-12.1,47,513.380326
302.2,44,513.449531
-59.8,58,513.538853
327.2,67,513.642431
-37.0,71,513.754795
10.8,49,513.844696
287.5,55,513.931389
-26.6,43,514.000271
11.4,54,514.085823
12.4,64,514.187244
327.2,53,514.273747
287.2,75,514.391035
-11.5,56,514.480175
276.0,48,514.554709
292.2,59,514.646408
302.2,67,514.751131
-6.4,30,514.799379
-87.6,58,514.904864
43.3,46,514.979378
-67.8,46,515.052403
115.4,58,515.144611
66.0,60,517.262868
51.8,56,517.354624
31.3,43,517.422157
14.9,47,517.49714
28.8,67,517.601634
287.2,57,517.690869
-5.1,35,517.747444
-30.3,44,517.815555
5.8,61,517.911683
291.4,93,518.066829
288.4,70,518.174633
313.9,72,518.289913
283.1,68,518.395493
297.2,67,518.500099
-38.1,99,518.655209
-63.5,33,518.707694
17.1,45,518.778088
278.9,66,518.880877
286.2,55,518.966028
-15.9,71,519.090014
30.4,41,519.155473
342.2,80,519.284375
-51.8,63,519.380647
-136.0,8,519.394407
285.5,51,519.474699
310.7,85,519.607796
304.4,69,519.715118
-27.1,60,519.810227
11.4,55,519.897192
317.2,70,520.007165
29.9,65,520.110153
-9.4,39,520.174004
22.8,52,520.260048
10.7,60,520.353186
-127.3,49,520.431221
327.2,56,522.55715
3.6,35,522.613077
280.6,86,522.749614
297.2,66,522.851007
39.5,69,522.9605
278.6,62,523.057596
-8.3,61,523.157313
35.8,72,523.281346
75.6,58,523.372822
251.2,84,523.506569
-22.3,70,523.615721
-41.2,65,523.719807
53.9,47,523.794455
78.9,57,523.884951
-86.1,64,523.984363
8.3,78,524.105749
282.2,52,524.18764
-16.4,22,524.222645
281.2,50,524.304872
300.5,60,524.398254
72.4,64,524.499111
276.7,68,524.605186
287.5,58,524.696195
45.5,60,524.792407
42.5,70,524.902765
231.7,67,525.008492
-1.4,60,525.101918
293.1,64,525.206711
281.3,65,525.312537
63.6,71,525.424493
304.2,73,525.538603
322.2,54,525.622869
286.2,62,525.720449
41.2,64,527.884001
32.5,80,528.010202
-49.2,33,528.062851
2.4,52,528.14658
101.5,61,528.245295
267.3,62,528.34362
39.1,50,528.423951
17.8,58,528.517036
-40.3,57,528.607682
292.2,48,528.684748
317.3,80,528.809178
68.4,60,528.904949
-21.4,77,529.026496
337.2,48,529.102976
-63.4,69,529.211884
321.2,55,529.302071
-33.8,26,529.344207
-63.8,65,529.450948
-32.9,36,529.509264
37.7,62,529.608223
-10.1,57,529.697656
308.1,55,529.785894
-28.1,33,529.839427
337.2,78,529.9632
302.2,63,530.060786
292.9,72,530.175454
-85.0,46,530.253405
33.0,52,530.336468
43.5,51,530.429838
-25.6,79,530.552958
8.9,79,530.675979
31.3,68,530.782891
-65.3,48,530.85905
309.7,69,530.966323
297.2,81,533.436161
37.1,36,533.493078
-56.0,35,533.55643
-12.1,92,533.698854
274.7,70,533.808905
297.3,82,533.938071
-67.5,48,534.014255
315.1,69,534.123274
322.1,73,534.238969
-0.6,62,534.336501
13.6,44,534.406923
332.2,70,534.516687
322.2,67,534.630535
69.4,70,534.743287
329.2,63,534.841956
-49.3,57,534.931702
44.9,66,535.036308
286.3,57,535.12729
-11.0,47,535.203922
-27.9,56,535.298032
41.5,63,535.398766
292.7,71,535.51012
39.3,71,535.63288
55.4,54,535.723636
286.2,63,535.822818
-44.1,59,535.915505
320.7,46,535.987953
-2.1,56,536.077155
339.6,77,536.198712
-104.1,55,536.288421
30.1,56,536.378106
19.4,60,536.473059
321.2,63,536.572396
319.4,67,536.679246
31.4,74,538.851245
29.4,78,538.973908
243.6,74,539.087546
299.8,55,539.173858
12.6,58,539.270205
270.6,55,539.357723
-72.5,61,539.454748
-43.4,65,539.55829
296.4,70,539.668865
-58.3,32,539.721038
286.3,71,539.845205
290.5,73,539.958159
297.2,54,540.043005
286.9,72,540.159166
38.7,51,540.245834
35.4,53,540.330616
20.0,97,540.484683
-100.0,47,540.557375
39.5,66,540.662848
296.5,79,540.783849
302.2,51,540.864047
65.4,54,540.950332
13.0,59,541.043679
74.2,54,541.130656
317.2,61,541.227512
90.8,69,541.340103
-35.5,53,541.424182
-44.0,78,541.548351
292.2,63,541.646792
303.7,67,541.753196
304.3,73,541.874611
55.4,58,541.968073
54.5,80,544.135433
40.2,53,544.21905
-5.0,55,544.30807
289.0,80,544.437211
17.5,60,544.531465
-19.9,38,544.593287
321.0,64,544.694302
328.3,74,544.809574
292.3,77,544.930887
301.2,67,545.036826
302.2,74,545.155059
90.4,57,545.250235
302.2,47,545.325879
-91.3,54,545.411175
273.9,47,545.487063
-10.5,46,545.561442
24.2,69,545.671014
-47.3,59,545.763048
272.2,66,545.867383
322.5,69,545.981303
-15.3,66,546.086755
301.3,63,546.185497
18.8,54,546.276427
287.5,70,546.385962
38.3,98,546.543823
335.7,74,546.659571
277.2,50,546.74103
-64.0,39,546.80418
-12.8,63,546.904347
86.3,65,547.016105
292.2,68,547.123038
-80.6,63,547.22231
276.4,51,547.30561
-32.1,42,549.412544
277.3,59,549.509226
-57.9,32,549.56145
-6.4,55,549.647532
301.2,65,549.749669
31.7,73,549.864256
-31.3,56,549.953762
43.1,48,550.030927
18.6,54,550.12275
-74.2,53,550.207666
3.7,46,550.285852
77.4,52,550.369822
23.6,53,550.453799
-53.2,23,550.490073
283.9,53,550.573896
300.7,54,550.660232
-55.2,53,550.744772
280.2,47,550.820029
-26.6,36,550.878794
-34.2,27,550.922238
312.2,54,551.008494
329.7,74,551.12833
-52.0,54,551.221007
29.5,47,551.299937
-40.7,57,551.390299
278.7,92,551.536369
51.9,58,551.627466
283.7,61,551.722872
69.4,74,551.839813
-10.5,35,551.901225
294.2,55,551.987755
322.2,62,552.08415
40.4,48,552.161894
-89.0,58,552.268444
-17.7,48,552.346355
334.8,86,552.482245
44.5,53,552.566074
55.4,52,552.648538
68.5,66,555.434404
-26.5,75,555.570301
-44.9,34,555.629503
352.2,55,555.727303
0.6,69,555.860213
-30.8,40,555.926426
288.9,62,556.027536
71.8,81,556.161738
234.1,72,556.276261
280.5,65,556.39692
352.2,71,556.512966
40.8,45,556.588628
-9.3,44,556.659838
55.4,55,556.751229
46.2,59,556.843769
293.9,60,556.93763
-23.6,69,557.046263
332.2,69,557.154981
272.7,59,557.25016
55.8,61,557.347038
294.2,67,557.451627
317.2,55,557.538056
27.5,56,557.626661
75.7,60,557.727469
-60.8,34,557.783462
6.5,58,557.875086
-4.8,62,557.97066
-57.0,53,558.055397
6.0,36,558.113572
58.7,60,558.207927
7.6,37,558.268234
284.6,80,558.398281
-20.4,35,558.454966
310.7,62,558.552309
-38.3,39,558.612725
277.2,57,560.76595
297.2,45,560.838896
-42.5,46,560.912672
30.4,54,560.997474
297.2,49,561.073066
297.1,68,561.180048
287.2,82,561.311361
-19.0,43,561.379041
7.3,60,561.473585
-27.8,59,561.565497
-62.1,64,561.66624
267.8,82,561.798872
-62.6,59,561.89032
329.2,59,561.983894
-74.9,25,562.024735
4.5,32,562.076204
307.0,61,562.172713
312.8,56,562.261575
312.2,56,562.349592
-18.8,65,562.451633
255.2,64,562.556302
-101.8,52,562.64071
56.4,62,562.738178
83.8,65,562.840049
286.2,70,562.950017
-83.1,72,563.06345
292.2,55,563.150274
332.2,80,563.277142
-23.1,52,563.3592
-84.8,54,563.442455
326.2,63,563.539697
4.8,53,563.635624
28.2,71,563.747862
277.2,45,563.81939
317.2,60,563.918021
-56.0,52,564.000042
302.2,52,566.492703
-58.6,51,566.57383
46.2,63,566.671889
-1.4,35,566.730578
55.4,55,566.82465
277.8,79,566.947217
332.2,63,567.046934
75.4,61,567.143553
292.8,77,567.267622
230.4,85,567.401511
308.0,74,567.518424
307.2,90,567.65998
263.0,70,567.778084
45.8,50,567.859912
295.0,54,567.944771
251.8,72,568.057348
304.2,47,568.131717
48.3,55,568.219494
20.3,55,568.307991
43.4,51,568.388632
274.8,62,568.485828
302.2,70,568.596641
277.1,62,568.694917
326.2,75,568.820538
317.9,82,568.955356
318.5,53,569.037915
292.2,71,569.148756
-52.9,53,569.233749
298.1,74,569.351872
327.2,60,569.445131
296.2,58,569.53514
300.8,61,569.631185
47.5,65,571.763577
-92.1,58,571.859766
-52.7,84,572.001043
292.2,44,572.068128
93.7,48,572.143899
32.9,70,572.254723
336.2,71,572.36539
38.9,50,572.445195
40.4,46,572.517192
-89.9,57,572.60661
-41.7,67,572.710307
312.2,61,572.806108
294.7,60,572.899597
3.6,41,572.972772
-21.8,43,573.044084
252.4,70,573.151954
14.2,43,573.221164
257.9,66,573.328098
37.0,62,573.425492
302.2,59,573.517412
68.2,87,573.654842
299.2,48,573.729663
302.2,66,573.832199
295.5,65,573.932529
244.5,67,574.037816
-77.2,43,574.105128
285.2,69,574.216956
-34.7,65,574.319299
314.2,58,574.410939
-32.1,73,574.525155
278.9,59,574.618574
45.4,49,574.696372
45.7,45,574.767673
311.2,47,574.842264
83.9,66,574.944421
307.0,73,577.098836
282.2,50,577.189106
14.3,48,577.267209
-53.2,25,577.307745
297.2,78,577.429851
34.8,57,577.520694
303.0,68,577.627883
-8.9,41,577.695359
65.4,38,577.756909
-6.5,50,577.837137
36.8,55,577.925267
279.8,50,578.006038
296.2,65,578.108675
326.2,69,578.218281
64.7,57,578.312973
15.3,82,578.445766
-63.3,55,578.53267
336.2,78,578.655758
68.1,64,578.756754
288.9,71,578.869884
38.2,64,578.971634
-57.8,44,579.042854
-59.3,38,579.104819
-30.3,37,579.171005
34.4,92,579.319922
-20.2,31,579.369542
46.9,51,579.449911
37.8,55,579.546903
48.6,69,579.663959
302.2,64,579.774455
11.4,46,579.854062
294.4,59,579.94878
-45.2,71,580.062085
11.9,39,580.125713
293.4,80,580.271572
-65.8,43,580.338688
53.8,58,582.486529
86.6,55,582.573866
287.2,58,582.664585
2.6,70,582.781647
-1.4,44,582.853279
312.6,68,582.95978
42.9,69,583.067596
242.0,81,583.19538
36.8,80,583.331586
77.4,41,583.396854
-1.0,63,583.495126
-88.4,54,583.57843
337.7,95,583.727448
294.7,80,583.851432
-8.2,52,583.9329
-0.8,49,584.011158
3.6,28,584.055892
45.4,52,584.137938
-26.0,52,584.220669
38.9,63,584.325568
299.5,40,584.394073
-25.0,55,584.480894
-0.5,51,584.560173
-26.0,38,584.621502
268.4,78,584.74417
-8.1,45,584.819187
312.2,48,584.895783
286.9,78,585.018348
24.6,51,585.099113
14.8,49,585.179387
19.4,42,585.249115
-121.5,28,585.295814
43.2,60,585.403883
45.9,56,585.494568
273.1,66,585.598077
-46.5,80,587.766611
302.2,55,587.858688
50.9,86,587.999685
331.0,69,588.10765
62.6,62,588.205615
6.5,68,588.314305
273.8,56,588.40197
277.6,65,588.514673
79.5,56,588.603908
239.8,82,588.73351
-4.7,78,588.85541
247.9,59,588.947917
289.2,56,589.037462
306.0,64,589.137316
321.2,49,589.216905
5.0,78,589.340233
340.2,70,589.451411
-81.6,44,589.52902
302.2,58,589.625211
292.2,54,589.709242
-97.6,54,589.794825
38.9,45,589.867838
372.2,60,589.962659
33.2,72,590.075688
60.4,56,590.165207
-63.2,40,590.229065
273.4,62,590.32964
287.2,61,590.424607
319.6,67,590.529996
-69.7,46,590.604154
-1.3,67,590.710031
11.7,56,590.798222
26.7,59,590.8922
-103.5,49,590.970163
0.3,50,593.105108
53.6,58,593.20028
-27.8,76,593.323855
30.8,75,593.442487
-56.9,65,593.54614
-78.0,70,593.659549
-111.7,28,593.714692
281.1,79,593.838681
50.4,42,593.905277
82.6,62,594.003136
51.5,71,594.11684
-65.4,54,594.202116
8.0,52,594.287615
-66.4,26,594.329207
46.0,74,594.445673
-9.0,60,594.54137
-15.6,60,594.636977
-68.0,36,594.694882
-25.3,52,594.784216
65.4,63,594.888696
312.2,50,594.968146
12.9,57,595.060072
292.2,59,595.15349
-61.9,59,595.246924
10.4,71,595.362578
-38.9,78,595.484761
322.2,61,595.579824
-71.1,61,595.679727
3.4,64,595.786815
-38.7,47,595.863882
24.9,85,595.998625
322.3,73,596.11283
-3.1,58,596.205469
271.2,81,596.33837
-60.9,45,598.485838
284.9,71,598.599347
23.5,54,598.689264
-178.4,37,598.751832
9.8,54,598.838899
43.7,58,598.932003
-39.1,55,599.020236
40.4,40,599.084648
280.7,53,599.169387
287.4,61,599.265801
39.6,82,599.394798
327.2,51,599.474186
292.2,58,599.565881
-5.5,61,599.661961
10.9,58,599.753089
314.2,49,599.831674
304.2,53,599.92139
315.2,57,600.010136
-63.7,36,600.06822
276.1,67,600.173721
291.8,58,600.270039
61.1,64,600.44352
-46.4,63,600.608914
23.4,56,600.728915
50.1,56,600.8183
278.5,90,600.972826
64.6,65,601.073433
45.4,45,601.145824
41.3,89,601.289081
5.3,49,601.366419
312.2,65,601.468886
8.3,35,601.524987
41.2,74,601.641353
5.3,63,601.73952
23.6,40,601.805148
325.2,71,603.965898
-13.6,54,604.059718
309.2,48,604.134584
-22.5,44,604.204364
39.4,47,604.280505
-111.1,32,604.330317
40.8,58,604.422296
41.4,92,604.566108
17.7,58,604.657068
307.2,75,604.774157
45.4,57,604.864023
32.6,63,604.963763
17.7,47,605.043962
287.2,65,605.15654
-17.9,56,605.24691
-7.4,39,605.315258
30.0,72,605.429014
274.2,57,605.517383
18.9,75,605.635549
-85.4,44,605.714871
-96.7,28,605.763856
302.2,74,605.879554
-108.3,23,605.917665
36.8,70,606.026542
40.4,56,606.123399
278.2,48,606.203
-48.2,17,606.231332
312.2,58,606.325286
294.0,61,606.421518
21.5,52,606.504325
306.1,74,606.620433
282.2,64,606.724744
44.9,64,606.83031
27.6,54,606.916416
274.2,90,607.059116
-95.3,46,607.131563
-50.7,52,607.215024
63.1,51,609.341939
55.9,55,609.429952
322.2,54,609.514712
-1.4,28,609.559944
-66.6,64,609.660213
40.4,57,609.751078
22.2,53,609.835208
322.2,50,609.914399
307.2,56,610.001423
-58.2,50,610.080381
2.4,46,610.152651
312.2,62,610.257334
6.8,41,610.3303
48.3,68,610.436648
-44.1,50,610.515865
53.3,76,610.634877
6.8,35,610.691796
259.2,58,610.782299
-29.5,23,610.819449
-46.9,27,610.863328
296.2,61,610.957196
295.7,62,611.054289
297.2,47,611.128846
36.5,76,611.247761
292.2,56,611.336518
-18.0,60,611.430238
291.2,76,611.549045
317.2,53,611.633076
65.4,55,611.721358
282.2,50,611.799798
-4.2,53,611.884767
110.3,62,611.983035
327.2,68,612.089713
-43.9,56,612.178467
10.8,69,612.291874
3.1,42,612.363989
-78.4,81,612.489696
-15.1,46,614.609246
-86.6,63,614.711957
4.6,76,614.829869
64.2,51,614.910628
287.2,54,614.995927
-0.8,74,615.112456
272.5,65,615.214829
329.7,85,615.353196
305.5,59,615.445333
37.1,52,615.528811
-43.2,38,615.589556
31.4,62,615.687561
-6.4,47,615.760994
267.2,54,615.846699
326.2,67,615.950946
329.2,75,616.068688
-119.1,47,616.141416
-7.2,61,616.237386
340.0,63,616.338497
-3.8,62,616.436735
28.3,71,616.55501
20.1,59,616.651097
-60.0,53,616.734304
1.1,55,616.821041
260.4,79,616.945202
60.5,58,617.036935
347.2,54,617.122144
-95.2,44,617.192624
27.4,46,617.267832
65.4,51,617.348241
108.4,75,617.468544
-3.3,69,617.58738
-134.4,17,617.61618
-46.8,53,617.700063
252.3,81,617.828325
305.7,83,620.002958
59.9,61,620.100033
-13.7,72,620.21301
-46.6,54,620.30382
-19.2,58,620.394996
297.2,56,620.482946
45.4,42,620.550567
307.2,62,620.654012
64.8,72,620.76652
282.2,60,620.863855
69.0,70,620.973366
327.2,68,621.079413
-29.9,55,621.166821
30.0,56,621.256963
19.5,60,621.355419
-50.6,62,621.452388
315.8,54,621.537062
37.8,51,621.618767
43.7,57,621.716411
-48.8,55,621.804339
290.5,65,621.906629
5.0,62,622.003933
-59.2,63,622.103793
10.9,71,622.213838
64.6,53,622.301062
11.8,74,622.41755
-26.4,35,622.474313
7.6,60,622.569078
17.1,39,622.630898
277.2,43,622.710974
302.4,71,622.822332
-1.4,54,622.909188
26.1,90,623.052661
64.9,52,623.135691
87.3,68,625.290941
43.1,75,625.409468
272.3,54,625.494052
275.1,68,625.601253
-79.0,40,625.666749
18.2,63,625.774151
280.7,59,625.868013
-61.0,51,625.948993
307.2,63,626.047489
38.1,54,626.133637
-45.5,56,626.222138
283.0,70,626.333884
38.6,62,626.430924
-41.8,45,626.503095
-18.9,59,626.596766
19.2,39,626.658927
28.1,48,626.735522
22.9,72,626.860142
290.7,64,626.959758
3.0,81,627.087108
310.8,60,627.180055
-7.7,67,627.288038
83.0,60,627.3835
26.8,73,627.499635
20.6,69,627.607791
-33.1,49,627.686261
302.2,98,627.839347
-15.3,47,627.913495
23.6,53,627.996584
-88.7,30,628.04447
-29.9,39,628.106261
62.5,60,628.200341
297.0,73,628.317499
46.2,64,628.418407
317.4,69,630.59986
317.2,70,630.714592
-53.2,57,630.804792
278.0,59,630.898308
6.0,70,631.027188
-14.6,55,631.112689
43.9,48,631.18925
40.4,59,631.285285
-57.7,37,631.344016
-30.1,68,631.450417
25.3,77,631.569855
342.2,65,631.673172
267.3,53,631.756226
-65.3,51,631.840148
291.2,60,631.953025
285.1,69,632.076468
299.3,59,632.169106
109.1,60,632.26407
314.7,81,632.395025
317.2,58,632.485696
277.2,71,632.596933
289.2,56,632.687609
40.4,31,632.7376
-48.5,59,632.831947
34.8,62,632.930705
48.5,51,633.019138
48.9,45,633.093049
37.7,63,633.194211
50.4,53,633.278595
-48.7,61,633.375885
282.2,46,633.449128
282.2,82,633.578062
9.2,44,633.647142
-19.5,36,633.703635
312.2,64,633.803905
-114.7,35,636.203845
-18.2,43,636.272543
99.4,53,636.361369
302.2,59,636.45297
-14.2,62,636.550523
55.4,50,636.63092
291.0,48,636.706635
92.9,83,636.839302
56.8,47,636.913727
-12.9,53,636.99829
-42.9,49,637.074993
2.9,61,637.171551
289.0,67,637.287378
-49.2,12,637.309236
17.1,55,637.395288
-1.0,38,637.456785
284.0,73,637.570776
-51.3,40,637.634453
361.2,73,637.749161
315.9,67,637.853537
2.3,87,637.989471
-118.0,12,638.009911
41.8,61,638.105306
304.7,89,638.251538
52.8,63,638.354691
298.9,61,638.44977
-28.4,42,638.517114
275.3,58,638.608211
67.0,59,638.701307
-14.1,59,638.796668
-6.4,27,638.840729
41.3,78,638.961296
242.8,59,639.05386
314.2,57,639.143044
78.9,81,639.27037
302.2,66,639.38952
-55.5,61,641.526783
-83.9,41,641.594437
43.1,71,641.707493
26.8,70,641.817332
65.4,63,641.91796
-55.4,47,641.993078
292.2,59,642.0858
-72.7,47,642.161878
71.9,63,642.260427
-37.7,70,642.386624
43.3,51,642.471776
271.9,73,642.587674
-23.2,52,642.670733
322.2,74,642.795256
327.2,60,642.890942
297.2,69,643.000729
26.9,73,643.117024
332.2,77,643.237777
274.1,64,643.342741
25.7,81,643.48526
271.1,60,643.5781
-65.7,33,643.630835
-87.1,52,643.713115
-117.4,34,643.768392
237.5,77,643.88823
287.2,59,643.979418
300.1,79,644.103406
30.3,54,644.188428
-43.3,27,644.231755
-25.9,35,644.289725
322.6,50,644.368729
80.4,56,644.455672
-75.1,55,644.541909
4.7,44,644.612637
292.2,73,644.727189
287.2,57,646.866928
2.0,55,646.956093
302.2,58,647.045534
319.8,67,647.150846
286.0,75,647.267562
31.7,62,647.369464
244.7,49,647.445853
303.8,96,647.611835
38.3,70,647.721881
292.2,62,647.81888
319.2,52,647.90046
313.4,68,648.007735
-39.8,51,648.088648
-46.9,53,648.172141
-162.2,57,648.26132
330.5,78,648.386942
22.5,53,648.470261
-43.7,64,648.57141
-66.5,29,648.618392
53.9,60,648.712253
-1.4,54,648.797567
260.6,74,648.913402
292.2,55,648.999601
5.9,59,649.091413
37.3,63,649.19084
290.4,52,649.271998
49.3,51,649.355222
-17.6,24,649.39388
9.0,45,649.466117
277.3,61,649.562343
55.9,57,649.657706
298.9,61,649.754543
-49.8,59,649.847629
40.9,71,649.960269
331.0,57,650.049727
5.3,36,650.107497
279.9,71,652.267415
-23.1,71,652.382391
-56.2,35,652.438703
35.5,65,652.541564
332.2,82,652.668937
30.4,44,652.738645
347.2,62,652.836388
25.2,74,652.950872
312.2,75,653.068705
3.0,53,653.152853
14.1,46,653.226167
64.4,63,653.326954
37.8,44,653.395899
311.0,61,653.491778
-20.2,48,653.569122
-59.2,58,653.66169
327.2,55,653.749157
303.7,58,653.846507
297.2,43,653.914726
-41.9,57,654.003198
21.8,55,654.089033
271.2,60,654.18489
301.2,67,654.291503
-102.5,58,654.384102
43.6,47,654.458028
270.2,57,654.548419
10.6,57,654.638691
46.7,46,654.71258
11.9,58,654.805627
252.6,74,654.932178
7.2,51,655.015466
63.4,52,655.099495
320.9,67,655.207702
70.4,52,655.29467
295.2,62,655.391828
317.5,60,657.529286
-29.4,53,657.634887
105.4,55,657.74588
27.7,55,657.847783
-17.3,47,657.937951
332.2,70,658.052006
317.2,61,658.15018
306.2,60,658.245034
333.2,81,658.37641
-60.3,59,658.469977
49.5,56,658.560304
332.2,52,658.64306
66.1,48,658.721265
260.7,67,658.827656
-5.6,50,658.908269
-24.7,41,658.983285
21.2,73,659.097083
34.0,75,659.21356
-9.6,56,659.30419
-12.0,65,659.40667
318.8,71,659.516749
49.8,71,659.627608
-17.5,62,659.726367
82.5,44,659.796556
234.4,53,659.880529
110.9,58,659.971791
50.0,57,660.073763
-117.0,33,660.127315
9.6,58,660.221782
71.5,87,660.362629
368.0,78,660.483767
-103.0,55,660.571383
50.3,56,660.660405
44.5,93,660.809342
325.0,55,662.904588
299.5,69,663.016539
75.4,74,663.14067
342.2,70,663.250664
-49.7,52,663.337911
-50.6,52,663.420585
321.2,56,663.510889
262.6,53,663.594311
-48.5,55,663.682098
26.9,54,663.768259
287.2,48,663.842898
54.9,95,663.989376
-44.1,97,664.148038
58.8,61,664.25111
4.0,60,664.350181
287.2,80,664.475275
-65.6,46,664.547923
-13.1,47,664.622852
307.2,60,664.71571
31.9,78,664.836988
320.8,82,664.966196
6.8,63,665.064517
12.8,80,665.189776
316.0,59,665.282417
45.4,44,665.354454
38.1,50,665.433541
317.9,91,665.576599
-63.5,62,665.673718
-24.8,82,665.801977
305.2,52,665.883463
9.7,65,665.985239
15.6,63,666.084833
-33.1,58,668.209913
-73.0,39,668.272767
277.2,52,668.371577
-14.6,33,668.42504
287.2,47,668.498171
307.1,76,668.617629
50.4,54,668.702949
-1.4,38,668.764742
16.7,74,668.883332
15.9,59,668.976374
335.7,64,669.076216
296.0,50,669.155444
254.2,75,669.271798
2.5,60,669.370091
-48.2,53,669.452841
267.3,52,669.534919
8.5,48,669.612227
19.9,74,669.729217
-81.3,67,669.83509
-3.2,53,669.919361
51.1,52,670.001869
307.2,65,670.103001
-99.4,49,670.181257
54.1,71,670.294136
-6.4,34,670.355584
268.0,79,670.480247
268.9,77,670.599079
282.3,53,670.683033
-35.5,40,670.746517
-53.2,63,670.844148
271.4,63,670.940571
-67.7,48,671.016557
281.6,60,671.110788
32.0,60,671.205817
13.9,58,671.296645
39.8,48,671.427698
11.4,45,673.773847
-12.5,49,673.852062
9.6,63,673.951605
300.8,60,674.046024
-14.0,49,674.125729
-10.1,58,674.218162
67.1,56,674.307431
43.4,41,674.378374
303.3,62,674.47649
34.8,59,674.575811
17.5,91,674.721221
-126.9,38,674.781654
287.2,40,674.844471
335.1,78,674.969135
288.2,74,675.087538
-58.2,48,675.165768
-3.7,72,675.281447
-9.4,69,675.394316
-6.4,31,675.445126
334.4,82,675.586403
-60.0,64,675.685778
322.2,73,675.800162
53.9,79,675.923793
270.3,76,676.042987
18.3,46,676.116452
287.3,79,676.240285
25.2,61,676.337086
292.2,67,676.442319
317.2,53,676.526126
283.0,62,676.633465
287.2,69,676.745046
14.0,29,676.792195
32.3,56,676.879856
52.2,67,676.985767
289.2,66,679.137881
297.3,63,679.239693
299.3,66,679.345553
-91.6,40,679.41181
295.7,50,679.491953
12.4,50,679.570669
-105.1,51,679.650658
-29.5,51,679.742023
-93.2,21,679.776608
7.7,60,679.871053
292.5,69,679.978498
48.6,60,680.073921
29.4,60,680.170474
28.7,48,680.246513
286.6,67,680.355556
-35.0,81,680.483419
17.0,40,680.546893
40.6,76,680.666199
80.1,73,680.792446
46.5,74,680.909048
-115.9,41,680.975407
292.3,71,681.08582
292.2,59,681.178286
-1.1,70,681.289494
3.6,39,681.354535
-21.6,56,681.443343
307.2,70,681.552813
274.8,71,681.664618
-20.7,59,681.757776
278.9,69,681.867324
-35.4,61,681.962148
31.8,56,682.050864
307.2,54,682.135371
287.6,58,682.226921
90.4,43,682.29585
40.6,42,684.41413
70.8,40,684.478123
-26.0,35,684.535261
307.2,57,684.625826
26.3,45,684.696893
322.2,58,684.788336
312.2,66,684.894114
34.3,62,685.004124
-45.0,36,685.062623
54.2,51,685.145551
-0.7,57,685.234207
12.2,48,685.31181
281.1,60,685.409167
297.2,62,685.506588
77.1,70,685.617864
287.2,52,685.699783
300.2,57,685.790838
46.9,62,685.88969
298.9,60,685.983799
306.2,60,686.077555
312.2,71,686.18791
282.2,56,686.275292
-14.7,61,686.374078
63.8,66,686.477036
0.9,82,686.604103
278.8,66,686.707836
-34.4,49,686.786692
-43.7,74,686.903052
27.9,48,686.984921
301.3,77,687.104855
273.4,67,687.211082
297.2,61,687.307077
55.9,59,687.403324
238.7,65,687.505367
-39.3,47,687.579095
31.4,48,689.714167
18.6,25,689.757523
304.7,62,689.856663
30.0,40,689.921971
8.5,77,690.043509
287.2,50,690.12179
-10.8,47,690.198132
-14.8,46,690.273085
10.1,45,690.349292
312.2,59,690.441629
294.1,61,690.538559
307.2,63,690.638372
16.3,46,690.712213
297.2,50,690.79407
259.1,73,690.906966
14.5,61,691.003678
309.0,60,691.098675
-24.7,77,691.228016
-65.6,30,691.275774
-123.9,31,691.328662
-88.2,65,691.43115
-32.5,96,691.583788
307.2,59,691.676148
-84.5,60,691.771847
-5.6,72,691.885683
-28.5,40,691.950296
266.0,89,692.090816
-7.4,32,692.151364
-3.3,65,692.255076
-39.3,35,692.309491
-33.5,56,692.400166
55.4,70,692.508584
-2.6,69,692.618174
275.1,90,692.760631
292.2,50,692.840209
-18.3,61,692.93541
-14.4,56,695.08554
287.2,55,695.174303
-28.6,45,695.248787
1.3,70,695.367359
287.2,55,695.452204
-10.0,59,695.545108
-20.9,60,695.639815
-63.0,38,695.700173
60.4,53,695.784145
302.2,59,695.875715
65.4,48,695.951886
-48.2,47,696.02596
242.3,62,696.122946
-6.6,35,696.178799
277.2,42,696.244202
332.9,73,696.371809
4.2,44,696.443293
23.8,71,696.554775
-91.6,51,696.635742
283.7,81,696.763647
11.8,56,696.851004
-136.0,19,696.88188
347.2,51,696.963388
327.2,76,697.081845
69.4,56,697.170394
-59.0,56,697.258346
278.9,55,697.360187
269.3,71,697.471416
275.5,72,697.584424
45.1,72,697.696778
36.5,71,697.809206
58.0,65,697.911328
43.9,61,698.007271
-117.3,46,698.079386
-78.2,54,698.164703
-15.8,47,698.237947
-61.5,36,700.347975
95.6,86,700.497167
302.3,57,700.586331
262.9,72,700.699354
321.0,55,700.786686
16.6,56,700.875581
307.2,56,700.963216
80.2,80,701.088172
75.2,66,701.191416
290.5,54,701.276274
-45.1,37,701.338233
19.2,50,701.417774
282.1,80,701.558981
40.4,43,701.626796
317.2,77,701.748392
275.7,56,701.837225
-27.5,85,701.969621
301.2,86,702.103841
-92.7,31,702.153166
23.2,61,702.247837
-66.3,78,702.372057
317.2,49,702.449669
282.2,61,702.544311
-68.0,46,702.617078
277.2,64,702.718598
82.4,60,702.814051
306.1,72,702.927611
287.2,57,703.016543
302.3,65,703.119259
258.7,73,703.233061
292.0,72,703.349626
308.6,81,703.47632
289.1,82,705.694849
317.2,57,705.787139
58.8,58,705.878588
11.2,69,705.985305
-55.7,40,706.049129
51.7,58,706.140506
312.2,55,706.226264
292.2,45,706.297367
62.8,63,706.3999
326.2,68,706.504778
-30.9,65,706.60675
295.5,98,706.758437
-7.4,42,706.8253
289.1,71,706.937299
-156.0,71,707.047973
-4.8,56,707.136861
-49.0,46,707.210324
96.1,54,707.295612
-61.8,29,707.344224
23.6,71,707.45332
57.5,72,707.567225
274.2,65,707.67099
286.0,77,707.794972
-81.3,41,707.860648
62.9,57,707.949135
36.0,72,708.061543
-3.8,41,708.126663
23.6,69,708.269912
258.9,49,708.39871
62.8,61,708.563911
-28.5,32,708.643439
-141.4,37,708.7097
282.2,58,708.808717
250.3,72,708.920307
49.3,50,709.000389
47.2,66,709.104001
11.0,55,711.240875
-79.9,38,711.301746
-58.2,15,711.328251
-71.7,73,711.444826
303.1,60,711.539122
42.8,50,711.61904
273.8,67,711.724778
18.7,44,711.795742
-66.1,62,711.9012
15.6,52,711.982087
47.0,76,712.103359
-38.1,42,712.171504
314.2,57,712.260295
-13.9,39,712.322121
316.2,70,712.435851
-71.2,30,712.483414
256.4,65,712.583947
61.8,75,712.702949
12.2,56,712.790797
320.2,51,712.879261
33.1,48,712.956804
273.8,84,713.088207
-117.2,48,713.164366
308.0,59,713.257808
286.9,83,713.392119
311.1,69,713.499586
48.3,48,713.576294
314.2,68,713.682657
-110.1,52,713.765548
4.0,48,713.841443
277.2,57,713.942053
-38.6,80,714.070123
349.2,76,714.18775
302.2,58,714.278051
295.2,71,714.391577
100.1,56,716.51852
-7.5,47,716.596088
33.8,65,716.699496
307.2,72,716.814738
-31.0,38,716.877214
-18.8,60,716.976449
39.4,66,717.093803
292.2,59,717.187676
48.9,56,717.27834
14.1,53,717.366557
30.4,41,717.433241
50.4,45,717.505686
26.3,53,717.589435
287.3,77,717.711673
12.1,59,717.806915
66.4,93,717.955315
272.1,86,718.105887
292.2,69,718.215731
285.8,63,718.315953
17.0,81,718.447252
-10.7,40,718.511351
-26.6,44,718.581723
312.2,52,718.662751
302.2,58,718.753015
286.8,72,718.867433
292.2,55,718.953031
302.0,66,719.056221
32.2,52,719.137409
-0.0,41,719.202528
27.1,60,719.29705
-11.0,55,719.38563
-3.6,72,719.499936
7.3,62,719.598203
312.2,57,719.688451
3.6,41,719.754948
-22.5,46,721.872884
3.6,60,721.969596
-67.6,36,722.026868
-9.0,58,722.119008
301.2,62,722.230561
317.2,72,722.346887
277.2,53,722.431684
-60.6,36,722.490549
322.2,52,722.573612
297.2,70,722.683473
30.4,46,722.757596
285.2,61,722.854804
45.4,33,722.907396
58.5,56,722.996832
-0.7,35,723.052387
55.4,90,723.192722
-18.9,52,723.276104
287.2,57,723.368742
3.1,63,723.469256
332.2,57,723.559802
317.2,52,723.642878
21.1,76,723.761954
48.0,62,723.861126
-16.8,33,723.915028
51.1,60,724.027166
37.6,61,724.128411
271.8,78,724.259705
-90.5,25,724.299891
-74.8,51,724.382816
23.9,56,724.475715
21.5,66,724.579966
85.3,73,724.697655
266.7,63,724.797637
264.9,66,724.902824
338.2,69,725.016287
6.0,45,725.08973
11.5,48,727.228524
280.0,84,727.365502
-41.7,75,727.482187
292.2,48,727.558165
-10.6,51,727.639087
4.3,62,727.737612
-7.3,73,727.851608
37.2,54,727.937186
25.7,78,728.059719
-10.6,63,728.158603
283.2,70,728.268088
-24.1,43,728.336743
306.7,83,728.473933
-44.4,37,728.532121
286.1,56,728.61957
303.0,74,728.73401
29.9,57,728.824696
-26.2,66,728.928151
-69.1,74,729.042271
-34.6,88,729.179267
30.3,54,729.263978
-5.7,48,729.340058
24.3,48,729.418064
276.2,55,729.512971
39.4,54,729.59814
297.2,55,729.684791
21.8,54,729.770391
-48.2,34,729.824992
-48.5,75,729.9417
50.4,50,730.020455
292.1,74,730.136464
297.2,65,730.238257
318.9,89,730.380848
307.2,53,732.488487
-51.8,36,732.547641
24.7,59,732.647338
323.3,84,732.778351
41.1,67,732.883262
257.6,51,732.963579
12.5,48,733.040191
75.1,57,733.130667
286.9,78,733.253165
-4.6,37,733.312185
280.8,66,733.418854
5.8,83,733.548776
65.4,70,733.671138
331.2,67,733.776802
-102.4,53,733.859548
-66.2,29,733.90638
286.0,60,734.000416
-25.4,77,734.120187
302.1,63,734.218469
48.1,63,734.322403
52.5,55,734.412919
-27.8,46,734.485947
36.2,56,734.57805
274.5,57,734.679925
292.2,68,734.788708
-116.9,20,734.822199
-69.2,50,734.900774
18.5,73,735.017219
-26.4,73,735.130781
42.1,63,735.230625
321.2,75,735.350963
297.2,65,735.456866
-8.8,36,735.515244
39.4,51,735.595599
-22.4,88,735.756777
-52.6,63,737.906635
316.2,70,738.016963
293.9,68,738.123057
-36.2,53,738.207561
314.2,52,738.291209
40.8,55,738.382339
294.4,55,738.470197
-66.5,22,738.506537
42.1,48,738.583765
310.7,73,738.699278
13.0,54,738.789467
297.3,68,738.907811
337.2,68,739.015362
19.8,58,739.10831
-43.4,80,739.2323
-1.4,35,739.289507
297.2,49,739.371474
40.3,59,739.464431
26.3,43,739.534402
275.7,69,739.643787
70.4,54,739.727929
27.9,83,739.860231
30.4,55,739.946283
42.1,76,740.068703
5.8,47,740.145921
24.2,67,740.252463
8.6,42,740.322854
23.9,74,740.444135
40.2,79,740.567151
41.2,82,740.699063
300.9,63,740.797095
300.6,68,740.911021
-58.2,41,740.975816
306.4,66,741.080384
106.8,71,743.614185
315.7,52,743.697172
297.2,51,743.776088
332.2,71,743.88828
277.2,53,743.972314
42.4,43,744.041409
25.7,31,744.092164
-58.2,46,744.166091
8.7,66,744.270371
107.7,74,744.388736
38.2,47,744.465559
79.8,54,744.550897
303.9,62,744.648353
-74.3,37,744.710053
327.1,56,744.797313
-48.3,55,744.884074
-10.5,48,744.961505
-107.9,45,745.040717
62.4,64,745.143521
292.2,68,745.251556
307.2,56,745.34189
97.1,58,745.437756
65.4,49,745.51634
-60.2,38,745.577264
11.9,38,745.637878
25.8,52,745.721712
294.7,74,745.838316
-17.3,95,745.986295
3.6,41,746.060134
-59.9,52,746.146298
-41.2,70,746.253619
-40.5,46,746.326848
37.6,40,746.395676
-100.2,42,746.462715
38.2,66,746.567546
-65.3,76,746.686898
49.1,58,746.779507
-45.3,38,748.881942
258.9,68,748.991325
309.5,89,749.131028
40.8,58,749.227416
-1.4,41,749.292856
257.0,58,749.38696
-25.5,37,749.444672
299.2,54,749.53038
-52.8,44,749.59769
357.2,67,749.703612
291.7,81,749.828964
267.2,56,749.917184
23.9,49,749.995142
23.3,60,750.089638
-13.1,32,750.143275
287.2,57,750.24465
19.6,47,750.320702
31.1,78,750.445913
43.9,78,750.569354
292.5,66,750.673823
31.6,79,750.796355
-1.4,64,750.895761
-47.0,48,750.971736
-6.4,33,751.024503
300.2,65,751.127224
276.8,65,751.228637
-61.0,53,751.325155
-79.4,41,751.3934
312.2,49,751.471447
49.0,66,751.574593
334.8,71,751.686685
261.8,103,751.849403
319.0,51,751.947831
4.0,50,752.032903
287.2,50,752.112224
-1.4,28,754.138643
-28.5,33,754.195601
278.3,70,754.307816
314.0,72,754.434186
-49.4,40,754.497447
-11.6,76,754.616293
321.4,61,754.710825
321.0,63,754.809558
312.5,71,754.920677
55.4,65,755.0222
-48.2,49,755.099896
307.2,60,755.195081
274.9,85,755.332352
45.4,69,755.45387
59.4,58,755.546388
276.6,67,755.65079
305.2,83,755.779035
-6.4,29,755.825428
8.6,53,755.908329
282.2,53,755.990979
-107.8,50,756.070635
34.6,58,756.161756
318.2,81,756.289082
56.8,72,756.403884
15.4,74,756.520401
-1.1,54,756.606144
-25.4,50,756.685094
302.2,59,756.780245
17.5,56,756.869555
37.4,79,757.012394
322.2,54,757.105515
55.9,84,757.249274
322.2,50,757.3272
297.2,67,757.435806
94.5,65,759.529509
53.0,55,759.630382
292.2,48,759.705182
290.1,73,759.819232
11.1,51,759.899152
277.5,56,759.987234
275.5,66,760.091677
-100.0,45,760.162795
26.5,51,760.243942
296.7,70,760.353827
-26.1,47,760.430405
-23.8,61,760.52564
56.6,45,760.597121
40.4,42,760.664732
3.6,55,760.750286
46.1,70,760.860815
-29.2,33,760.91417
7.3,74,761.030345
282.2,47,761.102638
292.2,54,761.18661
50.4,52,761.267853
38.6,52,761.350449
53.7,65,761.455285
-68.5,20,761.489543
-39.8,65,761.595321
-73.6,86,761.735328
-58.1,64,761.834912
45.4,64,761.935111
-8.3,43,762.016963
9.0,44,762.087361
-82.3,37,762.151906
327.2,48,762.226677
317.2,63,762.336961
274.4,62,762.436773
-52.4,62,762.535017
68.0,50,762.630962
-19.5,40,762.697839
19.4,69,764.776069
71.5,66,764.883052
2.9,53,764.966243
-78.4,41,765.030457
22.7,40,765.094952
-43.0,52,765.177424
40.8,74,765.295465
85.4,52,765.380233
304.2,62,765.478997
311.0,63,765.577356
307.2,58,765.66856
19.4,51,765.754769
304.2,69,765.863612
-120.2,64,765.965005
60.8,62,766.062118
42.4,48,766.138892
46.2,75,766.255327
290.2,82,766.390664
30.1,50,766.470752
310.2,69,766.579918
55.0,61,766.676867
22.4,69,766.799305
295.2,56,766.888939
-15.2,45,766.9609
252.1,73,767.09569
292.2,50,767.179077
287.2,58,767.27204
90.8,82,767.422696
294.7,63,767.521606
254.2,58,767.626647
17.1,70,767.737978
-125.8,31,767.791911
-100.0,43,767.873051
28.7,69,767.981229
11.5,71,770.178142
346.2,62,770.327328
284.6,62,770.487654
5.6,71,770.684577
-78.3,39,770.815029
16.9,78,771.037347
2.0,57,771.158446
317.2,67,771.284785
54.2,55,771.467256
-38.6,56,771.576465
307.2,77,771.782574
-91.7,54,771.883401
-32.9,50,771.974583
272.5,70,772.179741
-26.3,63,772.338819
20.4,58,772.712105
-52.8,46,772.863025
328.8,72,773.04503
302.2,74,773.206356
-100.0,43,773.310293
-24.8,49,773.449419
32.9,67,773.560146
-7.4,39,773.623327
297.9,76,773.751402
-71.5,51,773.857319
-14.4,41,773.979945
1.7,66,774.162826
10.9,63,774.293923
41.6,72,774.423961
40.8,76,774.595963
11.0,87,774.779132
83.4,64,774.885068
307.2,64,774.985922
278.5,93,777.642629
301.2,75,777.788918
313.9,93,777.942652
66.6,61,778.042045
-86.8,36,778.116526
18.5,60,778.211706
-18.5,52,778.293216
-20.8,52,778.383987
-92.1,33,778.4378
68.9,50,778.525951
-63.3,34,778.581854
-58.6,42,778.648292
40.1,81,778.777143
-51.4,51,778.857396
8.6,55,778.947224
-31.5,78,779.07376
-63.6,53,779.159247
54.7,55,779.245815
-36.0,72,779.358001
-85.5,80,779.497007
296.9,79,779.619276
270.9,75,779.742631
316.0,64,779.843657
312.9,67,779.949374
0.5,47,780.024432
301.2,73,780.138404
-71.0,76,780.256166
59.4,68,780.408711
-15.0,37,780.490928
292.2,47,780.566338
14.0,76,780.685933
292.2,47,780.762339
27.0,64,780.862546
-44.5,62,780.971446
287.7,68,783.250151
291.1,51,783.361194
-44.4,47,783.457348
73.9,53,783.572125
-92.6,45,783.654949
-85.8,69,783.773111
287.2,56,783.869321
47.1,49,783.953338
-60.6,70,784.068521
-1.4,46,784.141221
73.0,53,784.229367
1.5,72,784.339541
-15.8,54,784.429824
265.2,49,784.517915
-146.4,68,784.648991
312.2,52,784.753698
309.2,61,784.88567
62.1,45,785.013261
43.7,91,785.3071
-8.7,67,785.422061
47.2,60,785.536323
-99.9,63,785.714005
275.3,78,785.923704
286.3,60,786.061061
-59.7,31,786.11005
308.2,70,786.227352
9.4,59,786.390785
-77.0,45,786.517317
307.2,62,786.627855
274.2,58,786.773865
289.1,68,786.941471
64.3,68,787.105059
28.6,55,787.264059
-74.5,50,787.373273
12.8,62,787.506135
-23.2,35,789.67405
11.1,64,789.775225
327.2,74,789.896753
-40.6,34,789.951613
312.2,63,790.050932
-8.1,52,790.133131
255.5,57,790.224757
47.8,63,790.325674
317.3,72,790.440903
275.5,55,790.535768
314.2,84,790.669603
-16.5,60,790.762914
-25.8,63,790.869154
331.0,93,791.016157
-1.9,43,791.091284
14.0,61,791.187817
21.0,65,791.288818
59.0,61,791.388243
293.6,46,791.460261
302.2,57,791.549219
310.7,55,791.63472
-3.2,52,791.738533
310.4,78,791.961437
-22.4,30,792.072719
305.0,85,792.229622
12.4,63,792.344884
-84.5,37,792.413461
-130.4,46,792.490924
292.2,54,792.586348
-48.2,24,792.636421
2.6,37,792.712332
279.2,65,792.825975
18.5,66,792.954851
-19.6,66,793.068655
-13.5,59,793.166884
45.4,62,795.918186
284.8,88,796.090782
271.4,64,796.194612
0.5,48,796.282159
23.1,59,796.38436
-23.2,65,796.520625
-47.8,24,796.572127
312.2,68,796.706885
-102.0,34,796.778746
267.5,44,796.870123
-6.3,66,796.99969
-18.1,65,797.12755
279.2,41,797.201277
65.4,39,797.276473
-29.0,36,797.33917
4.6,73,797.472451
0.6,28,797.526654
293.4,67,797.640891
277.2,57,797.75275
-36.7,59,797.857984
54.6,46,797.952509
287.2,66,798.070217
46.2,55,798.170206
302.2,61,798.281137
303.9,67,798.399753
-33.0,53,798.484411
297.5,66,798.589006
2.7,82,798.729331
6.6,64,798.843812
-36.6,45,798.92505
-85.0,54,799.010753
-30.9,56,799.113456
-34.0,67,799.234042
-6.1,71,799.376971
21.8,95,799.548844
-65.9,42,799.632055
51.6,43,802.098892
250.8,74,802.217108
-32.8,30,802.26378
-16.1,45,802.33683
48.2,45,802.416431
-11.4,27,802.46584
262.5,42,802.585384
-33.4,49,802.752998
269.5,58,802.858112
32.8,66,802.964165
282.6,66,803.075258
337.2,79,803.215967
-75.7,39,803.282656
41.3,52,803.371405
48.1,49,803.45219
277.8,71,803.563276
28.2,62,803.662934
-59.0,42,803.736872
63.9,78,803.85914
3.6,36,803.915407
3.5,73,804.030088
292.1,61,804.12492
282.3,74,804.286257
307.2,49,804.462135
312.2,50,804.624415
-16.5,47,804.712215
314.8,65,804.819153
-6.4,47,804.9045
270.9,71,805.041528
300.7,67,805.153657
-39.3,37,805.221827
304.5,60,805.321548
-13.1,31,805.371197
292.2,62,805.51103
23.6,63,805.614381
55.1,57,805.717739
66.0,63,805.824909
270.0,65,808.222684
-45.9,27,808.266717
34.5,68,808.379138
302.2,71,808.501635
314.5,67,808.620266
-4.3,27,808.665812
22.6,50,808.74436
-15.3,51,808.825101
286.7,71,808.938457
-19.0,51,809.019678
-162.5,50,809.10691
39.2,47,809.181644
307.2,67,809.28662
83.7,70,809.399983
280.6,62,809.497358
-13.8,53,809.58217
46.5,61,809.696493
272.2,53,809.78032
71.7,85,809.914376
-104.0,64,810.014671
47.6,67,810.120697
-63.0,55,810.209364
272.3,51,810.298501
266.1,68,810.408033
4.7,71,810.518894
63.3,69,810.628831
-94.8,42,810.694654
41.5,56,810.783338
322.2,76,810.910168
287.2,55,810.997277
0.4,73,811.1125
287.4,52,811.196545
317.2,64,811.302499
306.2,68,811.432943
317.2,56,814.135719
49.2,82,814.268795
-30.8,50,814.347043
72.0,63,814.448801
-1.0,71,814.567421
-84.1,54,814.654071
60.2,89,814.794241
-5.0,74,814.909504
-11.4,57,814.998973
43.5,66,815.111557
-4.1,36,815.172229
64.5,80,815.301125
-17.2,63,815.401012
288.9,88,815.53885
0.6,60,815.632305
322.9,78,815.762986
-62.1,42,815.829515
-105.7,39,815.897599
-30.5,53,815.981787
-110.6,45,816.053209
303.3,63,816.152754
311.0,48,816.227183
-50.8,38,816.295227
33.6,59,816.388156
286.5,79,816.516983
62.0,65,816.620359
275.3,56,816.709506
310.7,62,816.809639
334.5,56,816.915999
322.8,78,817.04121
277.4,69,817.148896
302.2,54,817.234601
50.4,67,817.339374
-50.2,26,817.381756
292.2,62,819.616145
-35.4,43,819.685012
293.4,57,819.776109
328.3,61,819.881533
310.2,54,819.969568
273.1,69,820.086879
35.8,74,820.205702
337.2,58,820.299034
29.6,50,820.379555
22.1,55,820.479816
326.0,58,820.57212
-21.7,79,820.696133
-108.3,54,820.783085
-96.8,55,820.871356
365.8,82,821.003922
-22.6,33,821.07585
7.1,63,821.178578
55.4,55,821.265587
36.9,63,821.364804
3.6,42,821.435171
30.4,53,821.518986
292.2,84,821.649117
100.7,91,821.801203
-40.0,52,821.883514
63.4,68,821.991645
44.6,77,822.120325
220.7,66,822.230871
3.0,61,822.337776
280.7,69,822.449289
302.7,65,822.552427
17.0,43,822.622219
-6.2,81,822.74917
50.2,61,822.844721
24.6,85,825.075724
-70.0,26,825.117636
-48.3,62,825.226942
297.9,71,825.3469
-75.6,55,825.436216
-51.5,44,825.505658
31.4,66,825.609104
57.9,65,825.710235
273.2,75,825.826778
-69.5,36,825.891374
25.6,80,826.017713
289.8,71,826.127655
267.9,68,826.234355
350.2,66,826.349583
52.5,67,826.45766
-78.4,48,826.542178
310.2,56,826.630989
-31.1,51,826.712424
302.2,54,826.797882
4.8,54,826.88411
286.1,60,826.979005
287.2,54,827.068096
302.8,83,827.205904
5.4,77,827.326069
82.0,79,827.456431
281.8,74,827.571663
-49.6,61,827.677459
287.2,52,827.761862
-104.1,73,827.878838
30.4,49,827.956345
-6.0,41,828.021762
302.2,67,828.128031
-33.7,60,828.222207
48.2,51,828.318915
50.4,59,830.579656
-36.6,48,830.657289
2.5,50,830.745638
-14.6,49,830.825313
269.9,79,830.950266
13.6,42,831.01802
255.9,67,831.124451
313.9,58,831.215073
58.1,87,831.362456
-66.7,63,831.462948
307.2,73,831.57705
271.7,76,831.695613
-57.8,48,831.77188
297.2,75,831.896586
-1.4,67,832.000398
-47.3,43,832.069282
57.4,63,832.16735
-28.9,64,832.265566
40.2,71,832.376901
291.1,77,832.515728
320.7,64,832.614494
-48.8,78,832.737962
341.1,69,832.846235
81.3,73,832.960994
-108.6,54,833.04676
307.2,54,833.139858
81.2,59,833.233265
50.2,49,833.311575
-0.1,50,833.391319
19.2,61,833.496898
265.8,92,833.642965
-60.0,22,833.68741
-43.0,64,833.787605
72.2,58,836.03938
45.8,48,836.12438
-19.3,72,836.236061
70.9,53,836.320265
285.4,66,836.426535
33.6,56,836.515552
55.4,52,836.602743
45.8,70,836.722008
-55.9,54,836.807549
41.8,39,836.870234
-84.1,38,836.929981
-48.2,39,836.993948
-27.0,46,837.067516
-56.9,32,837.118538
-6.4,33,837.172309
62.7,48,837.248422
55.4,54,837.341451
277.2,59,837.435394
281.9,69,837.543106
286.2,52,837.631702
19.4,48,837.712051
298.5,73,837.825666
-25.2,57,837.924643
-5.4,57,838.014667
272.2,46,838.088158
-11.6,70,838.196955
-51.3,55,838.281724
98.6,67,838.387014
45.7,45,838.465276
297.2,58,838.561413
0.9,77,838.692276
287.2,89,838.836683
16.7,69,838.944884
46.0,50,839.025849
14.8,64,839.136509
8.6,57,839.226685
11.0,62,841.468641
26.5,59,841.568792
259.0,76,841.687224
-20.9,62,841.797693
-22.9,41,841.863787
-9.5,46,841.93756
317.6,69,842.044729
275.5,66,842.155141
74.1,70,842.264828
-5.7,78,842.386704
244.2,78,842.51272
292.2,55,842.598135
50.3,73,842.720638
-39.7,86,842.869984
33.0,58,842.960063
40.0,51,843.041286
316.2,63,843.14035
-1.5,39,843.202881
-33.1,50,843.289361
-41.9,73,843.405422
-28.1,58,843.496329
-60.2,69,843.604351
-59.9,35,843.662165
29.2,76,843.781847
246.4,70,843.89823
-85.3,53,843.981605
56.8,57,844.073319
14.1,42,844.148526
-9.4,51,844.232084
272.3,61,844.326615
287.2,53,844.414715
94.6,80,844.550202
277.2,44,844.618789
12.2,64,844.720555
-58.2,23,846.921642
27.4,47,847.000386
83.3,70,847.118564
-16.4,49,847.195132
-8.9,52,847.277513
332.2,58,847.368211
32.5,53,847.453795
-43.2,49,847.538298
312.2,70,847.646772
1.3,74,847.762495
57.7,70,847.872314
-68.9,54,847.957235
55.1,65,848.059616
-9.3,48,848.143842
282.5,70,848.253699
302.2,63,848.35238
-7.9,61,848.449735
73.9,87,848.58564
42.9,90,848.733005
20.6,46,848.805144
273.5,77,848.925303
328.4,98,849.083649
34.9,57,849.17269
223.8,79,849.305688
41.0,72,849.420064
23.9,68,849.526087
21.3,52,849.608362
321.2,61,849.704264
27.0,75,849.82186
301.2,70,850.012683
68.6,76,850.257674
242.2,58,850.377893
362.2,72,852.648
5.6,44,852.718745
-16.4,68,852.82592
12.7,71,852.948435
-11.2,37,853.008347
306.9,73,853.12408
34.2,31,853.173332
20.1,64,853.282623
-88.6,46,853.355929
16.5,56,853.448194
292.2,79,853.580073
-9.1,48,853.65523
85.4,58,853.747582
276.1,66,853.851693
74.4,79,853.975868
312.2,57,854.069258
-20.2,56,854.163244
240.0,77,854.298866
297.2,59,854.390813
45.4,59,854.487397
287.2,55,854.574293
312.2,61,854.677921
6.5,84,854.814169
-43.2,31,854.863421
282.2,49,854.939947
10.6,59,855.034667
279.8,62,855.134082
296.2,72,855.248742
76.2,56,855.364762
5.5,60,855.462749
7.5,57,855.554107
-9.2,82,855.68424
37.5,74,855.799618
-25.7,55,855.895679
-106.3,77,858.13271
3.0,67,858.238029
3.4,62,858.343105
292.2,71,858.468386
45.4,44,858.53814
48.9,51,858.618921
58.3,67,858.723593
-31.5,62,858.821265
56.8,65,858.932362
269.2,57,859.021436
77.2,63,859.121019
282.9,72,859.232872
286.1,76,859.353059
287.2,57,859.450836
270.4,58,859.556236
292.2,71,859.667365
-10.6,70,859.775792
294.2,83,859.906832
330.2,74,860.022691
334.2,61,860.129327
-1.4,34,860.184568
38.7,75,860.305004
292.2,57,860.392693
35.4,32,860.448809
42.7,66,860.555123
322.2,55,860.641545
297.2,62,860.747849
-7.7,75,860.868403
-37.6,49,860.946374
-1.0,79,861.070253
304.2,74,861.186754
3.4,51,861.276047
22.7,36,861.336638
-23.9,69,863.580487
317.2,62,863.702825
21.0,48,863.777973
5.3,29,863.823703
15.4,50,863.90329
280.5,78,864.025241
292.2,73,864.140125
4.7,37,864.20035
-60.5,51,864.290729
-63.5,64,864.391268
3.6,72,864.50612
262.7,74,864.622601
28.0,59,864.718146
305.7,77,864.842698
-59.1,37,864.911309
306.2,59,865.005345
56.0,58,865.095292
290.2,66,865.199662
-21.1,44,865.272338
-22.0,56,865.361452
-14.0,49,865.442558
-32.2,72,865.564931
282.2,67,865.676603
16.0,62,865.777467
303.6,75,865.895637
18.3,69,866.005076
18.2,47,866.08937
31.7,59,866.183988
272.2,50,866.262725
42.4,70,866.373573
268.2,74,866.498189
-27.1,32,866.552282
309.2,80,866.687563
-107.9,66,866.804201
-62.5,54,869.036005
-6.8,62,869.141456
37.6,57,869.230064
277.2,52,869.312537
311.7,74,869.431711
311.2,46,869.504238
112.5,75,869.624876
302.2,68,869.738094
7.6,41,869.804733
40.7,80,869.935005
-34.9,47,870.008177
-45.4,32,870.058201
60.4,50,870.137456
-107.8,39,870.199398
-96.7,19,870.23023
281.0,70,870.348981
307.2,55,870.439389
290.7,56,870.527969
111.2,80,870.654722
320.2,59,870.746097
-18.1,50,870.826771
296.7,68,870.950911
0.3,67,871.055141
297.2,54,871.140168
-30.1,48,871.216246
-29.2,31,871.266635
250.3,88,871.404411
-49.1,36,871.466367
278.2,64,871.572124
275.5,50,871.649983
-40.3,51,871.730756
-11.4,32,871.783247
-18.4,65,871.889851
-84.3,39,871.963207
317.2,66,872.075032
263.2,84,872.207767
-21.7,49,872.284684
56.1,65,874.538318
4.4,57,874.628782
12.4,57,874.717248
2.1,89,874.855469
58.7,60,874.94871
-32.1,67,875.071341
311.2,49,875.152175
50.4,83,875.283172
284.3,51,875.362735
-6.2,34,875.420536
292.2,56,875.508616
20.5,64,875.607989
337.7,70,875.724335
60.4,44,875.7935
8.2,67,875.8987
327.2,81,876.024554
-33.6,38,876.095774
306.2,54,876.181099
317.2,59,876.279468
-99.2,62,876.377228
296.3,58,876.470384
-49.8,56,876.558749
-63.1,40,876.622314
33.7,82,876.755226
42.3,67,876.859587
322.2,57,876.958207
293.2,82,877.08813
282.2,66,877.191225
47.8,80,877.316818
19.5,60,877.414017
-5.7,43,877.493173
-20.3,43,877.562409
-76.4,28,877.605981
1.9,53,877.689752
-9.5,50,879.932366
-134.1,40,879.997029
-11.4,29,880.044598
-28.6,50,880.124054
-31.7,81,880.26789
7.2,49,880.34598
39.6,70,880.460889
35.4,68,880.575724
247.0,64,880.677541
-10.5,70,880.787668
301.0,61,880.883703
42.4,43,880.953021
288.7,78,881.083426
-32.8,31,881.134072
-68.8,74,881.251292
-54.2,67,881.355108
-28.1,42,881.424851
78.7,51,881.505768
-8.6,52,881.58782
71.3,56,881.684945
37.2,62,881.785409
8.8,44,881.856152
19.2,60,881.95206
327.2,66,882.054178
0.9,67,882.159882
-49.0,42,882.23138
270.7,64,882.34433
-15.8,43,882.412332
65.4,56,882.504902
41.3,52,882.58658
30.5,74,882.703399
270.5,61,882.800426
-10.1,26,882.843881
-15.0,36,882.910837
292.2,61,883.006083
-54.7,37,883.064437
-65.9,45,883.135595
-31.3,57,883.224974
298.8,72,885.491387
338.9,78,885.615638
253.2,89,885.755701
-87.7,27,885.79918
-3.8,39,885.8613
30.4,34,885.923695
307.2,60,886.019524
8.6,33,886.072133
285.7,76,886.189725
57.1,61,886.284205
-7.5,54,886.370637
-82.7,52,886.464194
321.2,61,886.567093
332.3,65,886.670274
306.2,68,886.777993
-14.7,45,886.849758
-9.4,50,886.92995
-33.2,49,887.005622
330.1,78,887.136317
45.9,52,887.218307
-40.6,41,887.284188
58.3,70,887.394547
-3.6,77,887.526279
-10.4,66,887.628743
-26.1,41,887.730217
-22.9,68,887.967497
269.1,60,888.11011
-5.3,44,888.179081
282.2,50,888.257133
-26.4,49,888.341944
-68.5,40,888.406321
74.8,72,888.53387
-122.2,53,888.617145
297.1,69,888.725609
290.7,63,888.822331
322.2,63,891.070143
-32.3,27,891.113218
14.7,55,891.200696
-25.7,42,891.274242
295.2,52,891.357342
204.4,87,891.495473
297.2,54,891.590706
5.7,68,891.698814
-15.0,58,891.790066
21.6,69,891.90618
-30.0,38,891.966628
21.6,53,892.050984
-83.4,64,892.148523
-103.1,59,892.241733
-48.2,28,892.28731
-64.3,51,892.367034
-51.8,54,892.457546
-36.6,74,892.583296
71.6,63,892.697123
316.0,56,892.785708
-2.6,55,892.873586
27.6,50,892.953424
247.4,54,893.039671
53.6,75,893.168192
43.7,59,893.260538
8.6,62,893.359261
-45.7,46,893.437106
280.5,64,893.538022
30.0,49,893.617049
5.5,39,893.687921
-100.0,49,893.765137
307.4,64,893.865457
59.4,45,893.938084
-81.2,60,894.031774
78.5,64,894.131391
51.6,54,894.217058
46.2,57,894.31507
311.1,60,896.629955
-99.6,62,896.740011
62.3,76,896.871497
36.8,58,896.962803
37.6,75,897.080597
-41.8,53,897.164779
357.2,61,897.261587
282.4,81,897.396153
-25.2,64,897.499889
288.0,50,897.578983
-111.8,47,897.652276
89.7,69,897.761174
277.2,67,897.869675
-141.6,52,897.954712
83.6,90,898.096114
3.4,37,898.154035
277.2,52,898.234123
-51.2,37,898.291784
-85.0,44,898.361165
305.7,61,898.459045
-42.3,71,898.577651
287.2,60,898.672169
55.6,73,898.785796
-10.4,77,898.911771
286.0,54,898.996618
40.5,76,899.127053
-48.2,48,899.200496
297.2,50,899.279102
15.1,65,899.380452
-53.6,52,899.46437
44.2,41,899.530452
322.2,63,899.628922
331.6,83,899.764814
-34.7,49,899.848509
-12.2,67,902.098193
273.5,59,902.191101
38.0,65,902.291916
-18.8,58,902.383641
39.0,67,902.492647
292.2,71,902.603881
-43.5,37,902.665334
4.4,50,902.748716
312.2,61,902.843362
32.7,48,902.919671
327.2,51,903.004625
-50.6,81,903.129836
67.5,81,903.257639
67.7,63,903.363319
40.4,39,903.429675
302.2,55,903.514375
337.2,72,903.626027
-86.2,53,903.70884
-13.1,60,903.804192
-48.2,33,903.856832
31.5,54,903.950374
4.1,58,904.054368
282.2,56,904.143509
302.2,59,904.237135
272.3,58,904.327722
282.2,74,904.446337
297.2,63,904.552168
-17.3,53,904.636545
40.4,40,904.700425
309.2,86,904.834386
-12.7,55,904.920952
304.9,76,905.045694
45.4,57,905.152385
44.4,75,905.274278
341.3,77,907.520041
-11.4,74,907.634845
-10.0,60,907.728102
11.8,64,907.82901
292.2,52,907.909727
264.3,98,908.065876
18.5,71,908.192192
53.1,53,908.276322
12.8,64,908.377045
43.1,54,908.466017
40.9,38,908.526401
14.7,54,908.612969
292.2,54,908.70446
59.3,47,908.779807
22.4,47,908.855237
304.2,61,908.949798
28.7,70,909.058675
-26.1,34,909.113673
25.8,61,909.2149
282.1,64,909.327415
27.7,78,909.452972
68.1,51,909.534077
48.3,66,909.638938
282.8,60,909.736149
289.7,52,909.817551
-45.0,59,909.917268
9.3,48,909.992925
308.4,74,910.108572
7.8,38,910.169824
327.2,53,910.25229
-0.5,74,910.370183
300.4,61,910.476139
-36.6,54,910.56397
51.2,55,910.651314
43.5,81,912.901804
21.7,86,913.036864
313.6,61,913.132592
25.9,65,913.234023
50.5,65,913.339704
332.2,55,913.443684
-34.2,68,913.557842
276.9,76,913.675638
285.1,71,913.786264
34.0,92,913.929469
38.8,61,914.024947
42.3,75,914.150497
40.4,48,914.226298
3.1,70,914.336493
301.0,58,914.429768
-25.9,64,914.530148
13.1,49,914.607118
17.3,59,914.708193
-75.7,39,914.770153
-55.6,37,914.829889
5.1,61,914.926286
41.1,74,915.042126
272.3,47,915.11579
1.6,48,915.19437
267.8,74,915.318002
317.2,50,915.396858
-12.9,43,915.474672
-4.5,38,915.535857
65.6,59,915.629904
329.9,58,915.724832
85.4,50,915.80709
-21.5,45,915.889094
-1.0,81,916.023886
49.3,81,916.148537
71.0,83,918.662022
13.1,46,918.735237
39.4,69,918.844373
307.2,65,918.957026
-58.3,72,919.069241
273.0,49,919.147465
-44.7,56,919.237443
293.9,53,919.321542
-5.8,57,919.412277
277.2,40,919.485454
14.5,67,919.595959
282.2,63,919.69401
4.4,87,919.829538
271.5,72,919.941327
-31.3,48,920.01823
-62.0,48,920.101975
-63.3,56,920.189326
83.0,60,920.284817
-52.6,41,920.35107
327.3,82,920.483449
-39.6,52,920.565121
289.4,68,920.692134
270.7,61,920.788153
268.9,69,920.896168
58.8,71,921.008114
-95.8,51,921.089601
274.2,76,921.207911
305.3,81,921.344592
-100.0,64,921.444785
15.9,43,921.514489
-37.3,25,921.554146
75.9,76,921.689791
322.2,41,921.754998
-17.7,39,921.817454
36.3,61,924.368491
47.1,49,924.448587
282.2,58,924.539525
263.9,60,924.634712
317.1,63,924.745553
58.3,65,924.854992
29.9,61,924.958911
40.8,67,925.065651
5.2,76,925.185987
40.0,64,925.28937
-40.8,38,925.350322
-0.9,80,925.486488
-105.0,26,925.528186
-6.4,41,925.592146
-43.2,41,925.658693
286.3,63,925.756958
244.8,78,925.892014
-30.1,74,926.006423
-85.9,56,926.102711
288.8,92,926.247496
67.6,51,926.327536
3.1,70,926.437136
26.2,60,926.535517
278.7,67,926.640474
40.9,58,926.739131
-22.9,46,926.81425
-17.4,51,926.895082
295.2,56,926.982873
46.8,64,927.083467
302.2,46,927.15581
45.7,57,927.245823
302.2,50,927.331136
13.1,71,927.447588
321.5,74,927.566336
289.2,71,929.838713
302.2,61,929.936611
-13.0,59,930.041288
270.5,71,930.160992
-20.4,65,930.269945
291.7,60,930.367534
327.2,106,930.537212
288.1,72,930.650746
58.9,39,930.716927
49.6,58,930.809001
66.8,81,930.944942
316.9,96,931.09563
85.0,75,931.214349
-11.4,33,931.268043
287.2,67,931.375395
327.2,83,931.537127
302.2,63,931.635147
282.2,54,931.72095
55.4,46,931.794017
11.3,66,931.89905
50.9,62,931.997065
-55.3,29,932.049466
33.5,45,932.129526
2.9,66,932.233092
45.8,36,932.292058
-11.4,45,932.362374
292.5,62,932.46124
-47.7,46,932.534459
301.6,61,932.631532
24.2,47,932.714685
311.2,68,932.822303
81.4,41,932.890222
-82.8,70,933.001899
-48.3,73,933.129282
60.4,49,935.361623
-11.4,67,935.469405
-24.5,50,935.548032
-36.7,76,935.67634
293.3,75,935.795127
275.5,42,935.863393
22.5,53,935.948515
-3.3,66,936.05135
-32.3,39,936.115216
297.2,42,936.187763
278.7,56,936.282435
281.6,69,936.390913
-131.6,51,936.47481
26.8,56,936.563842
291.1,48,936.6403
5.4,60,936.736089
275.7,58,936.827087
25.4,61,936.932012
13.9,62,937.030059
-32.5,69,937.139457
328.3,74,937.26814
-13.7,53,937.350586
64.4,76,937.478855
342.2,54,937.562902
-106.4,37,937.621881
67.7,68,937.729323
-32.2,69,937.83582
312.2,73,937.950161
6.4,61,938.046438
67.0,80,938.181917
-11.5,39,938.253724
294.6,53,938.342188
46.3,50,938.421417
42.5,79,938.550068
307.2,58,940.794696
-106.2,24,940.832944
45.4,78,940.956194
70.7,59,941.049414
-58.2,22,941.093904
-48.6,63,941.191149
76.3,61,941.287279
-6.5,50,941.379536
32.7,45,941.453471
-42.2,69,941.561728
75.4,55,941.648099
-64.1,28,941.702378
-68.9,83,941.831529
323.0,69,941.93984
53.9,40,942.003981
50.7,77,942.125259
-67.8,38,942.185524
-7.5,46,942.258588
315.7,59,942.359608
-90.6,49,942.450286
291.2,72,942.564809
72.4,46,942.638188
312.2,58,942.73045
-82.7,25,942.769838
282.6,75,942.896458
30.4,48,942.971663
307.2,64,943.071701
27.9,61,943.167108
-15.0,61,943.263557
-65.5,48,943.340073
21.1,71,943.453558
309.4,81,943.588849
-37.9,66,943.690708
-68.0,65,943.793683
308.2,85,943.928891
307.2,61,944.023674
14.2,59,946.299919
8.1,45,946.370859
335.7,61,946.477139
29.9,61,946.586525
37.4,53,946.670832
345.4,92,946.816126
-132.3,60,946.910556
309.7,50,946.988784
332.2,69,947.104833
32.5,64,947.204894
282.6,74,947.320447
273.4,49,947.397907
66.6,64,947.50094
34.3,57,947.590764
24.1,52,947.681034
306.0,59,947.774329
279.7,53,947.857931
13.1,50,947.937828
284.8,83,948.068829
36.5,60,948.163656
367.2,80,948.296973
-60.7,45,948.367453
-104.1,24,948.406249
-32.3,28,948.45407
-62.2,39,948.516309
289.1,80,948.646421
-42.9,57,948.735309
15.0,34,948.789824
70.4,43,948.857291
-71.9,18,948.89521
321.0,68,949.001122
3.6,65,949.101897
55.5,71,949.213161
300.7,56,949.301812
317.2,62,949.398455
321.4,67,949.514313
33.7,64,951.777665
11.1,53,951.869081
287.2,61,951.965601
13.6,37,952.02452
-15.2,49,952.102157
80.4,70,952.211537
41.8,64,952.313006
252.5,72,952.425899
278.1,55,952.522527
-11.4,37,952.582137
-44.2,26,952.623616
115.4,54,952.709817
-109.7,61,952.809681
30.3,70,952.920223
-2.6,45,952.991165
-33.2,25,953.030797
317.2,76,953.157184
72.0,80,953.281623
35.4,49,953.359194
-77.0,64,953.464354
-2.2,58,953.55702
-65.0,51,953.637398
38.6,46,953.718037
-1.6,57,953.821408
32.3,49,953.899402
3.9,65,954.000855
299.2,69,954.109644
24.4,48,954.185101
294.3,59,954.28498
-31.2,71,954.396379
287.2,53,954.481446
-14.0,35,954.538938
299.2,63,954.638637
296.8,71,954.751345
8.6,47,954.831238
-65.1,65,954.946298
-8.4,50,955.026242
-5.0,40,957.578399
309.2,71,957.692237
282.2,57,957.782614
78.0,60,957.887053
-6.1,56,957.988177
305.2,68,958.095487
316.2,64,958.196932
37.9,58,958.289737
281.2,49,958.368311
-7.4,40,958.432168
96.6,71,958.557965
322.2,62,958.654495
0.7,60,958.749541
65.4,34,958.805875
70.4,47,958.881378
-93.8,45,958.96045
55.4,55,959.065112
297.2,72,959.182616
-25.4,47,959.258117
268.3,61,959.354274
-39.2,57,959.442838
63.4,52,959.528516
-118.6,52,959.609322
236.8,89,959.756364
60.6,76,959.875124
-20.9,49,959.952996
325.0,63,960.052699
-14.3,40,960.117724
-27.7,54,960.206022
281.7,72,960.329108
327.2,59,960.423109
282.2,54,960.511536
-42.1,72,960.624841
320.5,69,960.73383
304.0,67,960.84036
42.7,49,963.08103
25.7,49,963.173311
-59.2,58,963.273922
10.9,63,963.374913
322.3,76,963.497843
90.6,71,963.610502
312.2,50,963.690093
264.7,65,963.793897
295.9,64,963.90493
282.2,51,963.998572
322.2,58,964.147187
311.2,60,964.336403
-18.6,59,964.430117
-124.3,35,964.49521
41.1,57,964.584907
5.1,42,964.651115
274.8,67,964.755383
302.2,62,964.851448
-79.6,52,964.933054
3.2,89,965.079974
-11.3,63,965.181577
317.2,54,965.272394
272.3,63,965.37214
302.0,73,965.490271
307.2,62,965.588045
25.4,55,965.681564
37.0,73,965.796162
-76.1,40,965.859776
57.3,72,965.972208
3.3,80,966.095877
302.2,72,966.20883
5.6,80,966.350016
12.8,49,966.426383
-54.4,60,966.524603
-122.8,48,968.772171
312.2,66,968.875368
332.2,49,968.951748
282.8,63,969.050027
-66.1,58,969.142185
304.2,63,969.239716
26.2,51,969.333733
86.8,56,969.426882
34.5,48,969.504869
-63.2,42,969.571606
-5.1,40,969.635525
-67.5,34,969.689174
297.2,67,969.794128
-55.6,60,969.895001
38.9,60,969.988841
-27.5,54,970.074959
6.0,74,970.191045
4.7,59,970.28546
247.2,85,970.426445
114.4,66,970.539337
309.2,86,970.674156
50.5,87,970.809141
-4.7,55,970.895396
282.2,61,970.990281
19.0,55,971.083473
265.5,64,971.18477
327.2,70,971.294111
263.4,64,971.393453
10.0,50,971.487183
60.4,48,971.563755
287.5,61,971.659028
8.3,48,971.743304
10.0,46,971.815333
-97.3,51,971.895213
46.1,62,974.150982
271.1,60,974.246724
-47.6,33,974.300023
-96.0,46,974.374145
47.8,57,974.466642
300.2,45,974.549678
282.2,49,974.628257
-27.3,38,974.697784
-66.3,42,974.764193
271.9,70,974.873993
307.2,60,974.96977
-29.2,23,975.008578
33.8,80,975.133006
-116.1,14,975.157491
45.8,53,975.240987
10.7,48,975.328068
347.0,74,975.445494
56.1,76,975.583468
46.1,63,975.685638
17.7,60,975.781188
39.6,53,975.873336
-65.9,32,975.926645
40.5,64,976.027801
-107.3,20,976.061494
277.3,68,976.167538
259.0,67,976.27236
54.2,66,976.376997
282.2,65,976.489684
320.5,61,976.586338
297.2,55,976.675147
20.4,81,976.803754
-16.5,36,976.861357
44.4,63,976.961822
296.2,67,977.072395
245.4,66,977.177879
16.2,87,977.315446
301.1,89,977.453837
-9.4,52,979.706105
319.3,67,979.822265
-23.4,37,979.881246
49.6,70,979.99146
86.9,80,980.124654
-100.0,73,980.236657
279.7,84,980.369217
307.2,63,980.469313
54.1,71,980.581517
-53.2,44,980.650535
-67.2,31,980.707146
19.2,63,980.807609
273.9,68,980.91427
-37.1,42,980.981596
50.4,46,981.054282
-100.0,46,981.124849
7.2,41,981.190419
60.4,57,981.287763
50.4,95,981.438354
13.0,73,981.55442
284.2,63,981.654227
36.6,43,981.723251
-47.9,49,981.807585
63.3,65,981.91676
36.4,57,982.007099
43.7,52,982.08951
268.3,59,982.182469
347.0,89,982.323097
253.9,49,982.398925
327.2,62,982.50736
-23.1,54,982.592961
282.2,51,982.673049
3.6,59,982.765423
-21.6,55,982.865149
-47.0,46,982.937835
324.5,62,985.190835
-58.2,44,985.260025
1.5,75,985.37971
44.5,49,985.458781
325.7,63,985.571108
277.7,71,985.683501
70.4,63,985.784638
298.7,104,985.954653
258.2,94,986.110447
301.2,61,986.205351
327.2,66,986.308706
28.2,58,986.400681
287.2,57,986.494558
314.7,61,986.590739
342.2,57,986.688468
-26.4,70,986.799638
302.2,55,986.886469
30.9,71,987.009571
61.8,73,987.12366
-32.5,40,987.187779
46.7,66,987.299991
302.2,59,987.39192
45.4,42,987.459551
32.1,65,987.56513
27.4,65,987.665306
317.2,61,987.760692
287.3,54,987.846275
19.3,65,987.957711
371.2,65,988.071322
287.2,55,988.15816
8.6,41,988.2232
275.2,76,988.34201
3.6,39,988.403939
-22.9,53,990.638393
-21.2,44,990.708078
292.1,57,990.800734
292.2,57,990.897602
68.1,59,990.991275
293.6,94,991.150643
16.0,62,991.246445
-58.6,50,991.32569
-1.4,52,991.408062
17.4,44,991.488876
276.2,70,991.597676
273.9,74,991.713705
292.2,54,991.799319
307.2,53,991.882382
-34.8,50,991.96263
-100.0,58,992.052386
40.4,67,992.183397
-38.2,41,992.249174
-6.5,39,992.310937
32.4,58,992.402378
-25.8,27,992.447025
27.9,51,992.529432
307.1,85,992.672042
-64.0,58,992.764244
266.5,57,992.854254
-7.4,68,992.960766
-47.1,60,993.055141
-47.2,52,993.13779
306.2,53,993.221286
306.9,65,993.384335
267.1,82,993.61693
80.3,77,993.784653
-47.9,63,993.892637
-32.4,72,994.006012
291.2,49,994.083969
-133.2,29,996.296365
292.2,45,996.380041
76.6,47,996.454026
11.0,56,996.545592
321.5,69,996.653782
310.7,50,996.732987
-51.7,27,996.775975
22.6,47,996.850672
357.7,89,996.999795
279.6,65,997.102051
-48.2,51,997.183033
294.2,70,997.293446
-33.8,35,997.350078
306.2,78,997.483311
302.2,51,997.563704
-15.3,39,997.627719
16.0,87,997.76525
-54.7,52,997.847109
12.5,61,997.943825
-30.5,55,998.031556
284.6,65,998.142568
-21.7,83,998.274026
45.4,40,998.337723
6.6,79,998.471998
60.5,71,998.585452
-70.0,38,998.647643
73.7,65,998.760697
58.4,72,998.873831
-58.2,12,998.895303
290.2,61,998.990046
25.8,53,999.074584
54.1,55,999.162679
62.8,79,999.296931
-35.2,43,999.368412
10.9,55,999.464924
-48.3,27,999.511981
-8.1,47,999.585039
44.4,53,1001.82363
-11.4,25,1001.864849
-11.5,60,1001.959154
279.2,58,1002.050444
297.2,48,1002.126977
17.4,42,1002.193205
282.2,64,1002.300993
312.2,64,1002.398956
267.9,45,1002.471626
91.5,61,1002.575826
295.3,67,1002.67981
32.1,66,1002.783796
-50.6,33,1002.837818
19.9,41,1002.910628
287.2,56,1002.998081
326.0,75,1003.115508
-122.4,65,1003.216788
275.5,74,1003.332553
-47.5,52,1003.414884
327.2,56,1003.513715
50.5,75,1003.64604
10.3,69,1003.75363
378.8,72,1003.867287
-72.5,61,1003.962806
-62.6,69,1004.077404
0.2,44,1004.149028
-12.8,43,1004.218124
39.0,48,1004.293091
17.1,81,1004.420581
13.5,52,1004.504708
50.4,42,1004.574841
318.4,66,1004.698004
18.3,68,1004.806682
258.2,86,1004.941082
303.5,64,1005.041464
-17.8,84,1007.326936
267.1,61,1007.423994
287.2,56,1007.515165
274.0,76,1007.634936
263.3,61,1007.746912
315.2,50,1007.826131
262.9,69,1007.934617
37.6,45,1008.006496
-26.6,49,1008.084282
292.2,55,1008.169717
-14.7,75,1008.295528
79.0,64,1008.397402
0.4,59,1008.494637
292.2,70,1008.604589
309.5,58,1008.69643
327.2,68,1008.81555
53.2,82,1008.954134
292.2,55,1009.039698
-27.7,42,1009.106559
-22.1,46,1009.179633
285.5,59,1009.270985
-5.0,36,1009.328802
30.5,61,1009.424627
33.0,86,1009.568783
26.3,42,1009.636127
292.2,60,1009.731329
325.2,58,1009.821387
60.4,41,1009.88761
-28.1,58,1009.97892
332.2,47,1010.051702
57.4,75,1010.177428
24.0,52,1010.259634
16.8,102,1010.421261
7.0,60,1012.677842
344.8,61,1012.773146
80.4,58,1012.864886
59.8,68,1012.982876
-88.9,30,1013.032343
-14.4,43,1013.108227
302.2,45,1013.177756
26.0,67,1013.282879
15.0,49,1013.359558
-113.6,40,1013.423417
255.9,86,1013.561045
30.3,47,1013.635397
29.8,58,1013.737077
82.7,88,1013.875588
288.5,65,1013.977337
302.2,58,1014.070951
291.2,53,1014.155459
292.2,57,1014.246924
-47.1,66,1014.359153
54.2,67,1014.46541
44.9,69,1014.577632
59.4,55,1014.666235
279.9,88,1014.804163
53.9,58,1014.905156
299.8,67,1015.018456
-19.8,41,1015.084964
3.1,53,1015.17247
15.2,50,1015.252473
81.6,63,1015.354626
290.7,72,1015.478113
28.7,76,1015.599083
-3.1,41,1015.667549
6.5,58,1015.759149
297.2,79,1015.881449
302.2,52,1015.974239
-20.4,60,1018.227802
28.3,55,1018.316175
287.2,45,1018.386608
-10.1,58,1018.490902
47.3,48,1018.566487
18.6,45,1018.639137
-85.7,51,1018.71891
38.9,58,1018.810309
36.1,62,1018.909438
314.3,64,1019.010731
307.2,59,1019.125042
45.9,66,1019.230601
56.7,50,1019.309958
324.2,85,1019.444714
21.5,55,1019.535341
-11.8,67,1019.641648
292.2,77,1019.771169
23.4,60,1019.865987
-83.1,69,1019.974577
287.6,99,1020.138554
-1.5,46,1020.211524
327.2,55,1020.30844
-86.1,34,1020.36233
-71.9,49,1020.440677
-64.2,60,1020.536821
56.8,54,1020.623704
62.9,59,1020.717151
322.1,100,1020.883938
282.2,60,1020.976106
-58.2,23,1021.014228
48.9,62,1021.111239
275.5,53,1021.206778
315.5,79,1021.331948
297.2,54,1021.416756
-36.5,63,1023.675136
-3.8,60,1023.76999
313.7,66,1023.880122
58.4,47,1023.956774
37.8,55,1024.044992
311.2,58,1024.13554
-18.9,76,1024.264811
287.2,40,1024.3304
-12.6,45,1024.402568
281.3,62,1024.511466
-49.7,35,1024.567677
307.2,70,1024.677876
9.2,60,1024.77117
40.4,61,1024.866784
-128.4,23,1024.906128
41.2,57,1024.998765
305.5,50,1025.086417
52.4,64,1025.187458
297.2,61,1025.286891
-70.3,58,1025.389966
322.2,70,1025.502299
51.2,78,1025.625503
-42.8,29,1025.680493
-129.8,21,1025.715696
303.2,70,1025.825458
21.4,58,1025.916533
327.2,64,1026.01677
279.5,72,1026.129371
29.7,70,1026.240866
75.4,47,1026.323124
17.1,58,1026.41511
297.2,56,1026.506065
37.4,59,1026.600903
41.2,81,1026.729147
-48.3,58,1026.819816
302.2,62,1026.925192
280.1,53,1029.140265
-100.0,19,1029.17197
37.2,67,1029.286547
42.9,70,1029.397846
39.2,54,1029.500998
287.2,58,1029.594228
275.8,79,1029.718445
287.2,51,1029.799253
-66.2,52,1029.890766
297.2,46,1029.964833
29.3,59,1030.058489
12.0,60,1030.152044
28.3,57,1030.243403
357.2,58,1030.33672
295.2,44,1030.438988
287.2,61,1030.62171
-43.2,32,1030.713774
294.2,53,1030.852154
78.4,50,1030.930362
350.7,55,1031.017687
31.5,64,1031.127969
68.6,64,1031.228458
312.2,64,1031.32916
-50.6,60,1031.423541
296.0,66,1031.53732
14.5,66,1031.641118
-10.4,64,1031.751438
281.2,65,1031.855027
-47.2,70,1031.964624
45.4,58,1032.056809
295.7,76,1032.176537
243.7,73,1032.301604
296.2,71,1032.413156
-47.4,42,1032.485765
261.4,66,1032.599254
-151.9,56,1034.850802
294.2,57,1034.940577
-37.7,59,1035.034067
-22.1,51,1035.114677
-48.2,47,1035.190166
-31.9,42,1035.256754
309.3,81,1035.393816
297.2,84,1035.528515
23.4,36,1035.58569
287.2,62,1035.687881
313.0,73,1035.800106
-39.0,67,1035.913701
-2.8,59,1036.006192
250.0,90,1036.14774
55.4,66,1036.249539
272.9,64,1036.349569
279.5,49,1036.426302
-48.2,23,1036.467873
282.2,58,1036.563408
307.2,60,1036.657588
-53.2,19,1036.696407
29.9,84,1036.828926
45.2,69,1036.936012
334.2,68,1037.042398
310.7,72,1037.16222
20.7,53,1037.246909
55.0,62,1037.346493
292.2,66,1037.449273
291.2,64,1037.554955
273.1,62,1037.652344
65.8,66,1037.775048
281.2,68,1037.881237
-58.8,75,1037.998335
-28.4,73,1040.25625
292.2,47,1040.331641
-51.4,35,1040.387867
-65.0,35,1040.444164
-37.1,48,1040.52421
38.1,55,1040.610917
307.2,49,1040.695683
28.6,66,1040.803779
-11.4,60,1040.906495
-38.9,43,1040.975003
275.7,61,1041.070042
327.2,55,1041.15476
44.5,98,1041.316301
-27.0,56,1041.40208
322.2,60,1041.499078
4.4,44,1041.569432
84.0,73,1041.683103
-36.8,55,1041.769049
312.2,76,1041.906775
275.2,63,1042.005712
-133.1,47,1042.080272
-33.7,42,1042.146886
65.4,52,1042.226966
10.7,73,1042.34156
-92.8,45,1042.413208
8.9,73,1042.538858
43.5,81,1042.664824
292.2,61,1042.759815
8.9,62,1042.856404
50.2,54,1042.941796
16.0,37,1043.00076
33.5,50,1043.087546
327.2,65,1043.189021
297.2,58,1043.279888
288.2,44,1043.348852
0.8,37,1043.408253
297.2,61,1043.505205
-1.4,49,1045.734221
268.6,74,1045.850334
36.7,64,1045.950849
24.4,60,1046.05745
60.1,73,1046.180346
292.2,59,1046.274433
-26.8,65,1046.377497
-17.9,62,1046.476182
57.0,73,1046.593559
29.8,59,1046.696275
272.2,61,1046.793951
-78.3,51,1046.875155
286.0,57,1046.965961
48.2,66,1047.070106
297.2,45,1047.14106
57.6,80,1047.26967
315.7,58,1047.364092
-68.9,36,1047.422791
42.8,66,1047.529267
-58.0,31,1047.578752
287.2,52,1047.659665
299.1,66,1047.762675
20.7,68,1047.872324
-9.9,37,1047.937427
297.2,64,1048.037111
-65.4,69,1048.149288
-14.4,38,1048.209589
-26.2,51,1048.290498
-78.6,30,1048.337839
272.1,85,1048.481934
276.6,75,1048.603098
-55.5,90,1048.744285
-14.1,52,1048.825668
42.9,61,1048.921293
276.3,62,1051.203164
-67.8,54,1051.288935
62.2,52,1051.369847
302.2,45,1051.440719
317.2,66,1051.557267
-45.4,41,1051.621734
-94.8,54,1051.707755
305.7,69,1051.816398
320.6,67,1051.922832
-54.9,59,1052.016861
1.3,70,1052.136985
-21.2,67,1052.242805
304.1,67,1052.355419
84.0,72,1052.470256
16.1,85,1052.609959
287.2,71,1052.730368
303.9,59,1052.825131
297.2,59,1052.91899
302.2,50,1052.998779
272.1,60,1053.093996
278.8,52,1053.176372
-13.6,70,1053.299011
297.2,72,1053.41786
61.3,56,1053.509042
5.8,61,1053.604298
-28.2,52,1053.685945
69.2,60,1053.781249
297.2,80,1053.915017
5.2,35,1053.970882
-37.8,39,1054.03103
277.2,59,1054.12443
23.1,51,1054.209851
89.2,54,1054.297206
307.2,67,1054.418103
57.0,62,1056.669076
50.4,53,1056.755763
297.2,48,1056.830826
287.2,54,1056.922916
12.0,67,1057.02625
-26.7,54,1057.112092
2.7,69,1057.219247
2.5,42,1057.28729
-78.4,59,1057.380528
-85.8,54,1057.483823
16.4,74,1057.603804
10.8,77,1057.723812
12.6,32,1057.775995
302.2,58,1057.86659
322.6,59,1057.957831
274.1,57,1058.048449
300.1,65,1058.157062
64.0,69,1058.26475
-107.8,51,1058.345783
-82.6,32,1058.396999
356.1,63,1058.507944
282.1,64,1058.613353
85.2,85,1058.754982
-16.9,33,1058.810351
51.6,43,1058.877364
45.4,36,1058.935646
69.3,82,1059.062974
298.8,61,1059.158448
40.4,57,1059.247878
-18.4,55,1059.342913
-5.0,43,1059.411491
-83.8,56,1059.503073
30.0,73,1059.616685
21.0,42,1059.683403
280.8,80,1059.808036
287.2,69,1059.922653
5.2,72,1062.182389
-58.2,38,1062.241143
4.2,53,1062.3327
273.1,63,1062.431738
39.6,64,1062.536499
304.3,57,1062.626421
30.7,56,1062.72877
-17.9,30,1062.778169
44.2,45,1062.849025
52.6,46,1062.932537
-71.5,22,1062.96762
-1.6,64,1063.066368
-77.9,28,1063.112584
-65.3,52,1063.194422
90.4,46,1063.268506
-19.9,58,1063.360173
306.5,69,1063.472363
33.3,74,1063.597114
307.1,76,1063.715565
49.5,46,1063.789356
-43.7,53,1063.873585
44.1,60,1063.967075
-41.1,68,1064.077559
257.7,94,1064.231434
33.9,38,1064.291568
294.8,77,1064.411062
39.2,55,1064.500694
16.7,46,1064.574583
64.2,61,1064.674755
-4.7,81,1064.815517
297.6,73,1064.927592
299.2,61,1065.024238
312.2,59,1065.117771
282.2,75,1065.236444
47.1,67,1065.35305
-31.4,59,1067.955174
299.0,92,1068.100354
55.4,39,1068.162742
-90.6,38,1068.22169
7.4,70,1068.342314
317.2,62,1068.438509
282.8,68,1068.548237
267.6,53,1068.633044
-35.9,51,1068.715833
-29.8,51,1068.799564
292.2,59,1068.907418
337.2,64,1069.009617
352.2,57,1069.100661
294.2,62,1069.198618
279.8,79,1069.322026
55.2,58,1069.413896
47.1,43,1069.496501
35.3,71,1069.610156
-58.5,56,1069.698568
306.4,65,1069.802742
-29.6,66,1069.915187
-33.9,31,1069.971077
18.1,69,1070.089622
-71.5,52,1070.181645
-46.3,58,1070.277212
55.4,72,1070.392593
307.2,88,1070.537507
250.4,73,1070.650799
-23.7,40,1070.724535
-23.1,73,1070.841335
-40.0,69,1070.949769
294.0,70,1071.074065
56.3,79,1071.198847
271.8,79,1073.375566
327.2,65,1073.476579
239.3,72,1073.591629
-42.7,63,1073.697647
9.1,84,1073.83158
19.0,75,1073.948639
352.2,49,1074.025966
-24.4,53,1074.122407
49.5,46,1074.195881
299.2,65,1074.304751
40.4,54,1074.389766
312.2,54,1074.474083
31.0,81,1074.60501
50.4,56,1074.693135
327.2,52,1074.777165
105.4,56,1074.870083
-3.9,31,1074.9247
-39.7,44,1074.995188
53.0,65,1075.099854
283.3,70,1075.217758
56.2,69,1075.326192
321.7,73,1075.43977
265.4,86,1075.583773
13.1,60,1075.678784
-106.5,22,1075.716552
312.2,62,1075.81397
-18.5,33,1075.86921
40.4,40,1075.932176
-163.7,31,1075.982995
-53.2,35,1076.039078
-79.1,58,1076.140912
267.0,60,1076.236765
292.2,67,1076.34134
307.1,65,1076.444145
297.2,57,1076.539243
53.4,61,1076.636682
-44.6,51,1078.791084
-26.7,78,1078.912359
-38.5,79,1079.036024
-17.4,30,1079.091216
33.7,75,1079.210634
292.2,80,1079.350066
298.5,72,1079.46186
300.2,59,1079.5574
258.6,54,1079.643096
-104.1,34,1079.705208
311.2,69,1079.814152
46.7,63,1079.911885
-5.8,69,1080.020453
40.0,60,1080.11536
-38.6,83,1080.245775
-114.2,20,1080.283645
316.8,55,1080.370599
32.3,48,1080.447178
29.3,65,1080.552029
-82.3,62,1080.650534
61.2,46,1080.723854
297.2,57,1080.813601
-12.5,41,1080.885504
-26.2,53,1080.969604
279.2,56,1081.056487
297.7,58,1081.147671
-11.1,83,1081.278774
-17.4,71,1081.394127
43.8,65,1081.507035
126.8,66,1081.612898
297.2,55,1081.698876
4.6,59,1081.792755
98.8,77,1081.913346
-60.5,23,1081.950963
29.2,60,1084.131331
296.2,75,1084.248808
282.2,62,1084.344865
268.5,55,1084.44129
-104.9,80,1084.579349
-1.4,62,1084.675569
-7.9,46,1084.748822
327.2,46,1084.821357
304.6,81,1084.946423
30.8,41,1085.01204
273.0,51,1085.099506
277.2,48,1085.17605
337.2,61,1085.27121
307.2,53,1085.356724
22.1,57,1085.446308
-26.3,32,1085.506753
30.4,43,1085.57575
33.7,57,1085.6685
266.2,63,1085.771062
-44.6,51,1085.851957
-48.2,52,1085.932584
-46.7,44,1086.003145
7.0,45,1086.074043
3.6,23,1086.111168
307.2,79,1086.233284
261.0,94,1086.388386
342.9,61,1086.487797
-79.5,56,1086.584136
10.0,67,1086.690275
17.8,63,1086.788726
46.3,66,1086.89907
24.6,59,1086.992304
332.2,64,1087.092962
-17.9,46,1087.165549
62.3,49,1087.242966
277.2,72,1087.353182
317.2,58,1089.513567
24.0,44,1089.583195
352.2,62,1089.685556
-86.4,66,1089.789459
273.1,81,1089.924665
-33.2,61,1090.019114
297.2,52,1090.100963
-18.2,56,1090.191119
19.1,40,1090.254889
299.2,48,1090.332441
-12.7,61,1090.427029
-126.5,41,1090.500226
281.2,76,1090.624032
6.2,65,1090.733301
40.4,47,1090.809037
274.7,69,1090.916943
-91.8,51,1090.998101
64.1,71,1091.116922
96.9,76,1091.235839
297.5,72,1091.348638
285.7,51,1091.429426
294.2,67,1091.536304
-54.7,64,1091.636932
26.4,36,1091.711361
21.7,65,1091.81644
1.0,93,1091.960397
33.9,43,1092.028577
257.9,43,1092.09602
-59.5,28,1092.140026
287.9,67,1092.243242
19.6,50,1092.329429
-37.6,70,1092.439283
8.6,29,1092.487535
287.2,45,1092.56012
317.2,56,1092.648776
277.3,46,1092.723306
-66.5,28,1094.829394
29.8,66,1094.936894
295.7,69,1095.043678
-23.2,20,1095.077307
325.2,64,1095.178123
283.4,74,1095.302052
4.5,45,1095.373986
-9.7,41,1095.439694
292.2,79,1095.564342
307.2,69,1095.673215
-7.9,37,1095.733164
25.6,36,1095.790616
-9.5,61,1095.905246
33.6,68,1096.011474
247.9,80,1096.136125
-28.2,60,1096.231975
-66.7,57,1096.321342
302.2,51,1096.402518
93.3,68,1096.520665
23.6,39,1096.585366
287.2,59,1096.678834
-63.3,72,1096.789639
53.9,45,1096.862035
332.2,61,1096.957523
312.2,74,1097.074992
304.4,65,1097.187448
-47.8,33,1097.241241
38.4,59,1097.334562
4.8,65,1097.44316
-20.2,59,1097.540408
302.2,65,1097.642817
-62.8,44,1097.719702
-11.7,58,1097.812069
343.1,69,1097.926438
26.6,68,1098.034317
59.4,64,1100.241895
284.2,58,1100.335288
322.2,51,1100.414281
275.7,67,1100.523105
-4.4,74,1100.639125
310.3,47,1100.721044
287.2,84,1100.85428
-36.5,25,1100.894181
68.4,62,1100.991156
75.4,53,1101.074002
21.7,45,1101.146227
268.9,59,1101.238958
300.0,78,1101.369613
292.2,48,1101.444339
-24.3,52,1101.529056
293.3,72,1101.641755
-12.2,47,1101.716841
45.2,71,1101.829523
65.7,78,1101.959385
315.3,89,1102.105529
64.4,60,1102.19938
40.4,40,1102.263854
247.6,61,1102.359592
292.2,57,1102.447158
14.7,52,1102.540816
59.8,74,1102.658301
261.5,80,1102.782859
-16.0,56,1102.871601
-20.5,39,1102.952555
278.3,58,1103.132742
44.5,75,1103.379084
18.3,63,1103.478085
333.9,60,1103.575574
-34.9,52,1103.660268
-6.4,32,1103.721282
284.9,60,1105.891867
15.9,80,1106.017338
311.4,80,1106.150466
4.0,51,1106.230848
15.9,51,1106.319029
-36.1,59,1106.411119
2.6,34,1106.465518
300.6,77,1106.587117
327.2,47,1106.661603
306.2,50,1106.745757
307.2,69,1106.85418
272.2,56,1106.941567
68.8,71,1107.053152
-58.2,30,1107.100262
18.4,64,1107.199972
34.3,62,1107.316224
60.4,49,1107.394138
-44.0,66,1107.497292
285.9,61,1107.595123
-67.6,43,1107.664211
4.5,47,1107.739268
68.5,71,1107.849522
-54.5,41,1107.922539
12.7,82,1108.050463
2.8,64,1108.156262
-17.0,51,1108.236522
-43.4,60,1108.332844
-10.2,50,1108.423393
5.4,55,1108.521194
302.2,57,1108.612012
60.4,49,1108.689684
10.9,54,1108.775388
-60.1,41,1108.840877
-50.6,53,1108.92392
297.2,57,1109.012961
302.2,51,1109.114509
312.2,63,1111.907243
322.2,54,1112.001825
-3.9,76,1112.159119
302.2,59,1112.377599
302.2,81,1112.580348
-3.7,91,1112.733536
-69.4,61,1112.832384
-16.1,45,1112.905586
-18.7,61,1113.011268
-13.3,88,1113.150092
305.7,66,1113.252753
53.0,76,1113.40599
254.6,54,1113.572661
-0.0,75,1113.705296
327.2,74,1113.824953
-76.6,39,1113.91085
46.3,73,1114.027547
3.6,50,1114.107061
342.2,60,1114.227734
-92.9,61,1114.349753
-61.3,53,1114.442832
53.5,73,1114.577538
13.6,31,1114.632135
292.7,50,1114.713082
37.5,58,1114.822696
68.2,60,1114.929338
292.2,48,1115.017618
3.2,61,1115.132875
277.2,42,1115.211367
377.2,66,1115.324865
56.9,58,1115.42285
0.0,36,1115.483996
297.2,61,1115.584774
332.2,91,1117.832105
60.3,68,1117.940406
278.1,80,1118.070675
281.9,68,1118.181299
293.3,70,1118.291832
349.2,60,1118.401557
296.0,52,1118.506699
293.2,60,1118.625858
275.4,52,1118.722168
26.6,77,1118.855927
333.2,50,1118.934387
60.0,58,1119.026252
11.3,41,1119.095493
319.7,74,1119.250725
318.9,75,1119.41788
-91.1,18,1119.457219
287.2,50,1119.608265
70.3,78,1119.856459
-17.4,40,1119.978253
292.2,51,1120.064804
25.4,52,1120.14685
54.4,55,1120.234302
62.9,60,1120.340933
-44.8,52,1120.432632
47.4,85,1120.743328
52.2,88,1120.963662
287.2,63,1121.06411
312.2,59,1121.267259
39.7,79,1121.399235
272.1,71,1121.50911
287.2,66,1121.621116
73.2,62,1121.758283
-43.2,48,1121.840896
65.0,56,1121.92973
345.2,63,1124.616912
-28.3,70,1124.735356
-7.2,34,1124.790559
282.2,63,1124.905578
284.4,64,1125.00892
302.2,64,1125.119169
-32.0,73,1125.234723
59.8,61,1125.340818
55.5,84,1125.488677
41.0,44,1125.577066
289.1,59,1125.675755
0.0,57,1125.783896
1.5,67,1125.906722
-48.2,16,1125.933882
53.2,64,1126.049033
-37.7,64,1126.159233
357.2,62,1126.264094
70.8,71,1126.387706
32.1,53,1126.482727
300.5,78,1126.610856
31.8,74,1126.730831
292.2,52,1126.840144
-72.9,49,1126.936872
-40.9,21,1126.973783
10.3,66,1127.116824
266.9,63,1127.220935
25.3,60,1127.342798
297.2,54,1127.434317
68.7,69,1127.546757
-103.4,26,1127.589648
291.2,59,1127.689443
-45.8,57,1127.781572
302.2,62,1127.888879
62.9,51,1127.973912
73.5,62,1128.072295
306.0,61,1130.327917
275.7,75,1130.446342
-110.1,31,1130.495365
45.4,52,1130.579981
-27.5,32,1130.632307
335.7,59,1130.734051
-15.5,48,1130.811253
-31.2,73,1130.926464
320.2,80,1131.051148
-53.2,29,1131.097395
296.2,67,1131.201031
36.0,67,1131.320408
259.0,67,1131.425134
47.2,58,1131.516711
310.8,91,1131.664238
66.1,74,1131.778325
-4.2,52,1131.86155
342.2,70,1131.978703
-113.2,42,1132.045504
-61.5,37,1132.104745
286.2,49,1132.180929
6.6,76,1132.314607
302.3,57,1132.402898
52.4,28,1132.448788
-11.2,48,1132.538326
302.2,67,1132.643045
30.5,59,1132.736493
281.2,53,1132.820296
309.2,78,1132.94314
314.2,58,1133.034545
40.4,61,1133.13955
15.8,70,1133.249206
64.0,78,1133.38543
40.4,44,1133.455598
252.1,72,1133.571313
319.1,58,1135.812012
50.7,62,1135.911413
-14.5,52,1135.992071
-100.0,52,1136.081582
69.4,56,1136.172687
-24.3,61,1136.26925
33.9,67,1136.375179
-74.9,60,1136.485724
50.4,55,1136.576099
60.9,48,1136.653697
7.9,60,1136.75969
-63.9,70,1136.870851
-68.9,64,1136.973408
111.0,60,1137.069395
317.2,56,1137.15855
291.0,70,1137.272047
0.5,69,1137.386343
312.2,68,1137.504998
55.4,62,1137.606152
-36.5,40,1137.670093
312.2,55,1137.756519
253.5,78,1137.886662
48.6,57,1137.976357
14.5,40,1138.04093
292.4,75,1138.158551
13.9,43,1138.226021
292.2,59,1138.318859
-120.2,51,1138.398894
-64.4,38,1138.460994
297.2,63,1138.569563
16.3,48,1138.645535
-101.7,37,1138.705882
316.2,54,1138.790577
267.3,58,1138.881269
77.7,57,1138.970801
27.1,42,1139.036838
292.2,50,1141.274997
310.2,81,1141.40232
299.8,78,1141.533087
45.4,45,1141.607055
-1.4,56,1141.705601
252.4,74,1141.821712
-53.2,40,1141.884773
-23.2,53,1141.967725
54.8,71,1142.084768
304.6,64,1142.186671
-94.9,68,1142.295664
-55.6,60,1142.390419
50.4,50,1142.47143
258.5,73,1142.590312
296.0,69,1142.706817
9.5,58,1142.799792
1.7,34,1142.855193
-12.3,69,1142.963869
11.7,40,1143.027447
56.0,67,1143.132663
332.2,66,1143.235258
53.7,75,1143.359956
61.0,74,1143.474928
293.0,71,1143.588876
277.2,62,1143.692769
19.2,61,1143.789249
75.0,84,1143.929906
45.9,59,1144.02181
261.6,70,1144.133266
56.2,60,1144.228385
78.2,42,1144.296523
-43.8,52,1144.379078
286.4,73,1144.502095
-127.0,38,1146.732002
26.6,61,1146.828228
245.6,60,1146.931664
286.0,58,1147.022816
-28.4,49,1147.10265
273.4,68,1147.209542
-12.4,78,1147.333077
-3.6,33,1147.386527
34.0,66,1147.500612
279.1,63,1147.602715
-38.0,41,1147.669199
282.2,44,1147.739185
311.4,60,1147.837759
70.4,42,1147.906913
25.1,68,1148.015519
74.8,66,1148.129156
287.2,60,1148.223925
-28.2,34,1148.278756
-19.0,50,1148.358268
3.7,79,1148.482192
268.2,85,1148.621263
-56.5,40,1148.692865
-86.6,35,1148.750595
-49.8,48,1148.826992
300.7,60,1148.938577
-79.3,37,1148.99927
5.5,58,1149.091869
27.1,59,1149.184682
-50.1,46,1149.257668
-21.2,47,1149.343784
-61.2,34,1149.397115
282.3,67,1149.50268
23.3,95,1149.655202
-7.6,33,1149.708298
275.9,71,1149.820291
43.0,50,1149.914447
-23.8,51,1150.004597
-48.2,42,1152.213076
32.5,69,1152.331673
-69.8,61,1152.426575
-33.7,65,1152.529865
54.9,69,1152.641764
-43.7,59,1152.737734
49.1,86,1152.884449
-11.4,52,1152.967559
282.2,56,1153.069563
332.2,62,1153.166759
291.2,54,1153.253028
-10.4,40,1153.318846
-39.7,33,1153.372854
302.2,67,1153.486339
-28.2,20,1153.522055
312.2,59,1153.617197
-58.2,26,1153.659309
-15.8,48,1153.734942
299.1,88,1153.874306
-51.2,52,1153.95501
297.2,59,1154.051574
311.2,60,1154.163614
-24.9,42,1154.231412
322.2,57,1154.321054
291.0,63,1154.41942
-73.5,73,1154.535074
315.2,70,1154.646497
71.0,76,1154.775423
247.9,71,1154.887394
-51.2,47,1154.962907
-77.4,53,1155.047747
61.6,53,1155.132398
69.7,60,1155.229378
280.8,65,1155.343016
278.1,77,1155.462606
-29.4,28,1155.509147
8.6,24,1157.719861
-65.8,71,1157.832289
87.5,72,1157.944865
-37.9,37,1158.00441
74.0,69,1158.112922
42.0,59,1158.211751
273.1,68,1158.334677
29.5,51,1158.415689
-70.0,46,1158.488613
277.2,51,1158.572729
-71.9,39,1158.633544
-14.8,50,1158.713171
5.2,49,1158.790528
366.0,57,1158.886772
-63.4,69,1158.994851
9.1,47,1159.070125
289.0,56,1159.157882
19.0,71,1159.269945
306.2,68,1159.376672
317.2,68,1159.489615
286.4,79,1159.616859
280.7,63,1159.716238
-85.1,77,1159.836114
-12.9,79,1160.009007
256.7,75,1160.216589
36.9,67,1160.397088
67.6,56,1160.484766
-45.4,63,1160.58822
261.6,69,1160.707575
-99.6,45,1160.779079
-3.1,48,1160.85618
296.3,65,1160.957266
295.7,62,1161.055521
-42.6,40,1161.120854
306.4,78,1163.414526
339.2,63,1163.514501
-34.2,73,1163.631118
301.2,77,1163.764509
49.3,66,1163.86774
328.7,58,1163.958212
68.7,53,1164.042888
-55.5,57,1164.133564
46.8,67,1164.238864
-59.6,61,1164.342357
50.5,83,1164.478205
24.4,44,1164.552394
65.5,65,1164.654798
285.5,63,1164.755744
35.4,83,1164.892645
-17.3,43,1164.961336
286.4,71,1165.073354
-1.0,73,1165.187868
10.7,81,1165.316452
-6.4,40,1165.379857
-101.0,36,1165.436439
292.2,58,1165.55105
297.2,58,1165.642556
-53.2,32,1165.693449
72.1,77,1165.815467
311.5,85,1165.947261
332.2,70,1166.055551
261.2,91,1166.204752
262.7,73,1166.317822
290.2,74,1166.432774
330.2,77,1166.564221
54.4,58,1166.664369
318.7,55,1168.893621
16.6,44,1168.963099
320.7,50,1169.043033
290.8,70,1169.161786
-31.5,51,1169.243024
-130.9,37,1169.303805
292.2,55,1169.390232
-37.3,44,1169.459354
277.2,49,1169.538126
5.3,47,1169.615092
33.8,61,1169.734279
-16.4,62,1169.831244
-50.8,54,1169.91744
47.9,54,1170.004823
302.1,77,1170.128021
306.5,85,1170.269251
30.4,52,1170.359317
-50.1,40,1170.423577
-6.4,37,1170.481787
-16.4,27,1170.527318
300.7,62,1170.627714
35.4,40,1170.702241
-37.1,46,1170.784747
50.4,54,1170.873269
-32.2,45,1170.951925
-11.4,55,1171.038797
40.4,39,1171.101453
46.3,74,1171.218704
-11.0,54,1171.302621
-39.4,50,1171.382614
-21.3,26,1171.423449
-11.4,46,1171.50731
18.9,65,1171.616318
-4.0,62,1171.714456
257.3,56,1171.803146
282.2,59,1171.895454
281.0,47,1171.96974
306.2,75,1172.095365
-54.1,30,1172.143358
292.2,66,1174.394882
96.3,63,1174.502658
76.5,72,1174.6185
2.4,50,1174.69734
20.8,70,1174.808338
317.2,61,1174.915117
293.7,50,1174.994789
-59.3,42,1175.064659
273.0,69,1175.179508
47.6,70,1175.289035
-154.4,41,1175.35616
312.2,61,1175.45028
301.9,64,1175.553588
291.8,76,1175.678911
66.3,63,1175.779989
271.2,46,1175.853275
-1.0,28,1175.897682
81.7,56,1175.986308
-28.0,55,1176.072654
296.2,76,1176.190351
-68.7,29,1176.237392
317.2,61,1176.340088
291.6,59,1176.432445
59.8,85,1176.567228
45.3,77,1176.688981
298.6,68,1176.796049
-1.4,62,1176.90525
35.7,49,1176.984138
275.7,40,1177.047177
294.2,47,1177.12187
-14.3,61,1177.217283
302.2,57,1177.307247
12.4,21,1177.341196
287.2,54,1177.424681
64.5,71,1177.547132
37.0,70,1179.803339
-43.8,27,1179.846348
-6.3,47,1179.927389
42.4,52,1180.010583
68.3,68,1180.117364
-47.2,65,1180.222293
41.5,77,1180.342901
319.2,52,1180.42527
287.2,57,1180.522751
61.8,67,1180.631346
17.2,54,1180.716524
-3.0,73,1180.830501
321.2,54,1180.915378
-59.2,42,1180.981694
19.9,48,1181.066955
-43.9,41,1181.138012
37.6,62,1181.235073
282.2,61,1181.32957
20.3,61,1181.426467
82.3,84,1181.562112
59.7,58,1181.652801
-21.9,60,1181.755254
289.0,55,1181.841722
302.3,47,1181.915854
281.2,67,1182.021219
9.7,44,1182.099732
-4.6,64,1182.203857
-10.2,66,1182.314721
-92.0,26,1182.357835
18.9,70,1182.46625
45.9,47,1182.542763
337.2,66,1182.648157
-51.9,41,1182.71356
311.0,92,1182.857529
24.6,47,1182.938068
44.9,65,1183.041052
320.2,58,1185.267611
308.2,70,1185.383913
34.6,87,1185.519199
-47.5,50,1185.599716
-43.0,29,1185.646244
-48.0,68,1185.752627
288.9,54,1185.837869
-6.6,67,1185.950997
45.4,75,1186.067497
25.6,75,1186.185428
308.7,51,1186.273919
-7.2,42,1186.341793
-11.4,51,1186.422088
16.7,66,1186.532589
71.9,77,1186.654983
288.8,75,1186.77224
275.5,41,1186.836414
-19.0,42,1186.902814
-44.1,34,1186.956807
-12.9,77,1187.084722
-3.3,71,1187.197013
-47.8,87,1187.349705
-15.9,42,1187.416397
47.9,47,1187.490921
308.5,79,1187.616533
-6.9,63,1187.722286
-100.9,27,1187.766827
317.2,57,1187.856086
4.8,63,1187.955953
46.2,79,1188.080634
281.8,78,1188.202817
2.4,27,1188.246687
268.9,62,1188.350533
-11.2,56,1188.439459
307.2,71,1190.721199
-36.3,62,1190.820958
303.6,79,1190.942754
318.8,90,1191.084015
-22.1,58,1191.174679
18.7,66,1191.284273
284.6,72,1191.398531
-68.1,46,1191.480743
290.0,92,1191.629834
21.6,34,1191.683451
38.6,78,1191.805492
-18.3,62,1191.910347
287.4,78,1192.031394
53.0,56,1192.120024
31.4,84,1192.252924
9.8,62,1192.348687
292.1,79,1192.4744
-100.0,35,1192.534095
55.4,68,1192.64431
20.9,59,1192.736762
264.8,57,1192.826114
-151.0,65,1192.92873
71.0,64,1193.029773
48.9,48,1193.113632
30.4,48,1193.191196
71.6,55,1193.277426
285.0,66,1193.380669
246.9,65,1193.482427
297.2,54,1193.576222
263.8,62,1193.680604
-56.0,56,1193.77027
-38.2,50,1193.849355
54.6,60,1193.94433
301.2,74,1196.249433
292.8,47,1196.322502
297.6,64,1196.423831
-23.2,55,1196.511387
12.9,63,1196.614065
-17.5,74,1196.737954
281.4,65,1196.840095
-46.7,53,1196.924005
-21.4,49,1197.00241
-26.8,49,1197.07902
303.0,85,1197.212762
56.6,58,1197.313398
280.2,74,1197.430203
-50.0,30,1197.507498
61.0,55,1197.656075
75.0,58,1197.834888
8.6,62,1197.966146
317.2,51,1198.045616
352.2,56,1198.133521
-35.2,61,1198.229954
35.4,61,1198.325603
88.6,69,1198.434274
-65.2,43,1198.510259
296.0,51,1198.594742
312.2,62,1198.692707
282.2,74,1198.816719
7.3,62,1198.91526
24.6,58,1199.007015
42.7,55,1199.102255
10.3,65,1199.205978
5.3,39,1199.269307
-49.8,65,1199.375781
314.6,80,1199.499352
302.9,66,1199.607366
-43.2,58,1201.861551
-71.5,24,1201.904246
55.4,71,1202.015984
297.2,43,1202.091279
-36.3,72,1202.204379
65.3,61,1202.298941
293.0,82,1202.42741
287.2,61,1202.522422
-37.5,47,1202.599667
284.7,72,1202.719123
262.0,112,1202.898706
-90.9,65,1203.004176
38.5,90,1203.147869
-10.5,74,1203.266031
311.0,64,1203.370554
75.4,67,1203.476838
254.4,63,1203.578151
-10.4,93,1203.724521
-65.3,73,1203.837123
322.2,71,1203.965735
258.9,63,1204.067365
-42.7,47,1204.141507
282.2,51,1204.22192
258.6,62,1204.317341
97.9,62,1204.417561
320.2,68,1204.546063
1.9,45,1204.624133
53.9,64,1204.726144
22.1,43,1204.795795
66.1,52,1204.878009
337.2,64,1204.976763
75.9,61,1205.079953
307.2,55,1207.305474
55.1,54,1207.392029
327.2,48,1207.470375
304.2,86,1207.613597
33.9,63,1207.711789
-16.7,48,1207.78802
317.2,55,1207.874135
290.5,59,1207.966904
-47.5,66,1208.07529
52.8,70,1208.200822
21.8,92,1208.34468
307.2,51,1208.42475
287.8,59,1208.516655
316.2,85,1208.653714
-7.4,44,1208.729847
281.5,59,1208.823596
-52.7,42,1208.889295
17.8,71,1209.000454
-32.4,51,1209.080289
-64.4,49,1209.158737
-53.7,52,1209.240993
94.7,64,1209.349771
251.8,55,1209.43611
-76.2,39,1209.49857
-22.2,66,1209.604111
-53.2,37,1209.66209
-47.7,66,1209.766367
272.7,68,1209.878953
-88.3,10,1209.897442
10.6,47,1209.97081
-119.5,40,1210.034997
24.0,71,1210.151511
25.4,76,1210.272625
295.7,58,1210.365334
-25.5,52,1210.447891
41.1,70,1212.717179
8.2,64,1212.82029
273.1,98,1212.980337
272.9,66,1213.082077
-59.7,42,1213.14956
-86.0,53,1213.231615
-68.5,43,1213.298802
-70.9,37,1213.357437
19.1,45,1213.429064
5.1,38,1213.497494
-31.0,74,1213.614904
53.0,54,1213.700943
305.7,71,1213.812649
-8.9,59,1213.906292
297.2,52,1213.987227
65.5,73,1214.108717
296.0,59,1214.200807
302.3,57,1214.290845
287.2,40,1214.360034
63.1,55,1214.446294
48.9,57,1214.535207
276.8,92,1214.690774
292.2,59,1214.784572
86.4,75,1214.901423
-116.9,44,1214.97106
346.2,87,1215.106896
282.2,57,1215.197316
67.0,53,1215.288631
-11.6,41,1215.367826
44.4,90,1215.510203
-41.2,42,1215.579064
-47.0,38,1215.640595
71.0,70,1215.749558
-14.2,69,1215.858348
-25.1,59,1215.95896
299.3,68,1218.209165
-27.1,64,1218.317429
297.2,66,1218.419238
40.4,43,1218.493244
292.6,70,1218.605321
-90.7,49,1218.682529
18.9,77,1218.802974
-15.7,40,1218.871493
-64.4,66,1218.978229
-61.8,53,1219.060096
70.4,42,1219.126614
-100.0,54,1219.210385
3.2,45,1219.280887
-48.2,29,1219.326527
-60.4,47,1219.400671
290.2,56,1219.504375
337.2,53,1219.591756
297.2,48,1219.666682
62.3,55,1219.753067
-2.6,55,1219.838823
-19.9,61,1219.934955
296.6,76,1220.053965
-49.5,63,1220.160264
28.5,51,1220.241385
42.0,69,1220.349032
276.7,70,1220.458093
35.3,63,1220.567986
-56.2,55,1220.657678
-55.2,36,1220.723233
-48.2,36,1220.780296
9.8,59,1220.873762
12.0,56,1220.961573
307.2,50,1221.039557
289.2,54,1221.124336
-103.5,43,1221.192902
312.2,59,1221.291729
287.4,55,1221.377536
-6.4,50,1223.592011
-70.2,33,1223.652548
29.3,44,1223.730112
14.6,54,1223.81616
302.2,53,1223.899033
317.2,58,1223.9898
279.6,72,1224.1022
24.1,55,1224.188375
-30.0,50,1224.271009
-24.8,65,1224.377531
267.9,76,1224.495994
332.2,67,1224.603828
-97.1,37,1224.663946
-66.4,43,1224.748943
16.5,67,1224.853186
30.4,56,1224.950085
268.2,77,1225.071729
319.0,64,1225.172352
60.7,68,1225.280715
31.8,54,1225.367327
281.6,56,1225.455558
289.2,58,1225.553132
312.2,58,1225.646291
-38.2,35,1225.701821
316.9,54,1225.786855
337.2,77,1225.905058
27.4,61,1226.000201
-99.6,43,1226.069649
322.2,79,1226.197194
11.1,62,1226.294513
286.2,48,1226.369406
-71.4,46,1226.442218
57.8,67,1226.546148
-72.8,60,1226.643556
-1.4,36,1226.708959
94.5,83,1226.847942
49.7,61,1229.106798
16.5,64,1229.207022
-49.7,59,1229.297315
302.8,61,1229.396621
280.2,72,1229.511044
-44.3,38,1229.575923
6.8,51,1229.65779
292.4,59,1229.759548
-22.2,27,1229.804166
319.8,69,1229.91154
99.4,65,1230.015905
18.6,42,1230.084943
312.2,53,1230.176936
-43.8,31,1230.228014
16.2,79,1230.365266
254.2,64,1230.466712
283.4,63,1230.569736
-57.6,50,1230.648983
-7.3,40,1230.713223
10.3,61,1230.810423
43.3,67,1230.928962
13.1,46,1231.002063
298.3,96,1231.152027
15.5,59,1231.246357
7.1,63,1231.400367
278.6,76,1231.611049
40.3,71,1231.79341
297.2,47,1231.866983
296.0,50,1231.954199
351.2,52,1232.03594
-7.0,69,1232.152877
-1.1,72,1232.266075
29.4,46,1232.339945
16.5,65,1232.442038
325.7,70,1232.551044
305.5,78,1234.857887
310.2,59,1234.950883
37.6,48,1235.031294
-3.6,47,1235.118019
26.8,60,1235.215268
0.7,51,1235.298639
-43.4,56,1235.388427
327.2,64,1235.490111
282.5,69,1235.602187
68.9,79,1235.737384
49.1,49,1235.816121
-7.3,66,1235.918909
58.8,60,1236.0137
262.6,53,1236.106338
23.8,59,1236.199548
-16.7,57,1236.296959
-2.1,61,1236.393417
268.5,75,1236.509492
-41.1,58,1236.604914
-80.8,59,1236.697766
-9.9,91,1236.844294
36.5,53,1236.936015
292.3,78,1237.057758
39.2,60,1237.163254
-26.2,36,1237.222176
270.2,65,1237.323914
-43.6,50,1237.401907
278.2,63,1237.509579
265.5,72,1237.626549
12.3,57,1237.716614
60.0,75,1237.834365
-66.8,76,1237.953026
-45.8,43,1238.021634
31.2,71,1240.306859
308.3,66,1240.410642
52.1,61,1240.515244
-12.8,49,1240.598178
297.2,49,1240.677498
-69.8,37,1240.735507
-51.4,44,1240.805733
-60.9,37,1240.865691
21.2,61,1240.961489
-6.4,44,1241.030821
313.8,60,1241.132775
3.9,56,1241.220001
70.4,40,1241.295316
-23.1,48,1241.372735
-38.5,42,1241.437947
-48.1,61,1241.5345
42.6,47,1241.612831
-32.6,17,1241.640501
299.3,85,1241.781499
12.8,51,1241.861074
325.7,74,1241.975808
26.4,53,1242.059141
20.8,58,1242.150786
39.7,79,1242.282499
312.2,65,1242.383655
287.2,69,1242.490332
12.0,55,1242.579576
76.8,82,1242.708697
-20.8,57,1242.79713
60.4,66,1242.910503
-69.3,41,1242.97632
-46.9,38,1243.036252
292.2,56,1243.124036
301.0,61,1243.220836
-66.4,43,1243.288575
277.2,49,1243.372023
301.3,69,1243.486537
-100.0,46,1245.708404
-22.9,73,1245.825419
292.3,66,1245.93741
291.2,72,1246.050777
-26.3,65,1246.15254
302.2,59,1246.246134
83.3,69,1246.35574
295.5,61,1246.451833
112.7,77,1246.587691
-24.7,39,1246.649763
252.5,35,1246.705014
315.2,65,1246.807986
288.1,63,1246.908468
332.2,86,1247.0441
297.2,60,1247.147093
-71.4,40,1247.212593
-71.0,47,1247.287463
287.2,60,1247.380441
66.6,59,1247.482022
61.0,68,1247.593063
30.7,48,1247.678002
70.1,60,1247.775349
275.7,63,1247.874909
-78.8,60,1247.969573
-26.3,39,1248.032609
-93.0,27,1248.074996
27.8,74,1248.191525
318.6,65,1248.303648
-15.8,55,1248.391245
285.1,69,1248.510512
311.0,50,1248.594618
76.9,73,1248.712274
-6.7,66,1248.820303
-66.5,42,1248.895416
277.7,76,1249.012578
317.2,57,1251.224984
302.2,68,1251.338741
-28.0,55,1251.424362
13.1,51,1251.50554
61.3,41,1251.572982
55.2,61,1251.674538
-49.6,44,1251.742854
278.0,64,1251.844101
295.0,58,1251.941491
261.2,64,1252.041207
0.0,42,1252.108747
25.4,39,1252.170664
40.4,74,1252.284362
302.2,41,1252.350785
311.2,68,1252.456276
-78.6,67,1252.569775
-31.1,76,1252.701544
-50.3,41,1252.767258
297.2,43,1252.835975
311.2,55,1252.921258
311.0,83,1253.051642
300.2,61,1253.15489
317.2,54,1253.239311
307.2,69,1253.34738
24.9,61,1253.443695
-0.4,70,1253.554331
-50.1,40,1253.619761
327.2,66,1253.742795
-11.4,59,1253.836111
-74.4,41,1253.901971
286.3,85,1254.033943
-85.1,33,1254.087925
287.2,65,1254.189634
13.6,77,1254.319888
319.7,83,1254.448786
20.0,56,1256.65617
259.7,97,1256.824332
55.7,72,1256.936923
326.2,73,1257.051198
302.2,61,1257.146272
307.2,60,1257.239997
50.1,48,1257.324699
81.6,52,1257.406256
-57.5,84,1257.539525
32.1,59,1257.634779
317.2,69,1257.742784
44.2,69,1257.865678
-49.1,43,1257.938314
270.5,78,1258.061836
282.2,66,1258.164053
21.9,71,1258.275135
-18.5,69,1258.383303
-87.4,34,1258.437283
-78.6,53,1258.52782
84.2,50,1258.608177
317.2,45,1258.679413
274.0,50,1258.757718
29.6,53,1258.840401
273.2,62,1258.937764
-75.8,41,1259.002927
320.2,54,1259.094528
-1.4,27,1259.138668
317.2,45,1259.209472
-50.1,67,1259.314687
280.6,57,1259.40534
-41.3,46,1259.478445
-21.4,64,1259.582445
31.5,85,1259.723009
-63.4,43,1259.789567
-20.3,62,1262.035115
-20.6,38,1262.104271
71.3,68,1262.211752
-39.2,48,1262.288264
36.1,73,1262.403342
-47.5,56,1262.493574
277.2,46,1262.56697
11.1,53,1262.655571
91.1,74,1262.780712
44.4,59,1262.875365
278.7,77,1262.996043
303.5,73,1263.111489
-1.8,68,1263.217823
307.2,57,1263.318515
26.3,44,1263.389145
329.2,60,1263.482929
332.2,56,1263.572683
305.7,55,1263.662014
91.5,84,1263.795427
285.2,58,1263.894778
4.4,64,1263.995914
17.9,57,1264.092664
13.4,62,1264.191343
273.6,59,1264.285421
-45.1,71,1264.398562
-44.4,40,1264.468291
54.7,55,1264.562015
41.0,53,1264.648653
-23.1,43,1264.718288
266.8,92,1264.862881
322.1,80,1264.987077
-40.1,48,1265.083455
294.5,85,1265.222265
302.2,61,1265.318957
26.7,67,1267.590546
55.4,58,1267.682722
37.4,71,1267.794786
244.9,59,1267.8877
32.4,52,1267.971273
-104.2,50,1268.050186
33.3,70,1268.170781
4.9,53,1268.261569
298.0,69,1268.369932
-3.5,65,1268.473674
33.1,59,1268.568058
44.5,80,1268.740494
278.2,45,1268.872122
288.3,65,1269.113747
322.2,73,1269.239881
-32.0,59,1269.343726
-4.5,38,1269.405826
297.2,84,1269.537393
312.2,60,1269.634284
-14.3,45,1269.707586
291.2,65,1269.811926
262.5,61,1269.914827
20.0,74,1270.031066
35.2,74,1270.147913
-19.9,67,1270.254625
286.0,69,1270.375162
61.3,69,1270.490681
70.4,80,1270.618752
-44.8,36,1270.675974
293.4,83,1270.805938
41.3,63,1270.904658
-9.8,48,1270.980311
-6.0,76,1273.218032
-26.3,25,1273.258402
55.4,41,1273.324996
327.2,72,1273.446021
51.9,44,1273.523151
317.2,69,1273.632957
327.2,67,1273.739217
272.2,75,1273.856967
-41.5,36,1273.914434
1.8,42,1273.981254
81.6,77,1274.110997
23.9,83,1274.241888
25.5,83,1274.373649
320.2,79,1274.507926
14.7,69,1274.619041
41.8,68,1274.733632
-74.1,49,1274.813197
-27.1,46,1274.887011
-75.5,65,1274.988858
-50.1,40,1275.050902
289.7,70,1275.161227
-20.7,43,1275.229717
60.4,47,1275.313246
280.2,71,1275.424059
-32.5,26,1275.466398
54.4,46,1275.538819
48.0,66,1275.646075
363.2,62,1275.742907
-82.9,36,1275.801725
33.6,80,1275.933768
-5.5,65,1276.033736
60.4,31,1276.084294
-22.6,65,1276.188279
30.8,52,1276.269318
297.2,77,1276.389711
-100.0,58,1278.665917
-0.5,42,1278.734181
-111.8,30,1278.782302
45.4,46,1278.85746
-23.1,45,1278.941025
5.2,43,1279.009677
-15.3,46,1279.082945
-49.6,39,1279.145377
5.3,50,1279.225749
-23.5,78,1279.347008
-11.5,43,1279.416801
13.8,87,1279.561845
13.6,42,1279.629846
-24.9,62,1279.72814
25.1,56,1279.823445
302.2,45,1279.904337
-19.4,68,1280.01602
-39.5,70,1280.133221
-42.6,76,1280.254012
303.7,79,1280.378552
-34.7,85,1280.511005
46.8,68,1280.624916
327.2,47,1280.706837
286.1,66,1280.809918
45.4,37,1280.869192
-49.6,66,1280.97277
277.2,53,1281.055225
29.8,58,1281.147643
-25.2,77,1281.272642
40.1,68,1281.384036
66.0,80,1281.509841
56.5,72,1281.633927
264.2,85,1281.774948
-78.7,47,1281.851246
-11.4,54,1281.947393
273.9,56,1284.186731
297.2,54,1284.278945
-22.4,47,1284.353274
11.3,60,1284.448148
-26.3,81,1284.575408
-57.2,59,1284.669544
-1.4,45,1284.750159
22.3,63,1284.851273
59.4,74,1284.974327
-7.4,45,1285.045001
292.2,57,1285.134847
299.2,78,1285.255779
-6.2,46,1285.330883
0.6,49,1285.408325
312.2,47,1285.489874
-4.2,36,1285.549016
302.8,69,1285.660022
-67.3,72,1285.779701
23.7,77,1285.902053
73.4,50,1285.981307
81.7,61,1286.083707
-64.7,34,1286.139074
-46.9,58,1286.228626
-39.0,36,1286.286437
290.9,84,1286.416233
-101.8,46,1286.48814
307.2,55,1286.574459
282.2,56,1286.667515
20.6,64,1286.773811
330.5,60,1286.880268
-81.0,39,1286.943547
-40.6,49,1287.020361
298.7,57,1287.109068
-23.9,63,1287.208256
296.0,93,1287.361789
291.2,70,1289.627208
272.2,52,1289.716937
295.0,71,1289.82782
-74.9,40,1289.894937
302.1,72,1290.017118
-121.4,45,1290.087425
-55.9,63,1290.189454
336.1,82,1290.326002
94.9,78,1290.447032
289.9,85,1290.58285
-7.5,52,1290.664976
317.2,60,1290.757675
317.9,73,1290.879142
-178.0,45,1290.955856
357.8,73,1291.079215
33.0,55,1291.166306
-54.2,59,1291.257744
342.2,66,1291.359915
82.7,55,1291.446471
-9.9,74,1291.570264
-21.9,68,1291.680025
17.6,71,1291.792894
-30.0,54,1291.878888
22.2,62,1291.977137
13.7,60,1292.080628
6.5,52,1292.164238
297.2,61,1292.260634
239.3,63,1292.360173
312.2,59,1292.451605
-74.5,28,1292.499406
285.7,55,1292.58889
70.4,43,1292.65986
-4.6,34,1292.722685
-66.1,51,1292.803923
-61.8,42,1292.8707
283.0,60,1295.09962
-47.4,46,1295.184717
60.6,72,1295.29826
332.2,74,1295.414922
266.8,56,1295.502908
-43.8,65,1295.608421
303.2,75,1295.732266
-46.9,39,1295.795048
303.9,60,1295.889946
293.2,75,1296.005799
36.6,83,1296.135793
-52.7,33,1296.187896
337.2,55,1296.28093
302.2,66,1296.383607
24.7,66,1296.487344
2.7,43,1296.556488
35.9,58,1296.651995
-61.4,57,1296.740218
302.2,71,1296.852653
295.5,73,1296.97555
2.0,61,1297.072339
53.3,62,1297.175681
58.8,79,1297.300392
35.5,62,1297.398554
8.1,57,1297.495813
3.6,29,1297.54293
12.7,34,1297.6013
8.0,63,1297.700556
292.2,74,1297.816652
36.1,61,1297.91187
-53.4,57,1298.001723
36.4,62,1298.106622
281.8,69,1298.222564
-17.4,72,1298.335214
-5.6,62,1300.55651
50.2,75,1300.677186
36.8,57,1300.766259
-61.2,42,1300.832985
307.2,51,1300.913251
-58.2,18,1300.9422
25.3,64,1301.042122
267.0,91,1301.192641
55.5,68,1301.300374
346.2,77,1301.423844
305.8,61,1301.519002
5.1,45,1301.593308
284.1,70,1301.71057
-24.8,58,1301.802399
-23.0,74,1301.919296
315.0,65,1302.021885
37.3,44,1302.091598
285.2,57,1302.182257
297.2,58,1302.278227
-54.7,44,1302.356885
-68.5,47,1302.431854
40.4,43,1302.499572
-32.5,49,1302.576965
17.5,55,1302.66588
259.6,71,1302.781112
302.2,46,1302.853914
295.2,66,1302.963152
285.0,61,1303.058375
322.2,55,1303.14402
14.6,52,1303.225608
-13.9,49,1303.30281
278.8,72,1303.429709
13.6,33,1303.491906
35.9,56,1303.582264
86.8,59,1303.677903
88.6,66,1303.783357
260.1,69,1306.345533
8.2,42,1306.412338
-44.0,25,1306.459148
279.8,63,1306.57138
-35.7,36,1306.63287
79.2,81,1306.759403
8.5,46,1306.832292
312.2,54,1306.918761
75.3,71,1307.028986
4.1,55,1307.125936
285.7,62,1307.223671
282.2,59,1307.317177
292.2,49,1307.395006
55.7,85,1307.535125
0.6,75,1307.659201
16.5,56,1307.755285
318.0,94,1307.904584
44.3,68,1308.009948
302.2,59,1308.102288
268.1,58,1308.194981
-65.3,88,1308.342326
292.2,66,1308.445635
342.2,65,1308.548298
-0.8,48,1308.627489
75.9,80,1308.751609
-36.0,37,1308.811114
58.8,74,1308.934309
268.2,55,1309.020596
60.6,45,1309.091442
71.9,68,1309.199011
-13.8,57,1309.287834
299.2,69,1309.396371
53.9,50,1309.482016
40.4,36,1309.540818
275.6,63,1311.81636
90.5,81,1311.953643
23.8,73,1312.068577
68.9,58,1312.160182
55.4,59,1312.252087
291.2,62,1312.349245
266.5,64,1312.450253
307.2,34,1312.514126
291.0,47,1312.591353
52.5,69,1312.699647
287.2,69,1312.807774
287.2,56,1312.897943
12.6,41,1312.963669
322.2,58,1313.056874
292.2,76,1313.184222
302.2,63,1313.283071
244.3,74,1313.398898
-91.7,34,1313.453948
-119.5,24,1313.492527
-26.4,47,1313.568206
61.5,55,1313.658316
39.0,61,1313.771085
62.0,61,1313.868243
-64.4,54,1313.95434
-28.9,61,1314.05145
-23.1,38,1314.113571
13.7,43,1314.182592
24.4,40,1314.246304
-53.2,20,1314.286296
283.3,83,1314.418946
-100.2,61,1314.515074
66.0,68,1314.626304
287.2,65,1314.729055
277.3,98,1314.904764
312.2,46,1314.976104
47.5,83,1317.257187
-10.0,31,1317.313806
-41.1,42,1317.381463
45.7,64,1317.482743
321.8,85,1317.61868
45.4,74,1317.734272
263.9,53,1317.818189
287.2,60,1317.926673
81.3,57,1318.016801
292.2,62,1318.113304
-75.8,65,1318.214471
300.4,66,1318.316555
-21.3,38,1318.377233
4.1,43,1318.446421
347.2,65,1318.555381
307.2,64,1318.659052
352.2,62,1318.755781
48.4,59,1318.848554
311.2,61,1318.951983
277.9,56,1319.040219
-11.1,30,1319.097426
302.8,68,1319.203863
75.3,78,1319.324381
69.8,82,1319.45411
-53.2,51,1319.532356
304.5,46,1319.608241
68.2,62,1319.713731
314.2,68,1319.819589
322.8,89,1319.961587
42.7,49,1320.048051
-65.9,56,1320.137263
13.6,43,1320.205809
325.4,74,1320.329078
292.2,40,1320.3914
283.4,86,1322.696173
1.8,67,1322.803435
74.0,58,1322.89577
10.4,40,1322.96094
-15.2,56,1323.057412
251.4,74,1323.176736
-2.1,70,1323.293511
-36.2,42,1323.360697
328.3,68,1323.468144
-13.5,49,1323.544109
303.9,63,1323.646755
312.2,55,1323.733359
-11.0,41,1323.799358
-62.9,42,1323.872818
68.7,59,1323.96732
-12.4,51,1324.049516
46.9,59,1324.157681
-17.2,46,1324.231146
36.2,64,1324.332141
68.9,68,1324.439329
359.2,67,1324.551518
-10.4,29,1324.601637
317.2,87,1324.751971
301.2,113,1324.92717
280.0,48,1325.004215
347.2,77,1325.134677
283.5,74,1325.251647
-53.6,35,1325.309687
40.4,43,1325.377058
35.8,67,1325.482972
-28.0,38,1325.544842
-29.1,67,1325.654818
284.2,56,1325.747892
299.5,58,1325.838693
36.8,57,1325.92793
-26.2,65,1328.185145
-77.3,71,1328.309107
279.5,53,1328.394158
292.2,56,1328.481815
-46.0,65,1328.584841
-70.9,16,1328.614217
63.7,44,1328.691369
-8.5,51,1328.773373
-65.0,49,1328.852728
-32.8,56,1328.941927
299.8,72,1329.055139
-28.4,55,1329.14254
274.8,63,1329.241215
31.0,48,1329.326981
303.9,79,1329.450013
273.5,59,1329.542807
-100.0,48,1329.620449
-9.9,66,1329.725733
48.8,73,1329.84117
260.4,86,1329.98383
-135.7,21,1330.018367
6.5,46,1330.090899
-14.9,54,1330.177081
337.2,79,1330.300695
-3.0,74,1330.421819
-4.2,52,1330.511605
0.0,62,1330.61363
276.9,84,1330.746179
267.1,73,1330.860034
-53.2,17,1330.889726
357.2,77,1331.008081
287.2,71,1331.125261
30.7,47,1331.200053
-16.3,79,1331.323203
14.2,45,1331.404056
288.9,62,1333.663868
292.2,41,1333.727365
30.0,86,1333.864003
13.6,32,1333.915148
312.2,83,1334.04441
-59.6,64,1334.153752
8.2,46,1334.227861
62.6,64,1334.330284
292.2,62,1334.426779
-2.4,31,1334.484487
287.2,52,1334.568328
309.2,51,1334.650247
-63.2,76,1334.780878
7.0,91,1334.925666
-12.0,69,1335.034323
-63.0,49,1335.113066
-94.5,36,1335.170328
-109.1,37,1335.228877
292.5,70,1335.350917
-110.4,66,1335.456401
-71.2,55,1335.55572
-48.4,44,1335.630854
315.1,77,1335.752741
282.9,65,1335.854468
51.6,56,1335.952556
60.4,69,1336.062096
-44.2,52,1336.144963
44.1,66,1336.250669
329.2,57,1336.340944
-95.2,25,1336.38172
-53.2,21,1336.416169
4.5,60,1336.520708
-32.8,26,1336.576991
50.9,55,1336.672055
-30.4,50,1336.750188
309.6,61,1336.847419
55.7,46,1336.922201
342.2,52,1339.136646
-46.6,58,1339.229301
276.2,76,1339.348307
287.2,65,1339.45105
-25.6,56,1339.547323
312.2,63,1339.654935
21.6,48,1339.733436
42.4,39,1339.796723
37.3,40,1339.860797
264.7,68,1339.967486
293.6,90,1340.11663
53.8,59,1340.209144
-67.1,45,1340.280788
-35.8,62,1340.3792
33.8,42,1340.44636
21.9,53,1340.530649
-139.3,74,1340.649421
31.9,60,1340.762148
315.2,70,1340.872599
-46.6,43,1340.941871
-28.4,76,1341.060436
40.7,55,1341.146122
-1.4,53,1341.229498
53.7,64,1341.337761
44.4,55,1341.424534
-46.4,79,1341.548374
302.2,62,1341.647889
314.3,79,1341.771253
312.2,71,1341.890849
16.3,48,1341.966972
8.7,55,1342.114979
270.4,55,1342.260331
-47.7,42,1342.383825
-2.6,48,1342.479955
-44.9,45,1342.552623
35.4,43,1344.796589
65.4,57,1344.909009
16.3,65,1345.010328
327.2,59,1345.104034
328.6,99,1345.261362
-54.2,58,1345.353641
-27.7,37,1345.41362
297.9,62,1345.520877
11.2,44,1345.59052
-22.3,50,1345.673662
-29.4,48,1345.750002
-43.2,21,1345.784789
312.3,74,1345.902467
-6.4,32,1345.954203
267.0,70,1346.072652
263.7,75,1346.19198
313.1,64,1346.294333
284.5,69,1346.402247
31.2,73,1346.518689
307.2,58,1346.614071
31.3,78,1346.74742
267.4,67,1346.854162
314.0,63,1346.962572
-45.5,47,1347.038602
282.2,56,1347.127334
87.1,58,1347.219276
-14.7,37,1347.286635
296.2,48,1347.362738
-1.4,55,1347.448457
297.2,60,1347.543886
-145.4,64,1347.648695
-55.2,11,1347.667343
317.2,72,1347.780938
-38.4,52,1347.871311
50.6,67,1347.993321
73.3,64,1348.095128
1.5,56,1350.340725
-33.4,62,1350.438863
313.0,77,1350.559132
320.0,75,1350.680806
312.2,58,1350.774541
4.5,38,1350.835665
-90.6,68,1350.950081
-16.4,54,1351.034492
-38.7,53,1351.124009
39.9,73,1351.239549
-33.1,31,1351.289588
-85.8,59,1351.3818
30.9,45,1351.452343
57.5,75,1351.577125
-12.4,75,1351.697145
301.0,61,1351.842169
-14.7,41,1351.932518
302.2,63,1352.047064
26.6,72,1352.17994
340.2,77,1352.298973
-25.6,55,1352.386148
277.2,44,1352.455219
297.2,78,1352.577355
55.1,67,1352.694916
21.9,51,1352.776639
312.2,46,1352.850528
312.2,47,1352.924889
78.5,51,1353.005985
45.2,70,1353.11602
297.2,61,1353.222879
290.2,51,1353.312305
39.4,47,1353.386779
37.4,57,1353.478004
312.2,49,1353.553906
3.0,46,1353.632063
-37.6,34,1353.687389
-4.8,62,1355.908852
37.3,75,1356.026388
100.8,64,1356.12633
322.2,56,1356.217767
297.2,50,1356.315163
-35.9,70,1356.425883
285.3,77,1356.547053
-20.0,35,1356.607257
13.5,49,1356.686204
-66.7,65,1356.786156
20.6,82,1356.925645
0.9,105,1357.092523
46.4,61,1357.188791
-30.4,34,1357.243639
-61.2,54,1357.347944
-34.9,61,1357.444068
315.3,92,1357.601069
61.3,44,1357.670788
-48.3,24,1357.709621
26.7,58,1357.802557
281.2,49,1357.880932
294.9,66,1357.985021
45.1,59,1358.088272
73.3,83,1358.220908
274.1,67,1358.325552
-48.2,41,1358.391195
337.7,68,1358.499458
314.2,61,1358.595433
92.6,59,1358.702697
-35.1,49,1358.782514
292.2,71,1358.893984
6.4,41,1358.960521
295.5,93,1359.105465
15.2,57,1361.350464
-94.5,71,1361.471165
-106.7,84,1361.602891
-8.5,78,1361.73287
-10.1,53,1361.816379
313.3,72,1361.931048
293.4,62,1362.027801
305.5,78,1362.149499
-17.1,60,1362.243349
-43.2,49,1362.328056
275.4,55,1362.414128
-67.6,44,1362.483205
48.0,59,1362.577566
39.2,57,1362.670269
281.0,85,1362.807289
312.2,68,1362.92159
11.4,48,1362.99776
23.5,60,1363.091923
290.8,72,1363.20459
-21.2,59,1363.298617
334.0,73,1363.411864
-29.3,70,1363.536517
-61.8,28,1363.582432
26.3,75,1363.701443
45.0,82,1363.830263
2.9,70,1363.938268
276.2,52,1364.021131
287.6,73,1364.141834
-33.3,48,1364.219046
37.3,57,1364.309058
312.2,68,1364.415589
302.2,63,1364.52332
8.5,52,1366.77405
277.8,69,1366.881658
307.2,64,1366.980767
-51.5,39,1367.042118
307.0,58,1367.142473
291.0,57,1367.231097
-82.3,61,1367.326323
-36.0,37,1367.384835
42.7,63,1367.484498
7.3,90,1367.629745
57.8,62,1367.738018
287.9,54,1367.822813
-44.8,56,1367.912154
17.1,57,1368.002215
86.2,78,1368.124834
287.2,52,1368.205972
-72.6,51,1368.292795
-7.6,40,1368.356488
292.2,48,1368.431468
-22.5,64,1368.531331
-34.5,56,1368.622895
45.4,57,1368.723122
-56.1,48,1368.800036
-119.7,54,1368.894991
52.8,61,1368.991359
315.9,78,1369.114728
15.1,50,1369.194563
-46.4,48,1369.271037
307.2,59,1369.36324
-53.2,33,1369.415886
-1.3,74,1369.540269
50.8,38,1369.601658
-66.3,53,1369.687116
296.4,77,1369.822134
85.7,78,1369.944615
330.2,80,1372.194347
44.5,66,1372.298985
309.2,76,1372.416856
2.2,63,1372.523504
296.2,56,1372.614774
-20.9,62,1372.713738
345.8,90,1372.86662
302.2,40,1372.928023
-1.2,61,1373.024065
-36.9,41,1373.095263
285.2,54,1373.180073
23.7,62,1373.27678
50.4,52,1373.358911
6.5,57,1373.448675
-29.7,53,1373.532117
29.2,50,1373.615492
277.7,63,1373.722836
62.8,54,1373.808078
-24.7,33,1373.873153
-22.2,60,1373.971806
283.9,65,1374.071933
-74.9,21,1374.106727
294.1,62,1374.203218
-18.1,50,1374.289865
-62.6,37,1374.350156
-0.3,53,1374.433864
75.6,68,1374.540414
299.8,57,1374.633679
286.2,64,1374.736675
279.1,71,1374.846901
290.7,49,1374.931783
55.8,61,1375.029005
-18.8,34,1375.083349
9.8,60,1375.178595
352.2,56,1375.266711
-85.2,42,1375.334664
312.2,52,1375.417133
281.2,54,1377.636321
53.0,50,1377.71801
-35.6,65,1377.820293
-64.2,51,1377.909799
-100.0,38,1377.970893
327.2,71,1378.095009
6.0,54,1378.180469
35.4,52,1378.262741
75.1,78,1378.385006
-11.5,66,1378.498618
339.7,62,1378.596594
72.2,42,1378.668505
316.2,67,1378.773432
287.2,62,1378.868161
285.2,62,1379.018312
28.1,52,1379.171596
312.2,69,1379.359862
11.0,59,1379.452
21.0,50,1379.533491
-73.4,65,1379.637675
-50.8,53,1379.728864
332.2,51,1379.808595
2.6,57,1379.898516
-49.7,17,1379.926919
42.7,68,1380.035203
-57.6,36,1380.09735
57.3,58,1380.189593
290.6,67,1380.300342
301.2,43,1380.369719
-69.0,60,1380.462686
1.4,59,1380.554985
302.2,52,1380.640346
333.2,63,1380.739733
307.2,59,1380.831815
10.7,50,1380.92035
5.6,62,1381.017605
53.4,58,1381.121447
-18.4,66,1383.470609
-100.0,51,1383.550055
-62.9,40,1383.616765
297.2,60,1383.711101
-81.4,55,1383.797392
68.5,51,1383.885856
297.2,59,1383.978048
-124.0,26,1384.019931
8.9,74,1384.135216
298.1,75,1384.258837
27.4,59,1384.351846
-101.0,42,1384.419268
35.8,46,1384.499716
-30.0,44,1384.569426
45.1,76,1384.692637
-71.3,54,1384.778159
-12.2,64,1384.878175
287.0,68,1384.985735
58.7,60,1385.088428
-7.2,57,1385.180395
-19.3,59,1385.287238
16.8,55,1385.376616
262.4,66,1385.480057
75.7,75,1385.597136
67.0,53,1385.690394
300.2,60,1385.785461
69.7,80,1385.91013
80.4,37,1385.970269
26.7,58,1386.061598
-18.1,57,1386.150762
327.9,84,1386.302671
292.2,70,1386.414748
58.8,54,1386.500991
-97.0,34,1386.556885
-30.6,56,1386.649196
9.9,79,1388.838557
-67.1,61,1388.934308
37.1,50,1389.013238
-100.0,62,1389.10914
7.1,32,1389.16072
257.2,55,1389.246301
-13.7,58,1389.344839
7.7,51,1389.438469
253.2,49,1389.515268
303.9,68,1389.624264
-66.5,31,1389.674695
5.8,51,1389.7561
10.3,34,1389.809579
59.2,62,1389.914037
-27.8,50,1389.992867
45.7,51,1390.074016
32.7,72,1390.18623
-46.6,43,1390.256898
343.0,62,1390.356527
291.2,57,1390.456548
-29.0,57,1390.554555
-75.5,63,1390.656458
51.5,74,1390.773091
43.8,56,1390.862132
22.3,60,1390.957398
338.5,69,1391.072039
312.4,67,1391.178172
40.4,56,1391.266831
65.4,67,1391.371138
9.8,45,1391.442808
-73.2,67,1391.549116
-62.8,47,1391.625019
18.9,35,1391.689223
28.0,69,1391.80037
303.3,72,1391.911763
-36.7,76,1392.031062
292.2,51,1394.183218
12.7,56,1394.272053
74.3,71,1394.382594
19.2,49,1394.460082
59.4,60,1394.558428
277.2,47,1394.645966
-100.0,58,1394.744462
315.7,64,1394.846347
-4.8,50,1394.926089
61.0,49,1395.003794
13.6,37,1395.06338
2.0,68,1395.170688
332.2,65,1395.279525
284.7,60,1395.376192
276.5,45,1395.447966
302.4,81,1395.575233
94.0,89,1395.717642
1.4,58,1395.808041
285.2,53,1395.899292
106.0,67,1396.005917
302.2,57,1396.095572
336.0,63,1396.194638
-3.3,42,1396.261385
21.8,85,1396.393638
-45.3,33,1396.445174
3.9,51,1396.534709
11.8,60,1396.638265
-88.9,55,1396.725392
-53.2,57,1396.814697
-12.3,50,1396.894375
301.0,73,1397.008615
299.2,47,1397.090054
12.0,58,1397.181927
23.5,55,1397.269321
35.4,61,1397.366514
-42.7,41,1397.432695
277.0,57,1399.593523
357.2,59,1399.690169
290.2,77,1399.809572
17.4,55,1399.895819
59.2,68,1400.003916
31.8,56,1400.100262
302.2,59,1400.193543
-72.5,41,1400.259326
10.9,49,1400.339109
297.2,54,1400.422971
-105.6,29,1400.470158
-91.2,40,1400.533605
20.1,66,1400.64183
45.4,40,1400.714577
-59.9,30,1400.761704
37.4,52,1400.852409
37.4,70,1400.963448
-49.0,74,1401.079828
55.4,45,1401.152731
9.7,35,1401.209525
-68.7,49,1401.295059
-43.4,63,1401.395008
-50.7,68,1401.501876
-62.8,20,1401.536287
334.2,49,1401.616364
-32.2,63,1401.715861
-28.8,34,1401.771396
277.7,73,1401.90454
292.2,75,1402.020721
-13.1,81,1402.147403
-21.7,50,1402.226307
287.2,49,1402.303589
23.8,43,1402.373611
42.5,68,1402.487999
-22.5,48,1402.564668
-39.9,71,1402.685373
280.2,59,1402.778747
-88.3,34,1402.833869
-106.3,72,1405.015222
307.2,62,1405.112698
314.2,65,1405.215218
33.2,65,1405.318186
255.8,58,1405.410172
20.7,62,1405.516575
-98.7,33,1405.570069
312.2,62,1405.671268
287.2,66,1405.774177
297.2,61,1405.869923
9.0,66,1405.984248
286.0,59,1406.084584
-124.9,66,1406.188892
-27.5,32,1406.241162
-1.0,52,1406.323757
-13.9,67,1406.428599
-37.4,35,1406.484746
89.4,53,1406.570217
282.2,76,1406.699718
342.2,75,1406.819593
55.2,51,1406.900473
23.0,60,1407.000794
-94.2,44,1407.075045
-20.7,48,1407.150959
279.6,57,1407.238697
33.3,57,1407.336446
-47.6,61,1407.431731
-14.7,57,1407.521742
-89.6,73,1407.638631
14.4,58,1407.731139
267.2,60,1407.825867
55.4,61,1407.929744
60.0,50,1408.009517
-48.2,30,1408.057903
17.9,68,1408.165163
331.2,72,1410.379664
34.0,67,1410.484885
46.6,53,1410.569737
307.2,59,1410.664945
286.7,59,1410.757811
280.8,61,1410.854303
53.4,55,1410.949168
-92.9,57,1411.039403
287.2,83,1411.181593
-34.9,53,1411.26496
-19.9,39,1411.327506
19.0,49,1411.405638
-46.3,37,1411.470784
327.2,55,1411.559291
-96.4,47,1411.635023
316.7,74,1411.751858
295.9,83,1411.883688
-27.1,66,1411.987617
331.3,61,1412.091755
35.3,71,1412.203967
37.5,50,1412.283866
-161.6,27,1412.327161
-20.6,58,1412.419141
23.9,66,1412.522202
312.2,62,1412.622322
40.4,40,1412.695123
-59.2,55,1412.783595
76.5,62,1412.880361
-31.0,78,1413.002171
297.2,59,1413.095172
-28.0,44,1413.167787
23.7,55,1413.261039
327.2,71,1413.379037
287.3,70,1413.490714
-16.4,51,1413.572286
-38.1,36,1416.066313
50.3,75,1416.18489
276.2,52,1416.273181
273.3,60,1416.370012
-40.5,57,1416.460194
33.7,58,1416.552766
2.2,51,1416.63705
45.4,45,1416.709293
96.9,72,1416.831775
69.8,56,1416.929759
18.1,63,1417.031313
-20.6,45,1417.103762
31.1,46,1417.179006
5.2,28,1417.225123
-52.1,38,1417.284721
312.2,73,1417.405609
-3.5,63,1417.512751
302.2,40,1417.575941
290.3,65,1417.680246
293.2,59,1417.772959
288.2,57,1417.862815
-1.4,31,1417.913934
6.4,60,1418.007987
309.9,71,1418.125843
5.5,66,1418.228904
347.2,80,1418.353597
287.2,85,1418.495177
39.4,54,1418.581007
55.5,61,1418.68788
-69.1,38,1418.748465
284.2,70,1418.861325
36.2,86,1418.997005
-77.3,42,1419.063117
-40.5,51,1419.144545
81.6,70,1419.254524
15.2,52,1419.343798
268.1,65,1421.522259
287.0,61,1421.621618
263.4,64,1421.731081
302.1,76,1421.852315
321.0,60,1421.94707
29.2,34,1422.003109
277.9,64,1422.104351
272.0,74,1422.219656
-22.4,52,1422.310626
65.3,63,1422.411471
46.2,53,1422.495644
92.6,65,1422.609169
271.0,49,1422.6912
338.4,64,1422.793827
35.3,49,1422.882201
24.1,61,1422.978354
70.9,53,1423.063582
-63.3,54,1423.149004
325.2,66,1423.254292
-48.3,78,1423.376642
302.2,67,1423.492488
-36.4,60,1423.597461
-114.8,89,1423.74643
302.2,66,1423.850506
338.7,72,1423.964367
306.0,77,1424.096029
325.2,60,1424.190946
-38.7,39,1424.253834
84.6,62,1424.352613
-3.7,57,1424.442391
-6.1,46,1424.515974
332.1,84,1424.653763
-123.0,56,1424.75083
50.9,36,1426.881923
27.4,46,1426.956751
342.7,76,1427.084521
322.2,53,1427.167348
24.5,68,1427.275213
-38.8,64,1427.375927
302.2,73,1427.490679
1.0,62,1427.589324
-49.0,54,1427.683004
-100.0,60,1427.787929
305.2,76,1427.90639
-49.3,42,1427.974191
24.5,68,1428.081633
307.2,53,1428.1634
275.4,68,1428.277348
2.4,51,1428.358996
-1.2,41,1428.425498
309.8,79,1428.548859
302.2,66,1428.655629
-87.2,39,1428.718355
272.8,48,1428.795119
285.8,64,1428.902804
-56.5,51,1428.982939
-11.4,57,1429.072677
78.7,78,1429.195448
-76.9,45,1429.267858
283.6,81,1429.393759
292.2,70,1429.509773
288.8,73,1429.626429
-104.1,50,1429.704631
-6.4,25,1429.744869
332.2,60,1429.844404
-61.5,38,1429.905024
-20.6,33,1429.957314
113.3,75,1430.083176
282.2,77,1432.284082
-6.8,37,1432.343027
10.6,42,1432.410683
44.3,59,1432.511729
327.2,80,1432.64028
-2.5,50,1432.719895
22.4,68,1432.826213
65.6,67,1432.930127
55.9,86,1433.073593
56.1,53,1433.15818
65.9,56,1433.246722
-19.7,50,1433.325746
-14.7,55,1433.412666
311.2,55,1433.498959
-6.4,79,1433.623537
26.8,50,1433.712915
61.6,50,1433.793137
267.5,65,1433.895244
5.3,51,1433.984122
72.4,56,1434.073699
311.2,69,1434.181589
-10.3,57,1434.275439
284.0,64,1434.381418
339.2,73,1434.496068
283.2,52,1434.578655
-7.7,53,1434.665817
10.4,76,1434.785642
292.7,69,1434.901989
68.8,46,1434.984439
3.6,69,1435.094327
74.4,69,1435.203732
330.7,49,1435.280211
23.0,46,1435.353988
-12.1,46,1435.427927
9.8,42,1435.501436
312.2,64,1437.682556
326.1,69,1437.790588
-19.9,40,1437.854184
-43.7,54,1437.94625
272.9,78,1438.071103
14.9,57,1438.163399
-48.3,76,1438.281929
337.2,59,1438.374531
-38.2,38,1438.435226
57.8,43,1438.511732
84.6,64,1438.612764
-15.6,37,1438.676323
-12.3,40,1438.739529
307.9,96,1438.890446
282.2,56,1438.977318
302.4,60,1439.080592
62.8,72,1439.205088
303.6,67,1439.310087
-11.8,43,1439.379239
19.3,51,1439.460848
47.4,44,1439.530011
-61.7,43,1439.600591
275.9,65,1439.712197
327.2,77,1439.83354
3.4,46,1439.907177
-60.5,50,1439.986216
317.2,65,1440.088097
55.4,50,1440.177058
287.2,60,1440.28364
287.0,79,1440.409092
331.2,71,1440.520361
281.2,47,1440.593822
302.2,62,1440.695319
48.1,58,1440.788616
36.0,82,1440.926255
9.1,55,1443.055539
-41.6,44,1443.127837
-90.7,70,1443.242229
301.4,78,1443.377055
53.4,67,1443.481684
33.1,77,1443.601703
288.3,55,1443.691635
27.5,69,1443.799352
-9.3,56,1443.896806
272.2,61,1443.992209
55.4,59,1444.086517
30.2,49,1444.164035
268.9,60,1444.259793
280.5,50,1444.349693
2.2,70,1444.465295
5.8,70,1444.580051
296.2,51,1444.664095
335.2,55,1444.750278
312.2,64,1444.869911
18.6,43,1444.939123
281.3,52,1445.023072
273.0,52,1445.112794
-20.3,44,1445.183761
-62.7,69,1445.294892
297.1,74,1445.412549
89.1,68,1445.519843
285.7,50,1445.599701
267.5,56,1445.701852
-48.9,78,1445.826014
-73.7,62,1445.924937
297.2,66,1446.029538
-13.9,62,1446.127746
102.4,66,1446.232911
48.5,52,1446.328176
246.0,80,1448.534641
5.3,58,1448.630457
30.7,86,1448.773082
-100.0,49,1448.848721
237.7,80,1448.973859
292.2,50,1449.05176
-38.5,56,1449.140821
47.3,49,1449.219393
59.5,71,1449.3382
33.0,79,1449.461448
30.2,45,1449.532378
292.2,72,1449.648026
257.8,86,1449.783825
26.9,69,1449.9002
297.2,69,1450.007859
8.6,66,1450.11171
49.2,53,1450.19588
-23.8,71,1450.307995
292.2,49,1450.386555
342.2,75,1450.5229
312.2,53,1450.637574
3.4,91,1450.807258
-90.6,37,1450.865731
75.3,60,1450.960578
264.8,68,1451.086324
5.6,47,1451.161906
-39.5,60,1451.256705
-19.0,50,1451.337071
297.1,66,1451.441924
-57.2,46,1451.573571
45.4,52,1451.736066
-91.6,52,1451.895286
-7.5,43,1451.983902
-85.4,61,1454.150681
342.2,55,1454.237863
17.1,50,1454.315945
-130.2,21,1454.350011
-1.7,44,1454.420306
-50.6,36,1454.477227
-21.5,78,1454.597811
301.0,75,1454.733989
26.3,80,1454.861106
321.2,62,1454.958321
297.2,67,1455.063586
-9.3,45,1455.135614
-17.0,56,1455.223645
42.0,55,1455.318135
322.2,45,1455.388869
-0.5,35,1455.444946
286.2,48,1455.520463
-41.3,61,1455.618348
288.4,83,1455.762342
295.1,58,1455.852208
306.2,82,1455.98893
-126.1,66,1456.090406
13.9,56,1456.179218
307.2,55,1456.265832
272.2,53,1456.348833
61.6,72,1456.463685
283.3,73,1456.584866
300.2,44,1456.657364
275.5,77,1456.788195
46.9,62,1456.889332
298.4,79,1457.01371
286.9,58,1457.111666
324.6,65,1457.213278
246.8,67,1457.31899
15.9,58,1459.439015
21.5,72,1459.562535
312.2,75,1459.68202
325.7,73,1459.796647
287.2,73,1459.931034
-100.0,46,1460.00166
18.5,38,1460.065957
266.2,64,1460.177168
292.2,42,1460.244983
295.5,56,1460.334671
-30.6,54,1460.418817
-91.6,44,1460.488321
20.7,52,1460.570517
-33.9,55,1460.660007
75.9,48,1460.743944
-1.9,58,1460.838402
270.5,52,1460.932308
-22.9,73,1461.051014
-96.2,57,1461.144074
-41.7,42,1461.230696
296.2,75,1461.361623
12.1,93,1461.507061
-17.4,44,1461.575769
21.4,56,1461.666808
-5.7,59,1461.757707
329.1,78,1461.887894
279.2,57,1461.977139
12.6,60,1462.071652
-72.6,47,1462.146165
-21.5,85,1462.27899
9.3,59,1462.37135
277.2,63,1462.472148
71.5,79,1462.603157
95.4,58,1462.69784
-19.7,74,1464.871189
-52.1,50,1464.956588
9.0,55,1465.045725
-94.1,27,1465.101791
281.0,47,1465.176883
297.2,49,1465.257232
-148.7,23,1465.293987
256.9,80,1465.423204
13.0,60,1465.527784
14.3,46,1465.601578
-68.1,53,1465.692135
-91.1,39,1465.753886
47.8,52,1465.837894
-63.8,70,1465.94709
316.2,64,1466.04925
41.3,65,1466.162335
71.7,67,1466.269126
3.6,34,1466.325252
110.6,82,1466.454767
45.8,48,1466.53041
0.4,75,1466.652378
5.3,48,1466.737293
289.2,69,1466.849345
64.3,54,1466.935894
-0.6,37,1466.994815
-13.4,42,1467.062078
-82.1,48,1467.14515
285.7,63,1467.245338
23.7,77,1467.37675
320.2,64,1467.477491
342.2,69,1467.585388
-103.0,33,1467.643325
45.4,38,1467.705371
372.2,96,1467.857388
49.1,80,1467.993632
18.6,71,1468.104969
19.0,51,1468.197277
-75.7,42,1470.332187
307.2,62,1470.428814
35.5,86,1470.562879
-49.6,58,1470.656099
5.9,44,1470.725776
1.8,61,1470.822244
282.7,57,1470.919287
288.2,81,1471.047504
292.2,59,1471.13925
35.4,59,1471.23149
-105.7,35,1471.294825
-37.3,63,1471.393696
8.8,48,1471.473046
20.3,60,1471.571681
26.9,71,1471.685611
-68.8,44,1471.755801
306.2,51,1471.836365
282.2,56,1471.923971
49.3,63,1472.02275
22.4,66,1472.13564
91.8,51,1472.217057
-86.7,56,1472.314112
-58.2,41,1472.379858
264.3,58,1472.471364
-34.0,59,1472.56435
31.5,58,1472.665096
55.4,59,1472.763323
332.2,79,1472.887412
282.6,63,1472.986687
10.2,79,1473.109644
-54.2,24,1473.149537
-79.6,77,1473.272246
-152.8,22,1473.315856
-46.3,40,1473.391614
9.7,74,1473.510919
-94.1,34,1473.565276
21.3,58,1475.718592
-66.0,54,1475.802493
9.3,34,1475.856391
303.7,62,1475.953188
67.9,67,1476.058665
76.0,78,1476.181422
-115.9,31,1476.231118
306.7,71,1476.349904
282.2,54,1476.442764
8.0,59,1476.537159
68.9,44,1476.607868
-64.2,30,1476.659016
50.7,68,1476.768818
-22.8,36,1476.826966
290.2,51,1476.914846
51.1,52,1476.995801
-16.1,47,1477.07052
9.6,54,1477.156218
303.0,73,1477.26813
312.8,66,1477.37129
-0.7,47,1477.446431
264.5,56,1477.555079
322.2,59,1477.650978
-59.2,27,1477.695254
277.2,48,1477.769883
28.1,80,1477.895334
297.2,79,1478.017393
311.2,78,1478.148333
-78.8,62,1478.244444
307.2,62,1478.341446
320.0,44,1478.411526
-43.3,64,1478.512467
334.7,71,1478.622663
43.9,54,1478.720263
-9.1,44,1478.79045
-40.2,61,1478.90639
60.4,75,1481.070054
297.2,51,1481.156046
-5.9,47,1481.229278
44.4,64,1481.329433
272.2,50,1481.40752
-39.8,59,1481.501058
-30.7,67,1481.607494
-24.9,73,1481.742907
15.6,36,1481.800335
22.7,63,1481.899955
48.6,58,1481.991205
-58.2,58,1482.081705
282.2,68,1482.187432
302.7,81,1482.322825
-13.5,42,1482.388531
291.2,64,1482.48783
337.0,102,1482.647346
264.5,68,1482.751871
310.7,66,1482.856128
-19.4,30,1482.912391
44.5,67,1483.016624
334.2,64,1483.115099
4.3,41,1483.180655
-60.1,45,1483.25214
297.2,53,1483.333917
75.4,80,1483.45751
301.4,57,1483.553887
269.3,69,1483.671901
43.1,54,1483.757107
-59.2,37,1483.815892
-96.8,35,1483.871273
269.2,65,1483.99284
272.2,50,1484.076221
47.2,89,1484.232025
304.5,49,1484.309196
-26.0,66,1486.436128
297.9,73,1486.558759
91.1,47,1486.633796
297.2,68,1486.742341
-12.8,49,1486.818755
327.2,53,1486.903319
40.4,52,1486.986399
-5.1,70,1487.104409
279.1,58,1487.196092
322.2,90,1487.345546
298.9,73,1487.541802
294.4,69,1487.726211
252.8,80,1487.88224
-25.3,63,1487.980011
312.2,50,1488.057999
352.2,67,1488.162218
35.8,63,1488.261706
49.2,48,1488.343811
364.2,64,1488.443895
338.2,71,1488.554322
6.1,67,1488.66225
-86.0,31,1488.712279
9.1,76,1488.831583
299.1,65,1488.952321
-38.9,52,1489.047972
45.4,52,1489.133537
-24.9,47,1489.207991
35.4,40,1489.282146
307.2,63,1489.380118
31.6,55,1489.470492
272.2,56,1489.572098
87.9,71,1489.688048
317.2,60,1489.781628
301.2,82,1491.916303
26.0,56,1492.014623
-70.5,46,1492.087068
-36.1,50,1492.16724
19.7,63,1492.264927
272.2,55,1492.350963
273.9,50,1492.430534
-100.0,51,1492.519351
39.4,37,1492.580159
-24.6,72,1492.697898
-40.9,45,1492.768037
90.7,46,1492.841856
276.0,80,1492.967404
297.2,72,1493.106379
301.0,76,1493.22455
-27.9,84,1493.356685
21.6,97,1493.508263
234.4,73,1493.622071
313.9,65,1493.738758
286.2,58,1493.830907
-2.4,71,1493.943883
287.2,49,1494.039089
-39.2,23,1494.091131
-121.9,39,1494.164605
287.2,55,1494.252176
268.1,83,1494.40989
57.7,86,1494.545004
35.4,48,1494.63491
263.8,92,1494.786367
351.0,59,1494.88622
311.1,78,1495.0105
101.1,53,1495.095499
317.2,76,1495.217588
-9.3,47,1497.308709
-1.8,70,1497.421335
275.2,55,1497.507434
305.7,66,1497.612269
-18.4,81,1497.746172
312.2,64,1497.845441
290.7,46,1497.92627
-93.8,73,1498.040889
303.9,78,1498.163354
41.3,70,1498.284525
49.5,76,1498.404275
304.7,50,1498.490268
-16.4,33,1498.543991
34.9,66,1498.649596
297.2,58,1498.740023
272.2,66,1498.843417
10.3,69,1498.953046
270.8,51,1499.035993
9.8,49,1499.13377
62.0,59,1499.229316
53.7,68,1499.33827
4.5,65,1499.450707
33.7,59,1499.54457
14.6,69,1499.666935
29.5,74,1499.79076
-10.9,58,1499.882327
297.2,56,1499.970815
-69.1,20,1500.003618
-117.1,36,1500.062536
65.3,57,1500.154759
-48.4,89,1500.313069
53.9,53,1500.397034
255.5,63,1500.495786
282.3,58,1500.590143
-8.1,35,1502.690029
317.2,43,1502.760592
302.2,54,1502.845835
287.1,65,1502.948729
90.4,44,1503.018846
57.7,83,1503.149018
12.7,47,1503.223121
284.0,53,1503.314773
278.9,79,1503.436436
-5.5,85,1503.570096
-51.8,59,1503.66591
-45.6,57,1503.754819
57.1,67,1503.862579
296.2,62,1503.967569
306.2,52,1504.049192
270.7,67,1504.175886
64.9,80,1504.309416
56.9,56,1504.399426
60.6,57,1504.514279
272.2,64,1504.61449
303.6,78,1504.750204
-54.6,63,1504.846809
266.6,81,1504.973982
-47.4,28,1505.019382
307.2,67,1505.132047
106.6,63,1505.232053
38.7,73,1505.347492
292.2,64,1505.451337
286.2,56,1505.543779
62.9,59,1505.636692
-1.3,47,1505.722866
302.2,70,1505.832358
331.2,56,1505.920907
-6.2,77,1508.037758
31.6,53,1508.133541
332.6,71,1508.244703
18.6,48,1508.321354
23.5,69,1508.430274
292.2,61,1508.526964
3.6,38,1508.595266
74.1,66,1508.709982
297.2,68,1508.816812
-120.4,18,1508.847229
95.8,59,1508.939666
15.7,47,1509.013858
295.3,53,1509.097103
287.2,41,1509.165061
-37.8,62,1509.274202
32.4,70,1509.392112
-23.9,38,1509.460723
294.7,62,1509.568147
-22.2,37,1509.634638
43.6,50,1509.718161
-32.2,73,1509.848445
277.3,58,1509.947317
41.1,68,1510.054286
30.8,60,1510.150029
-77.0,54,1510.236381
-44.2,56,1510.326685
35.4,72,1510.438334
291.8,71,1510.55918
-29.4,52,1510.64837
319.5,68,1510.765915
297.2,43,1510.833775
-31.4,49,1510.913059
12.8,49,1510.990356
-57.9,34,1511.046288
43.7,49,1511.134828
49.2,70,1511.244663
-49.2,29,1511.291951
267.5,61,1513.379255
34.4,54,1513.469455
-98.3,45,1513.548282
328.4,63,1513.648895
-0.0,66,1513.768882
287.0,71,1513.88043
-20.2,49,1513.95859
-40.7,66,1514.063248
297.6,60,1514.166004
81.6,79,1514.314656
15.5,65,1514.424718
307.2,60,1514.534889
277.2,43,1514.603681
80.0,71,1514.724765
-48.2,32,1514.780043
280.2,71,1514.91218
-55.8,58,1515.002816
287.8,66,1515.106137
75.9,48,1515.181758
48.1,51,1515.265452
53.1,63,1515.371243
-40.7,84,1515.502794
36.9,58,1515.594466
-60.4,54,1515.682659
302.2,57,1515.771811
256.5,86,1515.912718
-74.3,61,1516.007473
29.9,51,1516.088547
58.7,54,1516.173973
27.1,35,1516.230333
292.2,55,1516.317102
-85.5,68,1516.420559
37.4,76,1516.54737
349.9,82,1516.68046
-47.7,59,1518.805921
-11.6,84,1518.955848
263.6,66,1519.061928
302.2,67,1519.166031
297.2,63,1519.269704
37.9,68,1519.38459
-100.0,39,1519.449096
276.9,70,1519.573336
16.0,56,1519.669558
3.9,61,1519.766338
5.9,89,1519.914665
36.7,61,1520.010451
309.2,74,1520.133452
336.2,70,1520.245161
273.3,78,1520.370095
-25.8,53,1520.452908
291.0,68,1520.56011
267.5,59,1520.654742
-24.1,38,1520.724081
46.3,78,1520.84835
292.2,57,1520.937012
15.4,46,1521.01563
-21.9,55,1521.102513
306.2,50,1521.181251
19.2,42,1521.24822
268.2,80,1521.380636
69.8,56,1521.467372
-57.5,50,1521.546224
53.2,58,1521.638425
-53.2,45,1521.713502
39.1,70,1521.823352
-89.7,47,1521.905064
11.9,56,1521.994102
327.5,73,1522.119787
-86.7,65,1524.672831
46.6,57,1524.764139
-2.2,75,1524.889237
302.2,69,1525.010504
60.4,51,1525.092656
-19.7,59,1525.193696
1.7,53,1525.281093
87.4,70,1525.39429
302.2,74,1525.51958
290.4,75,1525.638227
284.7,66,1525.746014
309.2,85,1525.88179
-57.7,42,1525.948958
45.5,67,1526.054988
364.7,74,1526.194204
54.4,81,1526.320156
292.2,42,1526.388348
36.7,83,1526.517971
-108.8,53,1526.599706
9.5,39,1526.669769
296.2,65,1526.778155
286.2,74,1526.893089
-104.8,33,1526.947028
36.0,79,1527.071466
85.4,58,1527.162541
307.2,59,1527.273852
26.5,54,1527.36481
307.2,89,1527.507227
301.2,57,1527.597339
-130.6,38,1527.662456
312.2,86,1527.798537
-51.2,89,1530.006774
-65.2,52,1530.093342
-32.0,39,1530.156889
7.7,68,1530.280354
297.2,59,1530.391756
96.4,66,1530.496978
5.8,56,1530.587864
-113.7,44,1530.662816
35.7,56,1530.755395
317.1,67,1530.860961
11.7,40,1530.933749
269.6,75,1531.054022
267.3,46,1531.126556
-44.7,51,1531.208578
56.4,54,1531.293732
-46.6,64,1531.411578
287.0,63,1531.526642
-11.5,73,1531.665046
22.1,50,1531.757905
321.2,65,1531.86136
267.8,63,1531.960614
290.7,67,1532.068659
312.2,60,1532.168957
49.8,77,1532.289315
44.8,63,1532.389187
-85.9,47,1532.463664
45.3,52,1532.546565
281.8,79,1532.684087
-0.8,67,1532.79179
311.2,66,1532.895455
27.0,78,1533.017109
44.2,51,1533.099531
277.2,48,1533.175193
312.2,57,1533.268405
282.2,47,1533.346514
-25.3,43,1535.489529
260.3,84,1535.634378
6.3,65,1535.747691
-49.7,68,1535.855157
254.9,68,1535.96169
-30.4,40,1536.026987
-29.5,50,1536.106527
33.6,59,1536.199737
287.8,83,1536.339569
299.2,53,1536.422508
59.4,46,1536.495647
34.4,57,1536.585126
250.4,78,1536.709552
302.2,65,1536.812182
311.9,81,1536.947983
-31.7,59,1537.039382
292.5,54,1537.124191
36.4,64,1537.225316
79.9,63,1537.324609
322.2,60,1537.417963
-29.7,33,1537.474221
14.5,61,1537.581118
312.2,62,1537.679726
274.7,54,1537.764863
272.8,67,1537.870837
283.1,62,1537.968245
-87.2,47,1538.042408
274.4,84,1538.181445
46.9,42,1538.248807
312.2,67,1538.354658
59.0,50,1538.433763
53.9,61,1538.529878
1.7,64,1538.642359
290.6,65,1538.753806
-18.2,41,1540.872006
285.7,67,1540.980309
317.2,69,1541.095412
48.5,58,1541.187155
292.2,51,1541.266677
68.5,83,1541.398069
-100.0,50,1541.474456
-18.4,67,1541.579241
2.4,47,1541.65603
-69.9,19,1541.696537
282.2,58,1541.792691
303.6,68,1541.900298
-26.6,51,1541.981999
-4.6,48,1542.059504
319.7,59,1542.152245
-27.3,40,1542.217967
32.3,63,1542.325866
8.1,71,1542.436992
34.8,62,1542.534913
-49.3,55,1542.622085
297.2,65,1542.734263
327.2,57,1542.831578
302.6,65,1542.941007
287.2,64,1543.040283
-14.8,46,1543.11472
337.2,75,1543.230699
-15.6,59,1543.322235
66.0,75,1543.440415
10.3,54,1543.532552
286.3,66,1543.63634
309.6,73,1543.754467
273.2,69,1543.876561
287.5,69,1543.985266
268.9,80,1544.119146
297.2,50,1546.266705
283.6,69,1546.375979
78.7,72,1546.496544
310.5,61,1546.593821
43.8,65,1546.700623
79.6,62,1546.798694
102.2,70,1546.922284
-23.9,36,1546.979724
-93.5,58,1547.073322
262.8,49,1547.153363
297.2,54,1547.238822
-113.9,48,1547.315496
43.2,80,1547.440332
302.2,48,1547.516209
333.1,67,1547.622136
-45.6,57,1547.723458
36.3,73,1547.838777
302.1,74,1547.966049
54.5,64,1548.066691
-118.2,9,1548.082662
317.2,56,1548.18016
-39.5,73,1548.305089
-54.6,39,1548.367962
302.2,55,1548.455115
307.2,54,1548.540354
-49.6,42,1548.611195
35.3,65,1548.719124
322.2,58,1548.812892
66.1,70,1548.932072
-100.0,43,1548.999994
287.2,60,1549.094503
3.4,49,1549.17212
-8.0,38,1549.233838
325.7,55,1549.321786
8.9,65,1549.423104
-57.6,31,1549.481035
-115.9,31,1549.530984
3.5,46,1551.702753
-1.4,34,1551.756271
55.9,45,1551.829043
297.2,78,1551.957319
-48.2,48,1552.032348
349.7,60,1552.138956
20.5,60,1552.233606
280.4,59,1552.32601
14.4,61,1552.422711
-31.7,69,1552.538288
46.2,55,1552.625808
-28.4,91,1552.773524
372.2,64,1552.874222
-14.4,61,1552.970659
-41.9,57,1553.064318
284.4,75,1553.186552
65.9,58,1553.27846
282.3,73,1553.392666
322.3,64,1553.494196
299.2,64,1553.594261
286.5,59,1553.69834
-3.7,99,1553.853991
7.6,58,1553.943874
22.8,77,1554.065114
302.2,58,1554.161845
-71.5,23,1554.199556
-72.1,59,1554.298921
311.0,68,1554.405931
87.8,82,1554.536888
57.4,54,1554.62214
292.2,48,1554.699903
322.2,59,1554.794257
8.5,73,1554.916774
302.2,62,1557.415843
-12.0,60,1557.510919
-45.3,78,1557.632462
47.1,58,1557.727776
327.2,53,1557.810809
-46.7,58,1557.911031
282.2,51,1557.990985
-13.3,69,1558.099748
282.2,56,1558.186763
-2.0,71,1558.303216
20.5,53,1558.3877
66.4,56,1558.484461
94.4,60,1558.580093
-20.9,42,1558.647582
-64.6,30,1558.697743
73.7,50,1558.777131
284.5,88,1558.915624
13.8,79,1559.039098
27.6,43,1559.114869
294.2,63,1559.212745
277.2,73,1559.334326
35.1,51,1559.415276
41.7,81,1559.541815
53.3,65,1559.643968
-52.9,30,1559.708
20.5,51,1559.789629
-68.7,17,1559.81857
-37.1,65,1559.921203
304.0,70,1560.031298
297.2,47,1560.104726
342.2,71,1560.217006
300.5,55,1560.309964
-38.2,51,1560.403324
28.5,48,1560.480296
266.6,77,1560.600401
26.7,56,1562.772243
286.6,57,1562.864611
-65.7,57,1562.952929
-26.6,52,1563.038168
310.2,55,1563.125498
299.2,70,1563.23783
-16.5,47,1563.320387
-7.6,45,1563.391153
309.6,64,1563.501014
315.2,76,1563.619057
272.8,70,1563.733019
260.8,49,1563.810729
286.6,77,1563.941469
289.8,78,1564.063049
272.2,72,1564.17538
-25.6,37,1564.236015
-82.2,47,1564.310515
93.9,68,1564.417113
292.5,72,1564.557891
-58.5,28,1564.602669
280.6,56,1564.692962
13.6,45,1564.76508
-19.9,42,1564.832571
65.3,62,1564.940566
292.2,35,1564.999921
339.0,64,1565.110341
39.6,64,1565.214248
60.4,90,1565.357546
59.4,71,1565.468867
17.9,67,1565.574386
52.0,44,1565.645324
292.2,55,1565.745124
43.3,50,1565.823948
50.4,79,1565.948167
-6.4,59,1566.040949
311.0,49,1568.208752
73.7,62,1568.30672
-98.9,30,1568.354687
-114.0,41,1568.418752
45.3,59,1568.511993
-32.2,52,1568.594754
286.7,72,1568.732594
-12.5,51,1568.813817
41.5,61,1568.909517
91.8,65,1569.011332
50.3,77,1569.131471
-44.7,58,1569.222152
-65.0,36,1569.285709
62.4,45,1569.357648
287.2,50,1569.436078
307.0,79,1569.559668
56.8,52,1569.643089
60.4,49,1569.725846
12.0,52,1569.809462
65.6,68,1569.923567
325.3,62,1570.020808
283.5,70,1570.129666
38.7,65,1570.232566
-12.5,55,1570.320576
8.4,64,1570.421076
17.9,63,1570.528135
272.3,67,1570.634799
-25.4,70,1570.753926
-19.4,47,1570.827828
-2.4,34,1570.881957
-6.4,37,1570.940313
279.1,53,1571.024014
-13.4,76,1571.148441
41.5,59,1571.241858
-76.7,51,1571.321257
-6.4,44,1571.390442
-71.0,42,1571.457837
281.2,46,1573.616584
28.7,52,1573.704434
287.2,47,1573.777876
283.5,79,1573.901188
-47.8,33,1573.952946
-25.2,53,1574.036964
-3.4,53,1574.127823
292.2,53,1574.211533
60.3,69,1574.320168
62.2,62,1574.416702
34.0,50,1574.49615
-18.0,60,1574.590734
273.9,71,1574.713713
309.8,76,1574.83168
-48.2,39,1574.899469
39.5,78,1575.023349
16.9,64,1575.122331
-21.0,44,1575.191696
266.6,64,1575.300601
342.2,71,1575.411391
-99.9,44,1575.482218
72.7,70,1575.591717
269.8,70,1575.70327
-75.3,52,1575.785467
-5.3,33,1575.837991
19.9,71,1575.969249
55.7,75,1576.084959
-23.4,81,1576.212613
282.2,69,1576.320614
288.9,74,1576.43631
283.9,64,1576.5472
63.6,53,1576.631381
302.2,69,1576.74231
-143.9,39,1576.803819
307.2,55,1578.953421
67.4,81,1579.087722
79.9,72,1579.199833
102.1,64,1579.301271
311.2,57,1579.390881
72.1,72,1579.511992
24.3,87,1579.649428
-18.5,32,1579.703685
24.4,43,1579.770893
321.2,52,1579.852125
6.6,52,1579.934154
18.6,43,1580.003174
272.5,57,1580.113283
27.0,56,1580.200971
9.8,55,1580.289184
-70.3,46,1580.364109
274.8,67,1580.469682
45.4,86,1580.603926
320.4,74,1580.729541
78.2,89,1580.870582
-16.3,32,1580.920654
296.6,62,1581.018288
28.6,54,1581.102527
-1.7,66,1581.218449
311.4,72,1581.33936
57.0,66,1581.443413
45.4,48,1581.520569
289.7,57,1581.610124
282.2,74,1581.729945
5.2,53,1581.81334
316.2,53,1581.905952
54.2,80,1582.03157
-6.4,54,1582.117059
16.6,66,1582.221413
307.2,41,1584.37718
273.0,66,1584.480947
48.9,73,1584.594344
-127.0,43,1584.662466
-48.2,64,1584.76678
320.0,64,1584.869325
-85.2,50,1584.95466
38.2,59,1585.048434
282.2,54,1585.134328
63.5,57,1585.225537
3.4,43,1585.309073
-6.5,53,1585.395796
332.2,62,1585.503207
305.7,48,1585.578932
56.4,67,1585.68824
279.5,65,1585.795071
58.0,43,1585.866174
305.7,58,1585.957536
312.2,64,1586.056824
-43.4,76,1586.185274
-22.1,52,1586.268579
-45.2,59,1586.362651
283.0,69,1586.471121
282.2,65,1586.575228
17.7,67,1586.693128
251.5,70,1586.806942
-4.5,36,1586.866222
282.4,74,1586.981681
66.4,65,1587.083716
284.3,78,1587.206762
70.4,36,1587.268522
39.0,57,1587.3722
47.2,49,1587.449836
9.1,52,1587.533853
-13.3,34,1587.588526
-40.8,39,1587.650299
297.2,68,1589.837651
247.7,72,1589.951441
312.2,85,1590.084146
278.3,64,1590.184736
265.2,68,1590.30231
68.0,65,1590.407681
27.1,53,1590.493317
77.2,59,1590.587638
0.3,62,1590.689523
11.6,41,1590.762092
294.6,56,1590.850247
12.1,36,1590.917968
35.5,74,1591.034928
318.7,60,1591.128871
32.9,81,1591.258895
65.6,87,1591.395081
324.9,63,1591.507614
-50.6,53,1591.59232
121.7,94,1591.746341
295.2,49,1591.822678
-65.6,27,1591.865991
-8.0,62,1591.964126
-20.0,44,1592.035294
17.6,59,1592.139688
269.5,74,1592.255916
49.0,50,1592.335098
317.2,70,1592.445943
43.9,70,1592.568092
-21.9,28,1592.61369
13.6,73,1592.738385
65.9,64,1592.840616
55.2,62,1592.939385
-44.6,56,1593.028509
-62.5,61,1595.509222
-24.7,62,1595.606503
-53.2,36,1595.675473
288.0,78,1595.801837
22.9,52,1595.88287
344.2,63,1595.981923
-105.4,45,1596.053387
-21.7,95,1596.203611
23.6,49,1596.28838
13.6,56,1596.378183
55.5,68,1596.484542
-94.5,40,1596.549571
302.2,69,1596.658729
37.2,61,1596.765827
-24.3,40,1596.830769
-34.6,68,1596.949034
-11.6,58,1597.039284
-73.4,43,1597.108927
-69.7,29,1597.155724
277.4,63,1597.253839
-18.2,66,1597.358388
79.3,61,1597.455048
285.7,49,1597.540867
327.2,71,1597.651429
-15.7,59,1597.761075
-19.4,43,1597.830334
292.2,54,1597.914994
32.5,56,1598.002799
22.9,71,1598.122532
40.4,43,1598.191742
267.1,69,1598.299225
347.2,65,1598.399593
22.1,71,1598.511381
320.0,79,1598.635216
17.8,57,1598.737556
13.6,30,1600.865419
326.7,64,1600.967515
-131.1,59,1601.061807
307.2,59,1601.161621
77.2,52,1601.243617
321.0,62,1601.341109
300.5,73,1601.454397
-53.1,54,1601.539487
-24.2,71,1601.649792
37.7,53,1601.746706
12.9,50,1601.824903
-32.1,51,1601.917894
-27.6,59,1602.011022
-16.7,47,1602.085778
29.5,65,1602.188508
307.2,72,1602.308192
247.7,80,1602.432125
291.8,65,1602.533129
298.9,72,1602.645443
-70.8,54,1602.73535
332.2,62,1602.831926
-11.4,70,1602.94854
18.4,67,1603.053967
-65.5,52,1603.136915
60.0,65,1603.238632
48.6,83,1603.368122
-82.0,65,1603.47516
19.9,63,1603.577795
290.8,68,1603.68517
11.5,55,1603.773552
47.2,71,1603.885242
30.4,56,1603.978902
301.9,69,1604.094795
39.4,41,1606.251549
272.8,44,1606.321381
-53.5,68,1606.427329
36.5,78,1606.55842
-13.2,84,1606.690995
70.7,76,1606.81721
47.3,42,1606.884663
1.3,72,1606.998005
65.4,54,1607.089902
302.2,68,1607.197057
278.5,52,1607.27805
18.1,73,1607.392242
48.7,50,1607.471093
282.2,53,1607.554633
-44.9,43,1607.623804
53.8,68,1607.742469
246.8,65,1607.842749
281.4,67,1607.947978
322.2,70,1608.057173
285.8,62,1608.160676
-1.6,72,1608.278594
-18.9,42,1608.347004
277.2,59,1608.439564
16.0,62,1608.536984
63.7,73,1608.651324
292.3,56,1608.742148
277.9,78,1608.867573
281.2,58,1608.963618
-91.2,36,1609.021595
265.4,58,1609.121168
-54.2,40,1609.184655
-100.0,64,1609.282605
54.1,66,1609.384951
269.2,75,1609.509031
-22.8,67,1611.670134
290.8,78,1611.799663
307.2,59,1611.901268
284.7,74,1612.016502
47.1,77,1612.138721
55.3,67,1612.251016
-54.7,71,1612.362852
43.7,50,1612.442221
101.8,59,1612.546084
57.3,75,1612.665508
301.0,52,1612.750494
336.2,52,1612.832756
-30.6,34,1612.887041
70.1,69,1612.994564
50.7,65,1613.104722
53.3,78,1613.228626
290.2,75,1613.353317
32.2,64,1613.455277
282.2,71,1613.566355
13.1,45,1613.637993
55.0,83,1613.780176
-11.4,72,1613.890716
311.0,66,1613.994295
-27.1,48,1614.070595
47.4,57,1614.160599
292.2,65,1614.26593
-48.2,73,1614.399741
295.2,52,1614.481144
273.7,74,1614.597154
301.2,54,1614.684488
-82.9,78,1614.809891
31.4,79,1617.002635
-69.7,58,1617.095033
299.5,59,1617.186327
-18.2,34,1617.239789
36.1,78,1617.370258
-6.4,44,1617.451045
42.1,94,1617.600513
16.7,70,1617.710196
94.5,70,1617.821248
-76.6,73,1617.944819
312.2,67,1618.049615
57.6,68,1618.156035
57.2,90,1618.296932
-8.6,51,1618.37679
32.7,69,1618.509921
273.7,71,1618.620048
280.2,81,1618.750034
43.6,44,1618.81898
13.4,60,1618.914564
22.8,63,1619.013363
287.2,41,1619.084845
46.0,59,1619.17859
302.3,52,1619.258966
261.5,65,1619.360104
310.7,55,1619.446532
306.2,79,1619.570047
-20.6,66,1619.679329
290.2,65,1619.787284
50.4,48,1619.86288
335.2,86,1619.997581
-45.7,72,1620.108079
27.5,49,1620.185513
-70.0,68,1622.374227
257.6,36,1622.431159
33.3,88,1622.5727
-36.9,78,1622.72127
-12.1,31,1622.770556
-23.1,44,1622.840744
37.9,55,1622.928212
-69.6,54,1623.012195
60.8,84,1623.145006
311.6,58,1623.235284
83.1,66,1623.347105
5.1,65,1623.450372
-91.9,49,1623.526262
289.3,68,1623.634217
-75.3,58,1623.727829
274.8,87,1623.869905
9.4,63,1623.973931
3.6,48,1624.049771
-27.4,65,1624.151625
50.4,40,1624.216404
287.2,70,1624.324177
45.6,35,1624.379548
-66.0,56,1624.476674
285.9,55,1624.562658
-7.9,28,1624.60902
12.6,48,1624.693093
271.2,62,1624.792105
-7.3,41,1624.858929
312.9,55,1624.945218
-15.4,48,1625.024496
40.9,49,1625.111062
262.9,57,1625.200934
-57.7,53,1625.285835
74.0,66,1625.390825
253.6,62,1625.488598
322.7,71,1625.599388
-0.8,59,1627.773924
-48.2,35,1627.829785
321.2,66,1627.934187
24.8,44,1628.006403
36.4,45,1628.086068
290.4,66,1628.190632
-9.7,56,1628.279547
-48.8,56,1628.369439
319.0,54,1628.455162
290.3,73,1628.570877
-6.4,63,1628.679382
295.5,59,1628.779154
287.2,61,1628.882712
300.7,56,1628.972255
70.7,79,1629.099236
310.1,81,1629.227953
79.9,67,1629.342903
342.2,68,1629.451645
-68.0,57,1629.542716
48.7,61,1629.638982
-31.3,52,1629.76572
288.4,61,1629.956832
-3.5,45,1630.08924
-99.5,46,1630.183275
-45.1,60,1630.278735
284.6,64,1630.381133
44.2,53,1630.467989
11.5,51,1630.55577
292.3,59,1630.650152
-41.1,48,1630.731094
-50.2,51,1630.811807
297.3,63,1630.91104
-48.8,79,1631.043013
-49.3,52,1631.143452
294.2,73,1631.25884
46.2,61,1633.424024
-10.6,27,1633.472044
-4.4,42,1633.543208
82.5,78,1633.66706
-63.3,46,1633.744384
-62.2,59,1633.839019
26.5,86,1633.97528
-48.3,50,1634.053826
-46.4,71,1634.190964
69.3,76,1634.309761
83.9,72,1634.423274
296.3,66,1634.52731
70.0,84,1634.664901
280.3,82,1634.804644
91.2,83,1634.934348
25.7,60,1635.029918
32.9,58,1635.121822
27.6,32,1635.180936
43.4,60,1635.29724
271.5,60,1635.393274
37.8,75,1635.511254
304.8,59,1635.605573
299.0,82,1635.739923
15.3,66,1635.843806
55.5,60,1635.948169
-82.2,63,1636.047723
-25.3,60,1636.142519
21.1,87,1636.282131
8.6,47,1636.355962
-15.0,69,1636.467035
302.2,60,1636.565784
-22.3,74,1636.683923
283.1,62,1638.885239
-91.2,66,1638.991516
18.2,66,1639.094358
377.2,65,1639.198095
-7.6,52,1639.281471
9.5,59,1639.388549
74.0,65,1639.502517
3.6,45,1639.574662
-5.8,53,1639.660276
9.9,52,1639.746663
68.3,52,1639.830414
45.4,37,1639.890691
266.6,92,1640.036811
-57.7,35,1640.102065
52.0,68,1640.211584
-64.8,45,1640.281618
-41.3,17,1640.309538
11.6,47,1640.385872
-71.8,44,1640.455651
38.6,48,1640.531736
16.1,58,1640.622602
56.2,70,1640.744244
-98.6,44,1640.815253
-16.4,39,1640.877876
-96.5,51,1640.956246
33.6,46,1641.029187
-2.0,66,1641.131583
298.1,57,1641.226094
61.0,83,1641.365898
87.5,54,1641.458883
-46.0,96,1641.613096
41.8,57,1641.70687
24.3,84,1641.84649
-2.9,69,1641.961899
279.5,61,1642.058881
-17.0,52,1644.266264
-37.6,40,1644.33493
-93.9,74,1644.452082
-111.9,53,1644.536312
312.2,55,1644.624337
-39.5,54,1644.713412
40.4,69,1644.823658
298.0,76,1644.952046
-27.6,36,1645.011684
19.9,67,1645.117137
20.1,85,1645.251527
72.2,63,1645.352308
264.9,64,1645.453927
303.6,78,1645.59505
3.0,82,1645.726011
41.3,52,1645.810842
54.7,76,1645.93047
296.2,55,1646.018861
34.2,69,1646.135904
-12.1,40,1646.20125
-6.1,65,1646.304287
12.4,47,1646.378001
8.1,59,1646.471181
41.4,52,1646.551956
307.6,59,1646.65875
-26.3,75,1646.789887
245.8,72,1646.90197
26.1,87,1647.038579
275.6,65,1647.140407
292.2,57,1647.229833
-53.3,83,1647.369025
-6.4,31,1647.418509
15.8,48,1647.493258
23.3,69,1649.681845
320.2,75,1649.8115
38.4,60,1649.905552
322.2,68,1650.01236
13.6,72,1650.126343
357.2,77,1650.247867
48.3,71,1650.368827
21.1,71,1650.4806
-1.3,54,1650.566552
-39.6,72,1650.681209
43.7,75,1650.81625
57.4,74,1650.939069
95.4,55,1651.026615
75.8,70,1651.136676
297.2,66,1651.240284
25.3,44,1651.310598
287.3,71,1651.422403
273.0,75,1651.547003
-58.2,35,1651.603287
297.2,56,1651.691943
-16.8,36,1651.751422
285.7,73,1651.8768
-81.6,54,1651.961025
3.5,51,1652.042402
317.2,54,1652.135988
51.7,74,1652.253386
-13.5,66,1652.357252
283.8,68,1652.463808
-71.1,34,1652.518437
-1.7,67,1652.625252
332.5,69,1652.744829
39.5,73,1652.861027
42.3,77,1655.047116
341.5,74,1655.172775
-24.5,54,1655.258048
-1.4,45,1655.331141
77.6,61,1655.42987
317.2,67,1655.535045
96.2,90,1655.683659
40.0,45,1655.758872
337.2,64,1655.859152
49.3,54,1655.956616
67.4,45,1656.031602
-59.2,41,1656.096257
266.4,80,1656.22277
50.4,69,1656.338945
-22.1,51,1656.419664
282.7,67,1656.524585
360.5,64,1656.624966
90.4,58,1656.718762
297.5,65,1656.823429
282.2,64,1656.93205
297.3,54,1657.018296
28.0,49,1657.097286
312.2,60,1657.19192
-6.4,70,1657.301252
-4.1,75,1657.41811
70.4,56,1657.513223
316.8,75,1657.632779
292.7,61,1657.731172
259.4,58,1657.823607
13.6,32,1657.875901
40.4,84,1658.013603
415.2,63,1658.128134
272.6,60,1658.232701
-111.7,30,1658.28597
-48.2,18,1658.315682
262.4,78,1660.505696
288.0,64,1660.608138
307.2,65,1660.710624
282.2,51,1660.792528
294.1,59,1660.886024
46.6,54,1660.972307
-72.8,64,1661.082222
-35.7,63,1661.182918
282.2,57,1661.27247
19.7,62,1661.369556
-4.6,53,1661.452991
27.9,38,1661.514591
44.4,36,1661.570907
22.6,56,1661.660922
292.9,62,1661.769048
-104.3,43,1661.837506
-69.4,32,1661.887784
15.6,39,1661.950801
15.5,53,1662.035184
-17.8,64,1662.135675
20.2,57,1662.229493
61.4,80,1662.363545
78.5,73,1662.477267
-5.4,59,1662.570646
-40.9,64,1662.671264
306.0,60,1662.77382
274.8,66,1662.884604
-74.9,43,1662.953295
-31.3,58,1663.044137
72.4,84,1663.188251
317.2,51,1663.281102
-32.2,46,1663.385638
-100.6,54,1663.544065
11.7,65,1663.718807
287.8,63,1663.864727
45.4,48,1663.94041
33.6,63,1666.048106
24.4,49,1666.129225
2.2,37,1666.189119
-35.2,53,1666.274002
-6.4,55,1666.366117
37.8,66,1666.479847
307.2,52,1666.564141
-6.4,32,1666.617423
44.4,66,1666.72475
285.7,56,1666.813878
50.7,43,1666.884469
21.4,48,1666.961206
273.9,81,1667.095934
2.7,57,1667.185492
-43.2,29,1667.234636
319.2,67,1667.349084
302.2,56,1667.438573
-35.6,70,1667.548892
17.8,63,1667.649153
40.6,50,1667.742631
285.0,67,1667.849926
-12.9,54,1667.93636
52.1,67,1668.042646
291.7,84,1668.175803
322.2,64,1668.30117
-46.2,26,1668.344153
-38.7,70,1668.475915
-121.2,42,1668.557186
19.5,44,1668.630594
331.0,66,1668.736786
327.1,67,1668.852324
25.5,72,1668.978676
331.0,68,1669.085353
29.9,65,1669.188118
46.9,61,1669.283719
43.3,39,1669.34654
265.8,59,1671.461399
13.1,58,1671.561756
-8.2,33,1671.614594
-120.0,54,1671.701873
276.1,69,1671.810453
23.6,41,1671.883667
310.0,89,1672.022748
315.7,49,1672.099261
-17.7,35,1672.155685
72.4,77,1672.275466
41.1,62,1672.371076
-25.6,38,1672.431176
306.2,78,1672.577568
304.4,76,1672.694868
318.9,66,1672.801296
13.6,52,1672.884774
-19.8,53,1672.968119
17.3,56,1673.056706
43.9,57,1673.154232
-70.8,31,1673.204268
286.6,73,1673.332048
-22.8,53,1673.415448
-13.2,50,1673.496919
39.0,65,1673.610161
10.1,86,1673.758342
302.2,69,1673.866038
327.2,71,1673.986799
56.0,65,1674.089942
-60.5,92,1674.232459
-21.3,56,1674.344049
27.4,69,1674.51796
281.7,63,1674.633759
297.2,69,1674.749461
-40.1,61,1676.893955
301.3,59,1676.990609
37.7,48,1677.066653
60.9,73,1677.182473
307.2,53,1677.27671
99.0,70,1677.387025
-59.9,31,1677.437238
60.4,42,1677.503797
311.2,58,1677.594
-55.9,26,1677.63611
13.3,51,1677.717031
312.2,83,1677.848197
-29.6,60,1677.950221
144.5,72,1678.064661
289.2,61,1678.160867
61.8,75,1678.278242
59.0,70,1678.402956
25.2,69,1678.525364
-80.3,42,1678.59272
-101.5,48,1678.679436
302.2,63,1678.78607
-69.9,42,1678.852872
60.4,66,1678.966505
-3.4,50,1679.044749
277.2,58,1679.143223
-28.9,66,1679.247627
332.2,77,1679.367461
309.2,58,1679.45923
302.2,74,1679.575327
-43.1,46,1679.648631
50.4,39,1679.720301
-44.6,63,1679.829442
26.8,63,1679.929566
-24.2,44,1680.000219
62.5,46,1680.074104
3.6,74,1680.187682
-30.7,57,1682.292878
291.5,77,1682.418406
50.6,64,1682.521718
-17.1,55,1682.610895
-145.7,47,1682.697054
5.6,58,1682.79238
330.6,89,1682.939191
50.4,53,1683.022245
53.9,54,1683.108575
-54.8,54,1683.19493
13.4,50,1683.282221
31.5,57,1683.37763
-82.4,54,1683.475665
277.2,69,1683.587886
271.3,56,1683.683173
91.4,67,1683.79845
272.2,65,1683.913268
289.6,60,1684.026202
52.4,59,1684.118901
34.7,58,1684.210983
307.2,58,1684.301819
-0.2,63,1684.399912
40.7,56,1684.496565
-4.9,43,1684.565073
302.2,73,1684.679841
287.2,52,1684.763268
280.7,47,1684.837838
56.5,47,1684.913037
12.6,41,1684.990855
34.0,51,1685.095683
304.5,50,1685.174909
-46.6,90,1685.318026
-73.2,46,1685.391123
15.3,59,1685.484505
277.2,52,1685.565571
308.9,81,1687.692767
83.6,62,1687.794559
-86.3,43,1687.862338
307.2,51,1687.94362
-13.2,60,1688.037641
-15.4,36,1688.112929
271.8,75,1688.231339
244.0,71,1688.343297
272.7,64,1688.452235
-19.1,57,1688.546944
50.4,59,1688.644597
35.4,57,1688.755654
281.4,62,1688.855327
280.5,70,1688.965786
24.1,55,1689.063231
26.4,54,1689.159421
311.0,55,1689.246801
23.5,57,1689.344073
30.9,66,1689.447634
62.7,47,1689.522975
-118.3,32,1689.573064
272.8,66,1689.676266
290.7,55,1689.765259
84.3,72,1689.887531
309.2,57,1689.977466
290.5,63,1690.07757
281.4,84,1690.211135
-18.1,61,1690.306362
86.3,76,1690.428263
13.8,85,1690.570634
-91.7,66,1690.672432
7.6,70,1690.784813
315.0,64,1690.885439
269.7,76,1693.0196
-38.2,49,1693.101338
326.8,61,1693.196497
-148.3,29,1693.245742
-108.8,67,1693.362897
322.1,77,1693.501802
37.1,73,1693.629652
317.2,57,1693.725333
3.6,37,1693.801188
16.8,75,1693.920707
45.4,74,1694.037336
-43.9,63,1694.155905
60.9,62,1694.254174
4.3,48,1694.331229
3.4,81,1694.458353
297.2,64,1694.559705
272.2,54,1694.645435
40.0,80,1694.78778
307.2,57,1694.876252
-0.1,61,1694.9742
319.0,60,1695.068921
44.6,53,1695.154374
62.6,56,1695.243826
-1.4,48,1695.337858
-23.0,63,1695.437954
314.8,76,1695.55777
260.6,55,1695.645263
-17.0,60,1695.743632
9.1,60,1695.841519
74.2,52,1695.934245
308.1,69,1696.04232
316.0,65,1696.145542
-50.9,41,1696.211452
297.2,52,1696.292511
308.6,69,1698.446871
299.2,76,1698.585551
16.3,54,1698.677176
78.8,63,1698.791769
326.2,68,1698.979581
-76.1,19,1699.036772
24.7,56,1699.205806
70.1,61,1699.338773
-17.6,55,1699.424581
43.3,53,1699.521396
292.2,65,1699.62333
16.8,72,1699.73964
-3.5,64,1699.841455
50.5,77,1699.962101
-90.6,20,1699.995556
293.1,66,1700.106073
43.7,74,1700.222637
76.0,57,1700.312993
41.2,52,1700.395701
-7.1,40,1700.459922
-53.6,44,1700.538571
28.6,76,1700.657745
332.2,55,1700.754828
-8.9,71,1700.867013
-8.3,60,1700.961939
312.2,82,1701.090755
286.5,77,1701.208989
314.2,84,1701.348286
7.0,51,1701.428012
297.2,66,1701.532525
271.7,69,1701.651308
-2.7,87,1701.792075
-25.2,43,1701.85972
309.6,91,1704.057984
307.2,59,1704.153352
88.9,63,1704.270674
-17.2,46,1704.347409
59.6,77,1704.468365
268.5,61,1704.564634
66.1,64,1704.675326
24.3,59,1704.772177
-90.9,44,1704.842041
276.2,51,1704.929981
77.2,69,1705.037625
287.2,57,1705.126687
275.5,73,1705.241595
288.6,65,1705.345169
1.2,62,1705.441802
-19.6,58,1705.540728
-69.8,76,1705.659937
-100.0,58,1705.76543
55.3,68,1705.873008
258.0,64,1705.975283
-53.1,37,1706.034243
337.2,75,1706.158663
261.5,74,1706.273864
2.5,56,1706.362791
258.1,85,1706.495725
-83.5,42,1706.562413
352.2,68,1706.675773
55.7,49,1706.755793
54.4,56,1706.845551
297.2,47,1706.92018
50.6,56,1707.00787
310.3,110,1707.179432
281.0,52,1707.260095
292.2,70,1709.477462
-34.8,50,1709.557872
35.8,58,1709.649507
269.9,85,1709.7975
48.8,71,1709.933961
312.2,63,1710.033338
322.2,70,1710.143489
276.4,65,1710.249148
10.7,95,1710.411712
-97.9,39,1710.473375
50.4,44,1710.544882
26.2,59,1710.638146
8.2,45,1710.713109
367.2,71,1710.826952
-45.8,70,1710.946282
287.2,43,1711.01515
-47.4,16,1711.041089
62.9,71,1711.159727
-13.7,35,1711.217148
30.5,42,1711.282769
53.4,66,1711.387083
-87.0,63,1711.494129
250.6,63,1711.594341
322.2,56,1711.684555
-51.0,40,1711.753999
347.2,64,1711.856311
-6.4,45,1711.934652
296.1,68,1712.04139
-42.3,24,1712.090297
-112.3,50,1712.168871
297.2,56,1712.257842
332.2,73,1712.373013
350.0,64,1712.474212
286.2,56,1712.564227
260.8,49,1712.644069
-25.1,78,1712.784939
-11.2,49,1714.959229
316.2,49,1715.037638
337.3,71,1715.156199
298.1,59,1715.24901
18.6,45,1715.321094
44.3,65,1715.423316
317.2,64,1715.522905
-0.4,53,1715.606498
309.2,57,1715.703286
330.2,61,1715.802454
312.2,75,1715.919845
-28.6,39,1715.981858
307.2,55,1716.073957
65.4,54,1716.158216
55.4,35,1716.21536
0.6,46,1716.296658
54.4,64,1716.396917
13.7,65,1716.498601
282.4,81,1716.625885
71.1,62,1716.725434
44.6,68,1716.833526
322.1,65,1716.943195
-40.9,41,1717.008864
25.1,49,1717.092108
-1.4,44,1717.165019
301.8,53,1717.247419
278.3,58,1717.338026
338.9,67,1717.44268
-25.3,47,1717.524428
-37.8,60,1717.617422
315.8,60,1717.712913
38.3,75,1717.832049
-98.9,20,1717.865664
-96.1,30,1717.913202
262.3,58,1718.003432
28.3,51,1718.090976
287.2,63,1718.20091
-6.7,62,1720.370184
-63.7,53,1720.454234
55.4,52,1720.544796
305.2,54,1720.631042
26.3,72,1720.74855
337.2,68,1720.856823
292.2,51,1720.937754
292.2,59,1721.030909
-24.8,47,1721.114524
96.7,59,1721.215546
310.2,60,1721.317436
33.6,80,1721.443375
109.5,85,1721.579308
-22.4,71,1721.69929
-122.8,69,1721.81244
312.2,56,1721.900786
65.4,42,1721.968538
301.0,68,1722.074957
63.0,77,1722.19552
-26.4,70,1722.330403
-84.8,43,1722.397884
3.6,46,1722.470804
40.4,52,1722.552924
-12.5,61,1722.649924
-8.3,42,1722.719754
50.4,33,1722.774769
297.2,93,1722.930277
362.2,75,1723.047083
294.8,62,1723.145878
-46.6,53,1723.230054
300.5,84,1723.363361
33.6,52,1723.444919
282.2,49,1723.532108
77.8,56,1723.620627
-58.2,15,1725.724751
52.4,51,1725.808353
-15.4,75,1725.932627
291.8,66,1726.035874
17.4,61,1726.132002
-28.7,81,1726.258832
287.0,64,1726.35774
334.2,76,1726.495431
-53.2,22,1726.530393
-30.3,54,1726.614743
2.1,39,1726.676996
310.2,63,1726.779222
317.2,70,1726.887252
288.9,70,1726.997021
-13.1,51,1727.084538
301.0,64,1727.187094
323.1,77,1727.307307
337.2,65,1727.409628
47.4,51,1727.489563
5.7,59,1727.582304
44.0,55,1727.675317
-51.4,34,1727.732624
286.2,61,1727.830317
280.7,71,1727.939456
-62.6,29,1727.986193
-91.6,31,1728.035952
-17.9,32,1728.086296
317.2,60,1728.180417
302.3,61,1728.282332
317.2,55,1728.369635
275.8,53,1728.453056
52.9,60,1728.554195
-11.4,39,1728.615792
-4.3,57,1728.706208
287.2,58,1728.800978
7.3,53,1728.89327
276.1,64,1728.99364
10.0,77,1731.204473
1.2,58,1731.304456
265.8,62,1731.400875
317.2,62,1731.499411
29.8,40,1731.564175
106.6,71,1731.676743
5.8,70,1731.789761
32.0,77,1731.92099
-77.0,59,1732.0142
6.3,36,1732.072361
282.6,68,1732.179446
350.2,66,1732.282397
39.6,59,1732.376106
4.1,82,1732.515822
-21.1,51,1732.595528
278.6,67,1732.7092
253.9,65,1732.816781
314.7,51,1732.898171
35.4,44,1732.969509
310.0,57,1733.060019
219.6,92,1733.214503
-31.5,67,1733.319972
301.4,69,1733.430615
-31.8,36,1733.489819
312.2,83,1733.620027
29.1,56,1733.732061
313.8,86,1733.872319
15.3,69,1733.980667
297.2,55,1734.068757
-88.6,74,1734.185857
292.2,63,1734.293862
-8.9,44,1734.36512
310.5,63,1736.860101
287.2,43,1736.926394
42.1,60,1737.022474
-33.8,60,1737.117498
-15.5,49,1737.195312
280.9,70,1737.313392
46.4,61,1737.409821
254.8,58,1737.501252
-45.4,38,1737.562831
67.9,57,1737.652657
101.0,81,1737.782076
-46.3,67,1737.906985
305.9,92,1738.052712
283.2,59,1738.143316
-8.4,50,1738.22258
72.7,67,1738.328695
-17.4,37,1738.387398
42.1,49,1738.471306
-21.6,59,1738.563811
287.2,53,1738.647629
262.8,51,1738.729237
301.0,52,1738.812978
-113.8,39,1738.880447
276.4,71,1739.00898
257.8,73,1739.133293
30.2,73,1739.398654
8.6,28,1739.532089
-19.2,68,1739.765788
304.9,71,1739.971674
302.2,50,1740.089183
38.6,65,1740.230046
-12.2,55,1740.372684
287.2,41,1740.454608
297.2,66,1740.607084
58.8,82,1740.758354
-51.9,47,1743.316947
-41.9,63,1743.41808
-38.2,23,1743.455193
19.7,70,1743.564964
60.4,53,1743.649703
268.2,76,1743.772749
-1.9,54,1743.859199
352.2,87,1744.005686
278.1,75,1744.121721
-136.3,47,1744.197169
-66.2,45,1744.279643
293.7,60,1744.389296
290.5,69,1744.520627
322.2,48,1744.596681
-51.1,52,1744.685985
-0.5,53,1744.774943
284.1,59,1744.871325
315.2,55,1744.960177
25.9,61,1745.060314
61.8,66,1745.180562
50.4,54,1745.269077
300.2,53,1745.355962
307.2,77,1745.476021
72.3,51,1745.55829
1.8,52,1745.642096
332.2,60,1745.74567
262.8,62,1745.853666
292.5,65,1745.977681
316.1,60,1746.086884
-45.4,57,1746.216243
280.7,66,1746.377655
40.4,67,1746.50835
47.1,65,1746.663801
-44.1,45,1746.768432
355.2,68,1746.91954
-53.7,51,1749.637581
310.2,57,1749.75854
-12.3,70,1749.885191
258.9,72,1750.017154
69.4,71,1750.141788
312.9,56,1750.250032
303.4,73,1750.374844
50.1,71,1750.508536
50.8,54,1750.612859
17.9,44,1750.68414
278.7,66,1750.816615
34.4,47,1750.905082
35.6,38,1750.970081
-19.5,73,1751.097355
-73.4,61,1751.197675
42.8,84,1751.329743
282.2,48,1751.409619
28.7,70,1751.52547
276.2,88,1751.67049
-63.5,79,1751.797196
316.0,66,1751.905135
316.0,69,1752.025561
326.2,53,1752.118954
3.6,49,1752.197623
-13.4,40,1752.264204
307.2,57,1752.38332
23.5,65,1752.504851
-7.6,69,1752.638462
310.2,57,1752.748149
277.9,70,1752.878147
287.2,73,1753.028408
-87.1,67,1753.153941
263.9,57,1755.903604
-64.3,44,1755.991709
-63.4,29,1756.046024
264.6,59,1756.143014
-130.8,47,1756.217395
-63.4,31,1756.269692
352.2,66,1756.408363
285.7,56,1756.537585
32.0,60,1756.673246
16.2,43,1756.810054
-22.2,28,1756.909315
9.6,32,1756.982224
-5.3,31,1757.058388
27.2,60,1757.260868
-9.1,45,1757.352354
-19.0,35,1757.412588
70.6,58,1757.505286
332.2,80,1757.636067
-6.4,40,1757.707912
55.2,47,1757.786495
291.0,57,1757.879789
-57.9,41,1757.944798
-16.8,53,1758.028537
53.8,57,1758.117268
264.5,79,1758.240417
297.9,51,1758.329306
324.6,79,1758.452008
-116.4,42,1758.520087
70.4,43,1758.588571
3.4,70,1758.70746
295.5,59,1758.806315
277.3,59,1758.905959
336.1,70,1759.015965
291.2,63,1759.114513
18.7,65,1759.215679
21.2,58,1759.306223
-11.1,32,1759.357422
137.3,102,1759.523709
289.1,79,1761.794026
281.1,94,1761.955648
292.2,62,1762.052618
-58.7,34,1762.107139
-15.5,37,1762.165153
307.2,62,1762.261905
-117.6,7,1762.275006
292.2,68,1762.381503
28.9,53,1762.47319
14.6,53,1762.558556
-9.5,67,1762.662929
87.5,66,1762.771069
46.2,57,1762.872023
-46.6,60,1762.966674
28.2,72,1763.09019
43.3,72,1763.205144
-36.2,65,1763.307391
19.0,55,1763.393457
27.1,55,1763.481498
322.2,57,1763.571701
-48.7,53,1763.656002
57.2,87,1763.805146
304.2,53,1763.890083
-0.1,39,1763.961189
286.5,88,1764.099186
63.4,86,1764.23451
307.2,67,1764.346668
335.0,84,1764.479372
281.4,70,1764.588518
78.9,42,1764.65617
9.2,73,1764.773691
40.9,51,1764.853938
-35.8,31,1764.912432
311.4,79,1765.036523
9.0,44,1767.238051
28.3,90,1767.386583
30.7,66,1767.489634
-24.7,47,1767.564095
283.9,67,1767.66879
23.8,46,1767.742321
-0.4,31,1767.792609
285.8,73,1767.9145
338.1,72,1768.030699
-2.9,64,1768.142408
277.2,62,1768.238947
65.4,54,1768.324612
267.8,56,1768.411773
304.5,54,1768.505298
59.5,49,1768.584322
13.7,59,1768.677736
-24.9,65,1768.782751
282.2,64,1768.883192
-57.0,54,1768.969853
25.8,71,1769.090028
32.1,60,1769.18502
41.8,59,1769.27873
41.4,75,1769.394939
280.2,52,1769.477295
276.5,63,1769.57688
-7.8,52,1769.660006
23.3,93,1769.819609
58.3,43,1769.889772
5.6,54,1769.976074
317.6,71,1770.089183
8.6,69,1770.200388
52.7,69,1770.318013
7.6,42,1770.391217
-66.9,35,1770.447792
-35.9,46,1770.520565
323.4,81,1772.822879
-92.4,36,1772.880467
311.0,59,1772.973084
242.2,54,1773.058856
57.4,76,1773.178392
42.4,70,1773.296798
-48.6,38,1773.358026
-49.3,63,1773.458354
-43.2,34,1773.512186
288.5,61,1773.608708
49.5,69,1773.716195
282.2,64,1773.819171
274.6,65,1773.92993
35.4,53,1774.013431
18.7,48,1774.09076
20.8,32,1774.14132
28.5,61,1774.242258
304.0,74,1774.364199
17.6,60,1774.458567
287.2,43,1774.534015
-58.2,24,1774.572037
287.2,53,1774.655659
297.2,61,1774.751919
40.6,59,1774.846237
30.8,61,1774.942379
-143.4,73,1775.058248
-12.8,59,1775.160385
-9.1,57,1775.251667
49.0,80,1775.391011
287.2,64,1775.489891
-53.2,57,1775.57883
302.9,56,1775.67341
15.5,56,1775.765165
67.6,64,1775.867743
64.0,73,1775.981896
73.7,75,1778.243675
84.8,63,1778.344423
290.7,53,1778.433799
312.2,55,1778.520958
287.2,59,1778.613233
300.0,65,1778.724188
-131.5,38,1778.789539
297.2,53,1778.874414
-15.9,49,1778.950776
42.2,71,1779.06415
-9.6,42,1779.131853
-26.4,54,1779.217567
297.2,62,1779.323813
326.3,79,1779.460359
40.0,51,1779.542144
41.3,57,1779.632718
291.2,62,1779.733909
3.2,58,1779.828699
-8.2,88,1779.976722
21.0,52,1780.059145
4.1,60,1780.154211
276.5,80,1780.27951
30.5,68,1780.387539
291.5,81,1780.538073
-89.9,57,1780.627108
3.6,31,1780.677566
-28.5,39,1780.742383
-58.0,35,1780.801116
-40.3,48,1780.878306
53.7,58,1780.970206
263.1,78,1781.104136
36.3,57,1781.193695
297.7,73,1781.308384
65.8,61,1781.404288
313.0,67,1783.652264
-27.5,53,1783.737496
41.0,74,1783.853833
302.2,58,1783.945458
-68.3,25,1783.986571
-8.2,49,1784.067151
55.4,83,1784.200819
254.3,82,1784.328168
-2.9,40,1784.392183
262.0,82,1784.520234
-38.9,70,1784.634433
-90.6,44,1784.725825
297.2,60,1784.823831
286.2,55,1784.910488
286.2,48,1784.986281
21.8,74,1785.102648
360.5,107,1785.277366
301.2,50,1785.357285
61.0,73,1785.471121
282.2,41,1785.534671
54.8,71,1785.645696
317.2,57,1785.737301
55.4,58,1785.830333
-1.7,57,1785.929071
51.9,52,1786.012665
46.4,62,1786.110989
275.9,69,1786.218333
61.8,74,1786.334332
347.2,62,1786.431244
37.4,57,1786.5286
43.8,54,1786.615194
80.4,61,1786.716766
-45.1,76,1786.841096
282.2,52,1786.922745
288.9,77,1789.346879
301.0,68,1789.456066
45.4,52,1789.547396
-68.3,88,1789.686531
301.3,73,1789.807398
49.3,50,1789.887205
51.1,60,1789.983684
292.2,52,1790.070132
-15.2,43,1790.145599
47.1,69,1790.255322
9.2,57,1790.34664
-9.3,34,1790.402118
-12.9,62,1790.502077
277.2,51,1790.581904
273.0,63,1790.690066
-17.8,43,1790.762537
297.2,64,1790.866357
121.5,67,1790.972183
-5.8,55,1791.064546
14.7,64,1791.164969
-125.0,21,1791.199728
292.2,48,1791.282947
28.4,63,1791.382613
-106.9,43,1791.45138
62.4,68,1791.558202
332.2,70,1791.666208
257.4,57,1791.759263
27.3,64,1791.865492
58.5,74,1791.987618
84.7,50,1792.077898
268.9,77,1792.197822
25.0,44,1792.267865
280.2,52,1792.348776
50.3,59,1792.440788
14.8,53,1792.531914
252.9,69,1795.149166
52.4,47,1795.233003
-67.6,65,1795.336161
262.6,47,1795.410154
-30.2,55,1795.504562
309.4,65,1795.60416
291.2,64,1795.704265
-25.7,47,1795.782232
45.1,49,1795.85936
-38.5,48,1795.933967
47.8,69,1796.041791
65.4,91,1796.194174
315.1,69,1796.324238
322.2,54,1796.409169
268.7,67,1796.55701
-131.3,59,1796.764815
-92.8,39,1796.848597
-26.0,60,1796.982698
287.2,54,1797.082906
322.2,67,1797.189059
-127.4,53,1797.300932
-8.8,43,1797.468983
307.2,84,1797.720212
262.6,76,1797.868286
291.5,76,1798.023546
-72.8,55,1798.113357
42.9,59,1798.219596
25.3,46,1798.294099
-32.4,36,1798.365557
-29.8,50,1798.463337
289.6,72,1798.592273
-66.8,46,1798.683591
10.3,51,1798.775362
-42.5,32,1798.846953
-19.9,50,1798.943275
282.8,55,1799.053155
-13.3,47,1801.554571
-74.1,27,1801.60522
307.2,59,1801.722976
-79.1,56,1801.816345
280.8,54,1801.901304
307.1,72,1802.019033
-50.2,55,1802.113943
76.0,58,1802.205595
17.2,58,1802.298443
-21.5,41,1802.365037
15.1,71,1802.476154
-59.2,69,1802.58331
277.2,60,1802.683859
268.2,63,1802.789377
315.2,70,1802.897994
115.0,77,1803.019676
297.2,72,1803.132596
-16.9,77,1803.252058
279.5,54,1803.344943
13.6,45,1803.416603
35.4,48,1803.492816
12.9,63,1803.597655
317.1,70,1803.707872
-46.5,45,1803.785448
305.1,67,1803.89792
327.2,56,1803.986866
51.9,55,1804.074749
40.4,38,1804.136002
40.4,49,1804.213831
274.2,59,1804.30469
-81.4,62,1804.402311
-4.1,57,1804.500394
297.2,58,1804.6049
5.2,60,1804.698599
295.7,48,1804.776273
2.1,43,1807.013286
345.7,96,1807.163672
78.2,50,1807.24196
-36.3,56,1807.330614
58.4,58,1807.422716
35.4,74,1807.547876
-46.7,57,1807.639402
58.9,50,1807.725288
-5.0,61,1807.826532
287.2,61,1807.921952
292.2,66,1808.025403
30.7,75,1808.151214
75.4,56,1808.239524
11.1,66,1808.343779
41.3,62,1808.441839
52.4,74,1808.557055
47.4,47,1808.632332
297.2,48,1808.717735
309.2,73,1808.842415
260.3,83,1808.97212
315.2,61,1809.066169
35.4,44,1809.13737
278.2,71,1809.249161
33.7,54,1809.34168
40.3,68,1809.448078
291.9,70,1809.556906
42.1,58,1809.647341
272.6,59,1809.739125
-31.7,52,1809.836259
326.2,61,1809.941511
51.4,71,1810.052952
73.8,78,1810.175565
275.8,68,1810.282716
45.3,64,1812.518817
16.7,42,1812.58497
-20.2,63,1812.685123
-18.3,57,1812.779132
349.5,58,1812.89212
-5.5,68,1813.001302
285.2,65,1813.103781
-22.3,32,1813.156448
18.1,53,1813.240031
43.3,76,1813.358733
282.9,73,1813.47847
93.4,86,1813.618464
-56.9,60,1813.712765
-54.6,48,1813.791745
-6.2,41,1813.857358
-122.8,48,1813.940322
302.3,69,1814.052661
-43.7,57,1814.151391
285.2,67,1814.255791
-62.4,57,1814.346299
61.4,68,1814.452627
3.9,62,1814.550324
8.6,49,1814.627646
2.5,62,1814.731571
-1.3,31,1814.784204
352.3,75,1814.902026
-11.4,33,1814.954966
275.4,69,1815.063349
44.3,69,1815.171596
297.2,51,1815.252853
317.2,54,1815.350067
57.5,62,1815.447888
282.5,73,1815.563513
299.6,71,1815.675663
-56.4,53,1817.913528
89.1,87,1818.051457
327.2,67,1818.16651
325.0,53,1818.250196
-8.8,41,1818.323021
313.1,72,1818.435819
298.9,85,1818.56876
-64.0,30,1818.616725
54.7,57,1818.706125
310.2,53,1818.793339
292.2,57,1818.890663
-29.7,28,1818.9383
-2.9,39,1818.999418
-24.9,50,1819.079795
-60.1,64,1819.179606
-71.9,18,1819.210218
-61.3,43,1819.27933
41.1,74,1819.396381
257.8,76,1819.52167
65.3,62,1819.619624
53.0,56,1819.70795
-20.1,43,1819.779441
301.2,64,1819.881673
47.4,49,1819.958338
267.6,91,1820.113096
62.4,61,1820.21089
296.2,67,1820.315331
28.4,53,1820.400687
-77.2,61,1820.497386
-14.7,52,1820.580362
-114.3,55,1820.670314
27.4,47,1820.753603
-26.0,45,1820.828512
76.4,74,1820.94475
21.3,63,1821.043686
312.9,81,1821.180122
-43.2,11,1821.198772
-13.2,51,1823.452424
-4.9,54,1823.537562
71.0,40,1823.601097
-53.2,55,1823.694239
292.1,77,1823.817088
308.1,75,1823.937047
-20.9,48,1824.027027
-71.7,32,1824.079525
-69.1,41,1824.151584
322.2,65,1824.257138
307.2,54,1824.351778
36.0,44,1824.421915
-30.8,55,1824.509117
76.4,57,1824.597902
70.3,61,1824.693662
75.4,73,1824.812175
304.1,65,1824.920976
-22.9,52,1825.004669
-17.2,80,1825.129587
300.9,63,1825.231396
18.1,57,1825.330413
55.4,40,1825.397332
-58.9,41,1825.464146
45.6,44,1825.538959
342.2,60,1825.63328
-7.3,73,1825.748193
291.3,68,1825.857109
-52.5,33,1825.910444
294.3,54,1825.995705
-12.6,49,1826.076202
-8.7,75,1826.198983
284.8,71,1826.311081
-48.2,19,1826.34954
75.9,62,1826.452596
-4.4,43,1826.521802
45.9,57,1826.61191
299.2,63,1826.717382
-56.8,80,1829.33423
45.4,61,1829.440275
317.2,44,1829.510447
1.2,72,1829.622684
287.2,56,1829.716857
324.0,75,1829.838696
254.9,73,1829.952492
47.9,54,1830.039181
312.6,58,1830.13039
4.6,57,1830.229313
277.1,52,1830.320219
11.5,78,1830.447359
-14.4,56,1830.553194
70.9,59,1830.647611
265.1,73,1830.770337
82.0,57,1830.87096
7.6,72,1831.03038
307.2,63,1831.128014
59.1,63,1831.227464
-85.1,54,1831.313597
294.7,91,1831.456253
-4.4,40,1831.527028
44.0,49,1831.604534
-38.3,27,1831.648411
272.1,75,1831.766619
329.6,70,1831.878172
-14.7,50,1831.957732
297.2,55,1832.045033
-1.6,78,1832.17531
-14.3,41,1832.240157
4.6,74,1832.356433
312.2,61,1832.450943
317.2,63,1832.554578
-2.2,54,1834.84738
282.2,54,1834.932889
-91.6,54,1835.017972
290.1,69,1835.133734
23.0,54,1835.222454
302.2,58,1835.314933
10.5,64,1835.418312
371.4,85,1835.551754
40.4,49,1835.628783
75.7,62,1835.734537
-16.0,51,1835.818579
-137.4,67,1835.923489
-33.6,45,1835.995583
76.4,81,1836.124899
-6.2,49,1836.201816
37.7,66,1836.3118
289.8,70,1836.421164
-19.9,34,1836.475826
60.9,69,1836.584179
-31.3,28,1836.629137
290.8,64,1836.733822
117.4,73,1836.851949
-33.6,87,1836.996332
297.2,61,1837.092067
59.4,49,1837.169695
-35.2,70,1837.279175
302.2,69,1837.387163
286.0,69,1837.50421
53.4,49,1837.582936
37.9,48,1837.658511
-14.3,49,1837.747912
1.9,70,1837.862003
279.7,69,1837.970129
48.4,48,1838.046191
-29.6,65,1840.281549
302.2,67,1840.388883
312.2,62,1840.490908
-24.4,52,1840.573065
267.8,65,1840.675565
316.5,79,1840.802369
-126.7,31,1840.859654
319.2,81,1840.985161
54.5,62,1841.088927
277.5,71,1841.20082
-115.1,39,1841.262561
-71.5,68,1841.369467
-48.2,27,1841.41136
277.3,80,1841.53533
74.0,54,1841.622183
302.2,59,1841.721749
248.7,79,1841.851995
-73.6,55,1841.946875
57.2,58,1842.036767
356.0,80,1842.161459
-23.1,53,1842.245276
334.0,86,1842.388824
6.5,66,1842.490432
-23.4,78,1842.6121
315.2,78,1842.736322
296.8,74,1842.856338
1.3,68,1842.987661
19.4,62,1843.083923
55.9,55,1843.172358
3.6,37,1843.23228
316.2,64,1843.33201
287.2,74,1843.447289
310.7,51,1843.534605
315.9,74,1845.787595
72.4,71,1845.909694
33.0,63,1846.019419
40.2,71,1846.131946
-22.6,64,1846.232929
332.2,58,1846.323849
302.2,64,1846.424305
292.0,51,1846.512209
-59.0,48,1846.589633
81.2,71,1846.700147
332.2,76,1846.822243
287.2,51,1846.903205
-45.6,45,1846.97543
304.2,59,1847.087145
-105.6,50,1847.169491
282.2,59,1847.261767
65.8,62,1847.35986
292.2,54,1847.444911
287.3,85,1847.579727
-115.2,14,1847.602763
282.2,50,1847.687499
4.2,44,1847.761114
-104.5,47,1847.838233
-68.6,61,1847.933633
-11.6,71,1848.045596
282.5,58,1848.137288
-44.7,56,1848.227092
55.4,36,1848.292779
-1.9,68,1848.400528
277.6,63,1848.498126
286.2,64,1848.598234
297.7,54,1848.684185
42.1,48,1848.762078
282.2,52,1848.844409
-17.3,53,1848.937369
287.2,66,1851.179226
-23.5,58,1851.290526
40.0,45,1851.362721
-24.9,54,1851.447635
287.2,58,1851.537386
-92.1,42,1851.604637
8.6,46,1851.677568
272.2,58,1851.771434
30.9,64,1851.878414
-1.6,42,1851.94959
21.2,84,1852.080989
302.2,60,1852.174094
284.5,81,1852.30231
1.6,89,1852.442044
297.2,42,1852.515939
-11.0,62,1852.614951
317.2,63,1852.713886
303.0,71,1852.831245
-45.9,60,1852.926875
-32.4,61,1853.023139
-53.2,15,1853.047875
59.3,79,1853.181048
-80.0,74,1853.303709
46.7,72,1853.418196
39.6,57,1853.510771
20.6,56,1853.600113
-93.9,53,1853.692802
273.3,72,1853.813923
11.5,70,1853.925025
60.4,57,1854.015841
-100.2,61,1854.112031
321.4,87,1854.249174
6.8,56,1854.355929
302.4,53,1854.440028
-58.2,27,1856.674067
-22.1,67,1856.78685
-21.2,58,1856.878668
282.8,76,1856.997363
269.0,51,1857.077813
-58.5,37,1857.137296
292.2,51,1857.217221
63.3,59,1857.317068
283.7,86,1857.458462
-7.0,77,1857.577005
52.7,69,1857.686614
29.6,56,1857.777296
14.6,56,1857.873083
280.1,71,1857.989826
5.1,54,1858.075326
-17.4,54,1858.160681
288.8,71,1858.272389
10.4,36,1858.330105
45.8,43,1858.397903
322.2,65,1858.521525
302.2,59,1858.614782
24.1,59,1858.708554
-42.1,24,1858.74773
18.0,86,1858.885491
-66.6,41,1858.950307
104.8,76,1859.072055
316.2,58,1859.166278
-14.0,48,1859.242815
52.7,58,1859.334383
107.0,73,1859.449624
306.0,52,1859.543525
269.3,85,1859.685159
-13.2,72,1859.800507
81.9,61,1859.897931
-118.4,29,1859.944852
300.5,76,1862.241374
260.5,57,1862.330722
100.5,63,1862.429551
-11.3,42,1862.496276
-25.2,40,1862.560108
327.2,58,1862.758624
45.4,64,1862.995543
266.8,59,1863.098879
-38.2,65,1863.201881
292.2,62,1863.307352
302.2,65,1863.410708
292.2,62,1863.507741
15.4,64,1863.610162
298.2,71,1863.733105
48.1,64,1863.839139
21.1,55,1863.933964
36.6,62,1864.032005
59.9,60,1864.126178
-116.2,45,1864.197834
-5.4,56,1864.286381
40.4,47,1864.359782
40.1,58,1864.45161
250.6,68,1864.566293
312.3,55,1864.653493
307.2,80,1864.778992
3.6,43,1864.849822
-36.8,36,1864.907422
321.0,66,1865.009121
19.2,48,1865.095122
61.5,70,1865.205207
272.8,78,1865.327689
297.2,48,1865.4041
254.1,71,1865.515435
-83.0,51,1865.595154
-24.2,54,1865.688926
51.1,74,1867.953401
312.3,59,1868.046698
75.8,67,1868.161364
-59.5,37,1868.221986
85.4,79,1868.34638
-1.4,36,1868.403081
287.1,71,1868.515424
-36.6,51,1868.595074
330.2,74,1868.72143
6.6,48,1868.80146
307.2,65,1868.905808
-61.5,20,1868.939194
88.1,62,1869.0364
52.2,59,1869.129808
58.6,73,1869.246105
63.9,52,1869.337751
45.4,39,1869.399812
294.9,69,1869.509426
277.2,50,1869.586617
312.2,45,1869.657826
308.2,58,1869.75096
10.0,65,1869.856848
273.1,74,1869.989639
-92.8,59,1870.081256
-93.3,18,1870.109891
107.1,53,1870.195277
55.8,75,1870.316051
51.0,73,1870.432891
-18.9,57,1870.533618
282.2,75,1870.651568
37.3,66,1870.75598
280.6,63,1870.858047
-3.2,93,1871.015388
312.1,66,1871.126512
45.3,62,1873.369636
-32.5,54,1873.456317
-30.7,55,1873.548127
312.2,73,1873.661979
68.3,64,1873.762445
-47.2,23,1873.802244
-11.7,40,1873.867624
30.8,58,1873.95991
-56.5,56,1874.054749
-23.6,55,1874.14925
342.2,44,1874.218872
287.5,83,1874.348628
314.2,68,1874.454809
50.7,51,1874.536525
-17.9,56,1874.62581
274.9,83,1874.765258
-49.9,31,1874.818992
42.2,42,1874.885013
-60.4,40,1874.949545
-26.7,66,1875.057886
-16.1,44,1875.13385
-13.7,50,1875.213008
-67.0,53,1875.306574
297.2,46,1875.380979
-111.9,71,1875.492311
5.0,67,1875.596703
306.7,79,1875.72096
323.1,86,1875.859353
253.4,62,1875.963511
66.3,72,1876.076532
-122.8,58,1876.18
31.2,74,1876.297421
79.5,76,1876.41704
44.0,52,1876.510023
39.4,62,1876.608905
301.2,62,1878.866638
35.4,38,1878.93296
-22.3,40,1878.998504
322.2,58,1879.090513
-12.1,40,1879.153903
-30.7,63,1879.264105
-39.2,47,1879.337764
-50.6,52,1879.419706
49.2,66,1879.532945
-41.7,52,1879.616624
30.4,56,1879.706644
284.7,50,1879.788507
295.5,65,1879.893191
66.7,85,1880.028313
274.3,64,1880.138895
269.3,56,1880.229557
-3.4,34,1880.297584
53.8,59,1880.393529
14.1,48,1880.469685
-45.0,52,1880.553164
277.9,57,1880.643857
-0.3,68,1880.760407
295.0,78,1880.885896
292.2,59,1880.978622
86.5,65,1881.082112
-4.0,53,1881.166962
-16.2,39,1881.230396
284.7,96,1881.390253
319.2,69,1881.497776
35.7,73,1881.613085
312.2,70,1881.723738
20.8,87,1881.871858
57.6,65,1881.979304
-39.1,66,1882.084171
289.4,61,1884.32213
37.5,40,1884.386292
-44.2,63,1884.500331
-38.3,48,1884.576698
293.2,83,1884.707573
54.7,72,1884.826221
-1.4,49,1884.910774
289.7,72,1885.023672
-109.4,25,1885.064105
-58.7,38,1885.123725
18.6,53,1885.208193
81.5,50,1885.286929
-35.4,46,1885.36151
60.9,66,1885.468777
267.3,74,1885.588322
295.2,53,1885.672143
19.0,48,1885.749197
241.4,80,1885.879333
-42.5,47,1885.952369
336.2,64,1886.051938
13.6,43,1886.126418
31.0,72,1886.239237
46.9,52,1886.320429
68.5,68,1886.426916
295.5,76,1886.552445
49.4,51,1886.634633
22.4,41,1886.707961
292.6,80,1886.834654
6.2,77,1886.954546
20.6,63,1887.053112
17.8,49,1887.130597
-50.1,89,1887.272707
281.2,59,1887.368355
260.4,69,1887.477331
45.4,47,1887.564763
274.7,76,1889.847382
10.0,41,1889.91211
18.0,39,1889.975026
34.3,48,1890.058513
277.5,62,1890.154804
-78.0,55,1890.242748
-2.2,68,1890.360704
-11.8,70,1890.471424
-8.4,65,1890.57423
58.7,54,1890.667494
297.2,67,1890.773735
70.0,76,1890.908062
-64.7,59,1891.000863
-30.1,48,1891.078921
69.4,60,1891.173624
298.0,74,1891.290453
-19.8,54,1891.377769
8.7,66,1891.49141
284.0,70,1891.603243
7.7,51,1891.694759
302.2,53,1891.781683
39.6,46,1891.857501
-1.6,97,1892.010212
-67.4,29,1892.057537
-43.6,64,1892.166911
7.0,66,1892.272063
71.7,65,1892.375403
-32.6,50,1892.454845
-7.6,43,1892.524596
307.2,60,1892.620288
22.0,54,1892.729126
-38.6,42,1892.801668
34.3,56,1892.893883
-25.4,51,1892.973957
284.2,56,1893.064107
19.2,58,1895.283137
332.2,62,1895.387598
251.2,84,1895.51885
312.2,69,1895.625841
-20.8,52,1895.719006
277.2,67,1895.841695
280.7,71,1895.954057
281.1,62,1896.052451
295.7,78,1896.174944
-3.0,46,1896.248108
-41.1,55,1896.346054
7.5,51,1896.426153
-21.3,45,1896.498841
-43.8,42,1896.567352
333.7,74,1896.683153
4.4,38,1896.745071
313.0,70,1896.881206
-23.4,59,1896.974583
278.1,72,1897.087832
287.2,71,1897.198624
-52.0,48,1897.275817
-64.8,46,1897.348898
55.3,75,1897.472339
-43.2,49,1897.554321
287.2,57,1897.643883
-42.4,68,1897.75161
-13.1,37,1897.814178
-95.5,50,1897.894656
75.3,68,1898.000945
69.2,54,1898.095766
297.3,74,1898.213514
-30.2,51,1898.295959
-1.9,49,1898.37409
37.2,79,1898.49812
263.4,66,1901.175054
299.2,64,1901.274921
307.2,61,1901.36895
-3.7,54,1901.454279
-14.3,44,1901.524428
17.2,60,1901.618501
-13.2,61,1901.721224
-13.9,67,1901.829843
287.2,77,1901.948971
35.8,62,1902.046507
38.8,91,1902.189545
-7.4,28,1902.233959
-38.2,24,1902.278009
302.2,74,1902.394061
12.2,46,1902.467735
305.7,64,1902.567549
-13.6,58,1902.658343
92.9,54,1902.743848
-20.4,28,1902.790783
304.2,51,1902.877701
-3.9,96,1903.03191
302.2,57,1903.126614
39.3,54,1903.211644
-22.7,89,1903.350656
-10.3,69,1903.458659
39.6,61,1903.561474
13.6,62,1903.659447
49.6,55,1903.745984
327.2,53,1903.832186
332.2,80,1903.957922
331.0,54,1904.042215
41.4,66,1904.164141
-7.9,25,1904.204914
10.7,72,1904.317524
78.1,73,1906.585941
-7.4,33,1906.63928
78.6,74,1906.754367
300.2,69,1906.86694
-100.0,63,1906.965469
-41.0,50,1907.045057
-1.4,56,1907.141192
-66.6,52,1907.230309
267.8,70,1907.341501
297.2,71,1907.452635
-5.8,63,1907.553532
48.6,57,1907.643403
323.9,72,1907.762716
-100.0,44,1907.8355
287.0,67,1907.941543
287.2,62,1908.037597
-85.7,38,1908.098762
352.2,66,1908.202458
3.6,35,1908.272368
-15.3,48,1908.353511
271.6,51,1908.433889
37.4,37,1908.493595
262.4,92,1908.636775
27.4,45,1908.707218
7.0,60,1908.80349
-34.5,52,1908.892572
106.0,59,1908.986591
0.4,67,1909.0926
290.6,69,1909.200281
282.8,67,1909.311638
42.1,70,1909.426811
46.6,57,1909.525938
277.2,67,1909.630452
277.3,72,1909.742393
-20.7,55,1909.834033
-31.6,68,1912.081787
19.9,45,1912.154
9.9,59,1912.247694
63.6,47,1912.324835
-44.2,106,1912.516184
341.0,85,1912.648678
19.0,71,1912.760614
-43.0,62,1912.861714
291.2,50,1912.941717
29.4,59,1913.034778
42.8,49,1913.123049
260.4,65,1913.225351
-13.3,36,1913.283648
292.2,54,1913.369455
367.2,90,1913.524468
302.2,75,1913.639777
342.2,75,1913.766704
342.2,55,1913.858556
306.1,71,1913.969679
30.6,60,1914.065977
305.4,83,1914.196488
56.5,56,1914.293283
-20.6,39,1914.358137
-51.4,56,1914.446684
7.3,35,1914.502926
312.2,51,1914.583188
50.4,36,1914.640832
292.2,48,1914.716313
3.0,76,1914.839621
-25.2,29,1914.897744
297.2,59,1914.992645
311.7,63,1915.091198
-46.5,47,1915.166759
287.8,54,1915.252491
37.0,66,1917.502923
-14.5,80,1917.639943
56.8,73,1917.754474
13.4,48,1917.832793
252.8,78,1917.964779
65.0,66,1918.067354
-20.5,55,1918.155062
7.9,40,1918.219536
277.2,58,1918.31076
19.8,65,1918.412104
0.3,65,1918.521621
300.2,45,1918.594356
59.4,65,1918.697499
-15.8,41,1918.762538
-0.2,62,1918.861556
-3.0,74,1918.97672
305.2,64,1919.084384
50.4,51,1919.166789
27.1,63,1919.265782
51.1,55,1919.353622
59.6,64,1919.454362
52.1,52,1919.537979
-119.5,63,1919.640663
19.6,58,1919.741808
296.9,82,1919.875129
63.0,73,1919.988645
-26.1,56,1920.07852
307.2,62,1920.176249
48.2,52,1920.260252
19.1,66,1920.37221
-71.0,52,1920.456028
17.8,59,1920.550665
30.6,64,1920.65302
-57.1,55,1920.747447
17.5,73,1923.018992
308.8,93,1923.166677
44.0,61,1923.265327
94.2,80,1923.399431
308.4,76,1923.518704
-63.1,48,1923.595014
291.2,56,1923.683768
362.2,74,1923.808599
-16.4,56,1923.908809
307.2,68,1924.016037
-16.1,49,1924.094774
278.6,61,1924.192092
306.5,66,1924.297287
298.5,76,1924.418036
44.6,73,1924.542789
23.6,48,1924.620908
68.2,56,1924.710458
0.7,49,1924.791561
23.2,44,1924.873902
-3.0,64,1924.976372
64.6,67,1925.09627
60.5,43,1925.166472
322.2,63,1925.268751
53.0,59,1925.373301
89.1,96,1925.525726
10.5,57,1925.614732
16.7,59,1925.718046
65.0,66,1925.824593
-15.1,42,1925.907702
312.2,67,1926.014069
42.3,44,1926.083806
262.9,68,1926.190542
-11.7,74,1926.312854
-6.4,45,1928.5067
57.1,61,1928.604337
77.1,59,1928.704237
265.4,77,1928.825912
-37.5,37,1928.886253
302.2,57,1928.988788
308.1,60,1929.083852
-62.0,68,1929.191136
16.0,54,1929.285705
-24.2,71,1929.401034
36.7,50,1929.481505
284.7,63,1929.581356
-0.9,43,1929.651087
29.9,60,1929.747452
268.5,74,1929.871348
312.2,90,1930.033945
255.3,80,1930.15945
-57.8,37,1930.218957
-57.0,65,1930.323268
271.4,73,1930.439061
297.2,65,1930.551626
-0.4,48,1930.628564
306.2,60,1930.724277
29.6,50,1930.806351
-0.5,53,1930.892881
23.5,55,1930.980674
53.0,64,1931.091058
282.4,56,1931.182383
272.3,66,1931.286047
-102.9,41,1931.353283
302.2,67,1931.45992
-23.8,70,1931.569779
66.1,46,1931.643301
60.4,65,1931.756366
316.8,61,1934.000184
55.3,57,1934.097622
24.4,67,1934.214199
282.2,56,1934.301571
-98.0,43,1934.369698
-11.4,50,1934.447621
-38.1,55,1934.533889
323.2,80,1934.658206
-44.2,40,1934.729891
-11.3,67,1934.839191
277.1,81,1934.964766
-1.7,68,1935.070744
9.9,67,1935.175045
54.0,52,1935.259798
56.5,91,1935.410255
312.2,69,1935.516417
-8.9,63,1935.614727
311.2,86,1935.748923
288.6,60,1935.845068
265.1,85,1935.985839
307.4,72,1936.097063
287.2,65,1936.268802
42.5,57,1936.421171
277.2,48,1936.547967
287.3,71,1936.679375
34.2,66,1936.783566
319.4,67,1936.892861
269.6,66,1936.997097
28.4,72,1937.120612
-75.5,67,1937.226616
21.2,60,1937.330538
-18.7,28,1937.375606
13.6,38,1937.434933
302.7,57,1939.671746
-23.6,49,1939.750068
-87.9,57,1939.844131
319.6,56,1939.932766
-10.9,79,1940.056627
306.0,59,1940.159689
287.2,59,1940.25393
42.4,53,1940.338335
-60.2,58,1940.438801
297.1,61,1940.535594
43.6,54,1940.621545
-13.7,61,1940.727359
44.2,37,1940.788871
-14.7,40,1940.856184
70.8,72,1940.969507
-59.9,33,1941.024003
-77.5,44,1941.093009
313.3,79,1941.215765
-5.0,53,1941.3104
272.3,67,1941.426491
307.2,60,1941.520492
-105.4,51,1941.601849
29.8,43,1941.669989
3.9,45,1941.741802
327.2,60,1941.838264
-12.1,28,1941.89062
22.1,62,1941.989098
25.7,53,1942.07112
55.4,50,1942.150369
-1.4,44,1942.220053
53.0,58,1942.310258
283.1,62,1942.406178
332.2,59,1942.519625
36.9,67,1942.625501
-21.2,37,1942.684881
-22.3,44,1942.755192
24.2,50,1942.835252
-6.5,52,1945.045106
39.5,48,1945.120161
289.5,86,1945.258354
-45.9,61,1945.355078
72.4,47,1945.431067
-110.9,27,1945.481281
275.9,68,1945.60171
6.7,56,1945.689391
15.5,70,1945.801031
292.2,68,1945.909632
27.1,62,1946.007375
-10.7,52,1946.096667
-3.4,64,1946.197618
297.2,56,1946.285617
40.4,50,1946.365058
-10.5,62,1946.463301
-1.0,33,1946.516734
266.3,89,1946.675525
19.1,82,1946.808546
46.3,70,1946.91909
8.3,63,1947.018006
301.4,68,1947.124088
12.9,52,1947.207224
-99.1,22,1947.24284
51.1,61,1947.346287
-2.2,66,1947.450519
-5.0,52,1947.533244
300.5,47,1947.608793
-32.8,46,1947.681861
-132.6,34,1947.736559
-45.4,69,1947.847076
282.2,54,1947.939204
-67.0,60,1948.034916
297.2,86,1948.1694
-9.1,53,1948.251877
-23.1,76,1950.521092
-100.0,51,1950.600446
286.7,67,1950.705741
37.4,73,1950.842744
-63.7,59,1950.945363
322.2,64,1951.047019
326.2,96,1951.198522
12.5,41,1951.263269
304.2,58,1951.355132
60.0,76,1951.481754
-84.4,50,1951.562102
-38.9,32,1951.61394
46.9,52,1951.697583
24.1,80,1951.825974
330.7,66,1951.930811
29.7,71,1952.043002
-20.6,47,1952.12516
26.2,61,1952.221905
-51.9,71,1952.332816
250.4,87,1952.46988
47.1,57,1952.5589
294.7,87,1952.705025
298.2,77,1952.835861
35.4,39,1952.898111
-11.4,57,1952.989547
49.1,69,1953.096489
273.7,76,1953.215974
321.6,81,1953.352404
312.2,70,1953.460817
282.2,48,1953.537133
-11.0,59,1953.630031
-62.4,46,1953.705979
-6.5,52,1953.79544
1.2,61,1956.062714
-1.3,54,1956.148207
327.2,69,1956.255718
52.1,51,1956.345054
-119.4,32,1956.396592
55.9,75,1956.513065
-53.5,38,1956.573782
24.3,62,1956.673025
-19.8,36,1956.729903
243.7,64,1956.832145
19.7,77,1956.961733
33.5,45,1957.03766
-69.7,68,1957.14647
281.2,46,1957.219195
47.1,62,1957.31699
79.8,67,1957.421461
252.9,75,1957.546773
275.5,82,1957.677552
45.5,59,1957.770408
-48.2,25,1957.814348
-42.7,38,1957.876018
327.2,70,1957.986423
-39.6,41,1958.058334
28.5,67,1958.171664
14.0,40,1958.234901
-3.8,90,1958.373826
-2.2,68,1958.479467
-71.7,15,1958.505137
287.2,61,1958.599855
-4.1,73,1958.723034
-32.1,63,1958.826921
306.2,60,1958.923812
233.6,78,1959.048882
53.7,84,1959.191597
40.4,54,1959.283739
-27.3,72,1961.513469
64.2,44,1961.583072
320.2,56,1961.679964
306.2,54,1961.766454
87.2,72,1961.886031
-4.5,58,1961.978195
296.0,53,1962.063762
287.2,55,1962.163207
-27.8,49,1962.241799
3.7,62,1962.347399
74.5,73,1962.463864
-3.9,70,1962.574172
300.2,38,1962.635151
301.2,65,1962.735969
-129.1,49,1962.816192
31.3,56,1962.913991
81.2,53,1962.997786
284.7,82,1963.126828
-87.4,53,1963.219681
21.9,67,1963.32666
4.6,46,1963.400291
-28.4,58,1963.50038
34.2,49,1963.577593
-29.8,59,1963.671877
37.6,49,1963.750175
57.7,75,1963.871018
310.5,88,1964.010712
-105.3,39,1964.07842
-19.9,61,1964.17525
40.9,57,1964.26493
280.5,68,1964.372319
-27.3,64,1964.473577
19.5,55,1964.560591
287.2,36,1964.618273
21.5,67,1964.730383
282.2,62,1967.0179
-60.8,29,1967.066965
-68.9,53,1967.154252
235.5,74,1967.270497
297.2,62,1967.384527
33.6,44,1967.456037
46.0,67,1967.562295
267.8,78,1967.695084
-14.2,71,1967.808641
322.2,72,1967.923509
-54.4,34,1967.979079
-44.0,61,1968.075696
296.7,67,1968.180094
-88.9,72,1968.303971
301.2,57,1968.394422
292.2,53,1968.479331
-49.8,65,1968.581694
26.6,53,1968.666329
260.4,87,1968.805716
-11.3,65,1968.918991
283.1,62,1969.017682
-7.8,40,1969.082859
275.7,50,1969.161657
301.7,70,1969.27129
60.4,50,1969.351655
307.2,55,1969.444736
28.3,78,1969.578518
-53.2,44,1969.647204
294.2,58,1969.73924
286.8,55,1969.82792
30.0,46,1969.903698
268.5,62,1970.000941
-96.7,44,1970.079827
25.3,67,1970.187624
300.2,55,1972.743312
-75.1,55,1972.834933
4.6,72,1972.949543
308.7,59,1973.042877
21.4,56,1973.141134
23.2,67,1973.247834
292.9,61,1973.345286
-23.2,46,1973.419133
58.9,69,1973.527755
-16.5,66,1973.639366
287.3,68,1973.756025
27.8,42,1973.827487
-15.3,47,1973.904979
316.2,62,1974.001242
376.4,93,1974.149715
-89.7,52,1974.230644
290.2,63,1974.338566
311.0,61,1974.436651
44.0,60,1974.532973
278.8,70,1974.657304
56.9,56,1974.750369
349.7,88,1974.905173
49.6,45,1974.9769
23.4,69,1975.087814
-91.2,40,1975.15041
322.2,80,1975.276596
-4.4,28,1975.321342
-44.7,42,1975.389223
85.9,76,1975.518547
-17.8,42,1975.584968
4.0,59,1975.694458
32.6,82,1975.826514
29.3,57,1975.917457
302.7,64,1976.019686
336.4,74,1978.281387
312.2,61,1978.376974
-73.6,74,1978.499837
304.7,78,1978.622125
-32.0,60,1978.717055
34.4,48,1978.808582
34.8,57,1978.900408
-80.7,59,1978.992183
322.2,58,1979.090972
260.2,64,1979.192505
60.8,62,1979.290661
-41.6,60,1979.385417
4.1,66,1979.489609
-117.2,58,1979.581012
57.2,58,1979.680865
69.8,90,1979.839927
-21.7,47,1979.916494
26.9,61,1980.011275
-3.2,54,1980.097173
8.4,72,1980.212265
7.0,55,1980.308271
319.2,61,1980.406216
-28.7,69,1980.513395
311.2,54,1980.599064
16.4,60,1980.6945
278.6,63,1980.793402
-79.2,43,1980.869082
273.9,69,1980.982555
257.9,57,1981.072461
23.1,71,1981.184394
70.4,50,1981.264678
-4.3,57,1981.35508
304.2,56,1981.443622
-7.1,49,1981.5318
-76.6,49,1983.756626
25.7,51,1983.840363
-22.3,51,1983.932707
283.1,80,1984.069279
-5.2,48,1984.144469
308.1,55,1984.230898
18.7,78,1984.351718
45.4,51,1984.43235
259.1,62,1984.53734
13.6,68,1984.643884
333.0,94,1984.790086
302.2,61,1984.888432
320.8,67,1984.993087
1.0,77,1985.123493
-10.3,51,1985.203624
8.6,36,1985.26129
-53.2,17,1985.288382
302.2,98,1985.442248
-24.9,41,1985.506885
278.9,65,1985.608812
330.2,79,1985.739093
262.5,63,1985.839496
-60.5,78,1985.96232
283.6,63,1986.067235
-127.7,43,1986.135534
234.0,80,1986.259763
-21.0,75,1986.384158
8.6,44,1986.454084
-9.7,70,1986.564246
-64.8,64,1986.664232
-33.5,77,1986.784033
13.0,45,1986.859638
276.3,71,1986.978861
8.8,34,1989.172717
2.3,45,1989.244145
43.4,74,1989.371451
18.1,58,1989.463449
283.9,66,1989.5679
260.3,68,1989.67535
277.2,69,1989.78474
-8.1,73,1989.915751
-1.8,65,1990.017704
-48.8,28,1990.0637
25.1,72,1990.182512
302.2,67,1990.290833
303.0,63,1990.392423
284.2,44,1990.467464
336.2,66,1990.577184
45.4,40,1990.639508
290.2,59,1990.735139
-17.2,51,1990.817521
56.7,78,1990.942354
0.3,39,1991.005621
297.2,68,1991.12044
-11.9,59,1991.224134
314.4,91,1991.368878
-58.3,66,1991.471525
307.7,74,1991.586351
74.2,78,1991.717354
39.3,63,1991.818748
-56.5,53,1991.90418
64.1,74,1992.019051
25.7,69,1992.126519
25.6,52,1992.208456
-37.9,41,1992.294325
75.7,78,1992.41672
287.2,55,1994.64579
55.9,71,1994.766061
34.0,86,1994.904614
277.4,71,1995.014081
286.8,69,1995.123042
-23.3,69,1995.234042
-18.4,71,1995.368598
34.2,61,1995.465156
-110.1,77,1995.585077
62.1,63,1995.685174
-38.2,45,1995.757661
-5.7,30,1995.806435
277.2,57,1995.906445
302.2,52,1995.988497
307.2,56,1996.077641
40.6,88,1996.215831
317.2,73,1996.328954
284.5,66,1996.445361
291.2,67,1996.559499
-32.9,46,1996.633289
267.2,85,1996.766062
3.4,49,1996.84533
377.7,74,1996.962943
-2.0,36,1997.02108
-72.0,41,1997.09475
18.6,50,1997.172835
317.2,62,1997.270761
32.1,73,1997.38563
40.6,79,1997.510217
268.0,65,1997.611542
301.6,85,1997.754767
-0.8,70,1997.877767
7.9,37,1997.938
53.3,65,2000.188282
312.2,50,2000.267873
89.5,68,2000.375807
61.6,64,2000.476648
-13.4,48,2000.559011
281.5,69,2000.683102
76.4,83,2000.817673
9.6,55,2000.905594
-12.2,45,2000.978244
263.9,58,2001.070028
94.0,81,2001.196887
44.1,48,2001.281658
2.6,56,2001.372942
229.9,83,2001.505393
320.7,87,2001.642121
-72.7,37,2001.700861
19.9,59,2001.795285
-6.8,55,2001.895707
53.9,49,2001.973811
300.0,82,2002.103088
307.2,59,2002.194904
292.2,67,2002.300172
269.5,62,2002.397548
-70.9,41,2002.467543
-77.2,36,2002.531346
45.4,60,2002.630945
317.2,68,2002.736226
45.8,54,2002.823355
-92.1,86,2002.960084
-41.6,70,2003.075381
50.4,49,2003.153816
320.7,63,2003.251747
278.1,70,2003.361182
40.4,41,2005.609848
-11.6,81,2005.753514
-34.4,78,2005.878866
-13.3,49,2005.961711
-19.7,52,2006.052129
327.2,58,2006.153047
297.2,57,2006.242888
312.2,54,2006.328911
264.2,57,2006.419896
28.5,73,2006.534992
309.7,75,2006.652831
37.9,56,2006.754595
12.3,54,2006.845382
48.1,64,2006.948682
324.2,70,2007.058226
-16.4,26,2007.101173
-42.4,51,2007.180831
-30.3,51,2007.266789
0.1,46,2007.346093
-1.1,75,2007.462588
35.5,67,2007.569377
311.2,73,2007.685611
-66.6,52,2007.7693
-56.2,61,2007.886302
54.3,65,2007.990813
6.0,72,2008.10466
22.9,74,2008.220248
-11.0,53,2008.303357
15.0,75,2008.42057
-41.5,76,2008.574148
293.2,62,2008.744705
314.2,64,2008.930872
23.6,71,2009.084534
287.2,66,2011.31852
67.1,95,2011.473254
33.4,64,2011.574881
55.4,69,2011.682316
30.4,63,2011.781731
44.4,65,2011.888087
23.6,63,2011.999566
60.3,61,2012.104072
282.2,77,2012.224933
325.2,50,2012.304338
297.9,73,2012.418548
307.2,80,2012.543162
322.2,63,2012.642779
-33.6,54,2012.738326
-113.9,67,2012.84604
8.8,70,2012.957253
337.2,79,2013.092732
-82.5,52,2013.173521
307.2,61,2013.275217
-13.5,73,2013.392155
-64.9,37,2013.4514
48.1,64,2013.554333
318.2,65,2013.655812
267.5,67,2013.763191
-53.2,29,2013.810381
23.2,51,2013.899561
-25.3,55,2013.986061
288.3,62,2014.083008
45.1,52,2014.165907
78.6,71,2014.278217
62.2,53,2014.362061
292.6,50,2014.440403
-15.3,49,2014.52672
-96.7,36,2014.583813
271.1,58,2016.757457
90.8,63,2016.860515
294.2,64,2016.968694
291.9,43,2017.037423
19.0,75,2017.16071
60.4,59,2017.262736
18.4,74,2017.380332
-35.1,49,2017.458609
80.3,53,2017.552813
28.6,69,2017.662168
265.2,49,2017.739992
285.7,82,2017.875495
-40.0,68,2017.981812
-52.8,44,2018.051553
286.8,88,2018.199123
50.6,63,2018.297212
-2.2,45,2018.37007
265.8,63,2018.469734
42.4,44,2018.53976
305.2,68,2018.647954
85.4,46,2018.73032
-65.0,76,2018.852459
40.2,59,2018.946899
287.2,42,2019.013757
1.8,38,2019.073929
31.0,69,2019.181972
70.4,42,2019.256387
54.1,90,2019.407797
317.5,84,2019.540961
327.2,73,2019.654376
-60.5,61,2019.751197
-8.9,47,2019.828869
6.7,55,2019.928034
-120.7,35,2019.985214
39.7,68,2022.175162
-16.4,27,2022.219414
310.5,70,2022.338835
-34.8,52,2022.422227
292.3,73,2022.537395
-2.5,41,2022.60452
-6.7,43,2022.672699
65.4,60,2022.769163
31.2,63,2022.879972
347.2,73,2022.996661
50.5,48,2023.073613
265.7,79,2023.197405
282.2,55,2023.283794
292.2,49,2023.36728
315.3,73,2023.49513
287.2,59,2023.588493
-21.1,48,2023.665377
27.0,57,2023.755723
294.3,73,2023.875104
346.0,62,2023.97306
-1.4,37,2024.033196
285.5,104,2024.205996
302.0,56,2024.293056
66.3,84,2024.439419
69.6,62,2024.536663
292.2,69,2024.645851
-52.9,67,2024.761427
-55.5,35,2024.821534
322.2,63,2024.924057
6.2,54,2025.008636
22.7,57,2025.109803
-61.7,44,2025.194353
-14.2,40,2025.279466
302.2,51,2025.369819
-36.1,70,2027.968384
-60.2,29,2028.01981
-38.4,84,2028.156421
345.5,75,2028.282535
4.4,85,2028.421391
-57.2,42,2028.487179
67.6,87,2028.637366
314.2,72,2028.760386
352.6,58,2028.858981
293.2,76,2028.989346
267.5,63,2029.087411
-43.0,42,2029.155045
-63.2,27,2029.198687
14.2,80,2029.351144
297.2,61,2029.451489
277.5,67,2029.566465
314.8,73,2029.694329
5.3,62,2029.793295
320.7,83,2029.933408
-10.4,46,2030.016884
50.4,53,2030.108918
59.0,61,2030.206524
287.3,75,2030.338019
332.4,69,2030.486007
273.3,55,2030.57935
-52.5,48,2030.68294
-54.5,63,2030.794452
318.7,57,2030.888022
270.6,81,2031.031081
-45.2,18,2031.066685
286.3,73,2031.187061
59.7,77,2031.315612
-53.2,43,2031.406804
77.5,78,2034.379978
288.9,80,2034.568297
41.3,64,2034.69604
-63.7,67,2034.808886
-0.2,61,2034.985183
307.0,78,2035.186601
18.5,55,2035.287322
290.7,75,2035.424571
43.7,62,2035.534827
315.4,90,2035.689522
-19.0,45,2035.782309
29.3,78,2035.918209
-58.6,40,2035.98219
342.2,65,2036.090426
287.2,59,2036.18401
265.9,60,2036.301122
297.0,92,2036.462656
8.6,28,2036.509185
61.5,76,2036.627629
71.3,72,2036.752241
31.7,68,2036.885837
286.8,67,2036.991311
-78.7,50,2037.068895
19.5,64,2037.17061
34.5,56,2037.260588
26.7,53,2037.353883
-100.0,65,2037.454352
5.8,75,2037.571785
-62.5,24,2037.611709
333.7,67,2037.716627
-62.5,41,2037.782882
297.2,51,2037.871961
345.7,60,2037.979562
-52.8,45,2040.443324
255.4,72,2040.556641
-58.0,41,2040.621463
-44.9,71,2040.733257
-138.8,40,2040.796612
-21.3,61,2040.904426
346.5,55,2040.992688
-50.6,56,2041.086617
-11.4,31,2041.136746
56.8,58,2041.228445
295.4,75,2041.344807
23.6,66,2041.448952
303.9,70,2041.567779
-6.4,34,2041.623312
-127.7,19,2041.654078
273.1,53,2041.737717
253.6,78,2041.862427
-48.8,48,2041.939045
43.5,95,2042.134902
58.6,74,2042.274502
319.2,61,2042.488472
-72.8,26,2042.560962
-40.0,68,2042.709405
297.2,76,2042.868271
-23.1,80,2043.024206
43.6,38,2043.10351
-53.2,66,2043.232952
20.1,72,2043.373047
-100.0,53,2043.489964
8.0,39,2043.598447
-23.9,54,2043.724469
29.2,58,2043.817578
-10.7,73,2043.967165
36.1,51,2044.052718
37.2,49,2044.153381
-48.2,57,2044.260846
-33.4,45,2046.955771
34.5,76,2047.112232
-28.9,63,2047.225046
0.0,40,2047.308461
272.2,54,2047.39789
342.2,47,2047.473705
-21.3,58,2047.56782
-27.1,70,2047.682283
-74.1,47,2047.779766
292.4,65,2047.907818
0.4,55,2048.004174
292.2,60,2048.134849
-16.7,57,2048.241051
-88.6,72,2048.390587
-32.4,43,2048.483837
34.6,70,2048.634707
-85.0,19,2048.694
14.6,43,2048.776594
-51.2,35,2048.8365
7.7,52,2048.921413
-13.5,48,2048.995584
-50.0,49,2049.074669
276.9,58,2049.16537
221.4,69,2049.27503
-3.2,43,2049.353778
4.1,59,2049.453825
278.8,67,2049.56911
17.7,67,2049.674953
-63.3,34,2049.732011
44.3,61,2049.830885
282.2,58,2049.923302
27.9,59,2050.017295
-24.8,57,2050.108628
322.2,78,2050.231066
319.5,90,2050.37674
-20.3,64,2050.487397
264.2,96,2052.7642
-19.7,44,2052.834631
38.0,66,2052.939112
-70.5,43,2053.007595
271.1,61,2053.104537
323.9,62,2053.201174
45.4,59,2053.294694
46.6,68,2053.402998
292.4,75,2053.534556
80.9,83,2053.665509
-56.1,68,2053.771415
-41.9,80,2053.901775
300.0,70,2054.009911
272.0,64,2054.111496
-1.4,60,2054.204817
34.7,62,2054.302599
-33.9,57,2054.391822
-100.0,56,2054.479555
275.3,51,2054.572321
317.9,71,2054.684889
-44.0,84,2054.815691
282.0,59,2054.912049
-26.8,72,2055.026029
307.0,63,2055.125459
-79.1,54,2055.209984
29.7,77,2055.331797
113.5,72,2055.44645
307.2,69,2055.555408
-3.9,60,2055.651138
302.2,59,2055.744051
-25.3,78,2055.869955
287.2,50,2058.001728
49.0,68,2058.112281
55.4,47,2058.185903
20.2,57,2058.275745
-53.2,37,2058.333305
272.4,66,2058.437177
307.2,53,2058.519648
309.2,75,2058.637209
76.1,76,2058.770266
291.4,72,2058.885067
258.6,66,2058.988667
11.0,72,2059.101743
-22.5,60,2059.195736
292.5,83,2059.326275
286.0,61,2059.42103
282.5,75,2059.53889
293.3,59,2059.631721
10.9,57,2059.720884
-18.6,60,2059.815643
257.1,75,2059.935228
44.4,54,2060.019169
69.3,79,2060.142981
19.2,46,2060.216612
-89.8,50,2060.297562
40.8,47,2060.373271
50.4,74,2060.489349
285.2,75,2060.606684
290.7,55,2060.693819
24.9,66,2060.803682
266.3,62,2060.906017
-29.9,33,2060.959625
-9.7,49,2061.037328
267.6,50,2061.11519
19.8,51,2061.19656
276.5,73,2063.689497
-67.9,38,2063.750772
-28.9,54,2063.840132
-78.8,69,2063.951357
337.2,59,2064.044805
287.2,54,2064.130391
292.2,59,2064.223197
6.6,77,2064.345647
-17.1,48,2064.422422
336.0,70,2064.53357
-25.0,37,2064.594394
292.2,63,2064.694082
56.1,57,2064.784492
286.2,64,2064.889819
41.3,64,2064.997466
28.0,54,2065.085407
2.2,70,2065.196594
-52.3,28,2065.243466
48.1,63,2065.341536
312.2,69,2065.452006
-72.7,49,2065.530361
-6.7,59,2065.624321
23.6,47,2065.699333
294.5,71,2065.811157
21.5,80,2065.940945
42.2,55,2066.040862
290.7,53,2066.125908
295.2,64,2066.227389
-87.2,26,2066.27009
304.2,65,2066.37045
321.0,54,2066.456702
12.0,61,2066.553296
5.0,51,2066.636016
292.2,57,2066.72608
282.2,66,2066.831077
271.7,77,2069.013067
290.2,66,2069.124976
317.2,53,2069.208413
-10.5,49,2069.28703
-50.0,55,2069.373362
-9.4,42,2069.440327
-4.0,61,2069.536582
51.4,68,2069.643359
22.4,44,2069.713302
312.2,90,2069.854979
9.2,71,2069.967776
23.7,67,2070.074843
4.8,33,2070.131853
23.6,75,2070.260707
-41.2,61,2070.35683
64.4,72,2070.470692
13.6,91,2070.614063
-33.6,55,2070.699748
287.2,61,2070.796405
297.3,72,2070.911767
265.9,52,2070.994764
-1.3,53,2071.077242
-21.5,68,2071.185338
-24.1,28,2071.241281
-59.3,36,2071.298148
103.6,70,2071.407886
-11.4,52,2071.490072
307.2,61,2071.586305
-6.9,38,2071.647641
-95.3,36,2071.705959
292.2,78,2071.827619
71.0,83,2071.961972
-75.9,40,2072.024285
17.1,76,2072.144322
254.9,61,2072.238624
35.3,61,2074.415415
-13.3,47,2074.490347
57.2,64,2074.592596
314.8,74,2074.709993
292.9,66,2074.814474
293.6,88,2074.95779
-0.8,60,2075.051832
342.2,64,2075.153072
17.7,51,2075.234952
21.6,54,2075.32856
316.0,59,2075.434155
282.2,47,2075.509149
40.4,70,2075.618881
3.5,52,2075.700517
23.9,64,2075.801826
13.4,52,2075.886671
-50.1,42,2075.953245
-15.5,46,2076.026809
16.2,71,2076.137259
296.2,62,2076.234606
31.6,75,2076.351947
44.4,71,2076.463711
46.1,57,2076.55287
60.4,50,2076.632837
42.7,90,2076.773998
304.2,70,2076.884407
-64.6,45,2076.95653
282.7,66,2077.059505
287.2,58,2077.148717
322.4,58,2077.239885
-67.6,52,2077.323005
7.1,50,2077.406911
-13.2,15,2077.432432
34.8,71,2077.543781
17.5,66,2079.716123
343.9,67,2079.822804
-34.0,65,2079.928887
-53.7,59,2080.022573
-48.4,37,2080.083747
-23.6,67,2080.189206
-39.8,48,2080.265425
30.0,52,2080.348956
48.2,80,2080.478467
289.5,60,2080.573389
18.4,62,2080.673628
70.8,61,2080.770019
317.2,56,2080.861917
254.0,75,2080.982282
6.2,69,2081.093042
297.2,78,2081.215603
312.6,60,2081.311461
-56.7,53,2081.395881
-28.2,49,2081.475148
44.7,75,2081.599612
19.4,41,2081.666287
-112.3,51,2081.747282
-86.6,50,2081.824887
35.5,73,2081.944692
322.2,60,2082.039228
341.9,66,2082.143366
51.4,72,2082.256572
-18.7,64,2082.358138
66.0,61,2082.454676
50.7,93,2082.61055
-62.1,36,2082.667923
-67.5,29,2082.714623
-38.4,70,2082.823563
-0.9,60,2082.922111
304.6,73,2085.101513
285.3,55,2085.188333
12.9,53,2085.272223
310.3,99,2085.42818
-1.4,50,2085.506303
274.5,75,2085.623044
327.2,56,2085.717594
-3.7,39,2085.780599
-17.8,60,2085.876754
-113.8,13,2085.899828
1.4,60,2085.993201
-48.4,34,2086.048553
292.8,73,2086.16292
-64.4,35,2086.217965
-60.9,41,2086.282166
10.4,60,2086.377249
-53.2,31,2086.427059
58.4,66,2086.528898
28.6,50,2086.607826
4.6,59,2086.701572
51.8,51,2086.793535
259.3,60,2086.890433
10.1,77,2087.01065
296.2,64,2087.110375
292.2,68,2087.21579
249.0,81,2087.341589
45.4,60,2087.436415
74.3,56,2087.525449
30.6,56,2087.613577
39.7,54,2087.698953
-42.1,46,2087.777931
39.5,82,2087.917099
41.6,52,2087.998194
-28.7,58,2088.090073
287.2,58,2088.180226
-54.6,85,2090.364313
-46.2,56,2090.454889
-2.0,61,2090.551531
-12.8,73,2090.666959
-111.1,19,2090.699796
-26.1,44,2090.76912
275.2,79,2090.905255
332.2,58,2090.994596
-57.7,36,2091.052329
-4.9,44,2091.12254
322.1,80,2091.24784
308.7,48,2091.324788
282.2,67,2091.429159
44.2,45,2091.500989
7.4,64,2091.602042
26.1,77,2091.72136
49.0,53,2091.805872
332.6,71,2091.931153
332.2,60,2092.025704
0.4,91,2092.169149
30.0,75,2092.286194
38.1,59,2092.379931
268.8,58,2092.470828
96.8,69,2092.58023
302.2,73,2092.695539
287.2,47,2092.76973
14.4,91,2092.914252
-18.7,60,2093.007625
324.5,85,2093.142584
248.2,79,2093.264821
35.5,52,2093.348432
267.6,42,2093.415175
334.2,61,2093.51205
-53.2,36,2093.568534
316.2,82,2095.737631
312.2,68,2095.845965
-21.4,70,2095.955548
55.4,51,2096.037354
-10.2,52,2096.130571
296.2,68,2096.236944
38.4,52,2096.320549
2.4,46,2096.394046
317.2,52,2096.475492
302.2,72,2096.586622
40.4,72,2096.699898
0.0,71,2096.812438
20.8,69,2096.925428
70.4,51,2097.006317
64.5,71,2097.118973
315.0,66,2097.22286
65.4,41,2097.288985
-9.6,42,2097.356574
307.3,68,2097.461513
293.2,69,2097.57008
45.4,47,2097.645892
305.2,53,2097.728714
290.2,41,2097.793627
-68.4,43,2097.865979
60.4,82,2097.997034
297.0,75,2098.120735
301.0,55,2098.207178
4.7,58,2098.299131
254.8,73,2098.414211
-4.2,52,2098.497386
54.5,60,2098.59226
302.1,70,2098.702183
-71.5,32,2098.754226
-77.4,32,2098.804927
45.5,77,2101.374439
62.8,64,2101.475698
298.4,63,2101.572842
-0.6,34,2101.627778
-47.0,61,2101.722216
318.3,59,2101.813683
-44.1,58,2101.907972
-24.6,42,2101.975362
276.8,57,2102.064227
-105.1,42,2102.131034
-43.2,21,2102.164869
305.3,66,2102.268155
-48.4,29,2102.318369
31.5,63,2102.420186
-20.0,68,2102.524953
-8.4,51,2102.60663
16.7,57,2102.698251
52.1,59,2102.793708
-74.3,59,2102.888549
7.7,52,2102.971562
312.2,53,2103.054927
-92.5,32,2103.106917
57.3,67,2103.212102
276.3,80,2103.338502
-4.2,49,2103.424867
-33.1,53,2103.508093
35.4,53,2103.591504
4.0,71,2103.703204
100.4,77,2103.824605
296.1,88,2103.964995
294.1,87,2104.101251
-11.0,67,2104.20485
-11.4,52,2104.286805
37.5,77,2104.418625
332.2,48,2104.499696
-20.1,64,2106.630593
325.7,71,2106.744091
312.2,87,2106.882179
-31.0,37,2106.942955
-10.4,47,2107.017627
287.2,54,2107.101392
262.9,50,2107.180346
11.7,74,2107.296349
-83.3,74,2107.410859
21.3,48,2107.490957
8.0,40,2107.559552
-18.1,61,2107.65584
295.7,69,2107.762898
33.2,96,2107.916461
38.4,68,2108.021587
-52.8,59,2108.114639
302.2,75,2108.230546
-113.8,12,2108.252079
-6.4,33,2108.304238
29.0,63,2108.403402
-29.4,47,2108.477504
-2.8,76,2108.608078
37.2,53,2108.69067
42.4,81,2108.81882
-3.8,42,2108.887178
47.6,57,2108.977462
307.2,50,2109.055429
-41.3,35,2109.112101
243.6,58,2109.203718
5.6,40,2109.266074
302.2,66,2109.368777
70.4,50,2109.446876
-55.7,36,2109.505344
351.2,59,2109.598809
45.6,61,2109.693467
15.5,57,2109.784402
332.2,66,2111.952652
-1.6,64,2112.057156
69.0,77,2112.17688
3.6,48,2112.252509
19.5,94,2112.399204
277.8,59,2112.490445
292.2,59,2112.584084
270.7,68,2112.700352
61.1,71,2112.81853
-37.9,50,2112.900513
90.6,72,2113.014997
53.9,73,2113.130013
11.6,50,2113.209848
-1.9,42,2113.276769
-67.3,47,2113.351121
31.8,70,2113.460022
-37.2,63,2113.559563
-44.4,65,2113.66184
-35.1,51,2113.742418
0.2,59,2113.835658
282.2,45,2113.90876
1.5,69,2114.01738
353.9,59,2114.109681
281.0,50,2114.187967
-59.5,66,2114.291736
306.2,59,2114.38441
-4.4,53,2114.46884
44.1,71,2114.580951
325.2,62,2114.679387
271.1,94,2114.832616
51.7,68,2114.942634
41.8,56,2115.03174
65.9,62,2115.130538
2.2,70,2117.31992
4.3,56,2117.410736
299.2,58,2117.500686
24.2,47,2117.576706
-26.1,78,2117.700274
-6.3,43,2117.770527
7.4,69,2117.897983
-9.0,50,2117.977665
-11.4,42,2118.044991
282.2,46,2118.117501
284.5,57,2118.206757
40.4,43,2118.276603
-27.7,46,2118.350865
-5.1,51,2118.430657
292.2,50,2118.510061
-63.9,39,2118.574251
49.0,75,2118.693416
287.2,56,2118.780784
-13.6,57,2118.874288
-16.2,47,2118.957818
45.6,52,2119.040411
282.2,43,2119.108742
-58.2,38,2119.169328
340.2,73,2119.282982
-28.6,40,2119.348337
-53.2,16,2119.374351
302.2,65,2119.475334
101.1,59,2119.569647
285.2,60,2119.663423
37.6,63,2119.76347
68.5,64,2119.86621
290.5,66,2119.978845
-116.4,22,2120.016117
-28.6,29,2120.063089
302.2,72,2120.175522
296.0,66,2120.278707
19.0,70,2120.389274
53.9,69,2120.497059
-18.2,52,2122.65552
-30.5,65,2122.763582
-24.2,65,2122.866118
287.2,63,2122.967695
34.6,58,2123.066097
248.7,75,2123.186058
62.3,64,2123.286712
47.2,60,2123.382808
8.9,80,2123.50807
271.3,55,2123.595377
264.6,70,2123.705665
47.8,76,2123.825657
65.4,73,2123.94521
36.7,41,2124.011862
40.4,67,2124.131399
58.3,71,2124.242591
56.4,50,2124.323258
291.0,65,2124.42779
50.4,67,2124.533147
244.1,85,2124.670194
25.6,53,2124.754282
1.2,51,2124.835799
60.4,49,2124.91963
29.4,53,2125.004888
-6.4,28,2125.051518
292.0,74,2125.182642
33.4,59,2125.276244
61.2,53,2125.362603
74.2,50,2125.442985
326.2,50,2125.523117
60.1,54,2125.610836
45.1,68,2125.718248
327.4,88,2125.860046
-49.5,36,2125.919333
-9.7,67,2128.090977
-67.4,19,2128.122856
-95.2,48,2128.200695
282.8,77,2128.336295
4.9,70,2128.446169
316.6,68,2128.554129
77.4,61,2128.651328
-116.8,20,2128.68496
38.3,48,2128.761512
-35.3,70,2128.873574
270.6,62,2128.973769
297.6,78,2129.097325
-37.2,68,2129.20616
-45.6,36,2129.266835
45.4,45,2129.351042
282.1,62,2129.448418
307.2,71,2129.561468
256.3,52,2129.64509
14.7,58,2129.737272
19.9,45,2129.810625
-48.2,54,2129.897682
-61.9,67,2130.004224
67.3,66,2130.109257
309.2,69,2130.218206
299.0,86,2130.357217
287.2,51,2130.436674
309.0,85,2130.571763
21.8,53,2130.662376
-62.3,40,2130.729202
292.2,43,2130.798092
297.0,70,2130.914579
307.2,55,2131.002049
15.1,73,2131.119026
-63.6,68,2131.228081
20.9,40,2131.293618
61.5,80,2133.853326
-17.7,54,2133.943353
23.0,86,2134.075723
253.6,66,2134.181946
53.3,50,2134.265402
60.4,52,2134.347511
327.2,57,2134.437806
275.9,67,2134.543127
-2.0,55,2134.63127
287.2,70,2134.741735
-8.5,58,2134.833608
-28.2,60,2134.931451
48.1,43,2135.001707
32.2,45,2135.073684
-18.0,64,2135.174618
43.1,50,2135.254676
-10.7,52,2135.336786
22.0,58,2135.429394
-46.2,42,2135.501317
85.8,60,2135.597446
-93.0,39,2135.659841
0.0,37,2135.718278
-66.2,66,2135.821208
286.6,55,2135.909752
30.8,69,2136.017775
20.2,47,2136.093452
-113.2,71,2136.204253
282.2,43,2136.272166
59.7,56,2136.360421
343.0,72,2136.472264
79.2,77,2136.607396
71.4,51,2136.687648
309.2,61,2136.78847
324.2,73,2136.906927
41.1,54,2136.992697
17.3,48,2139.136209
-53.1,48,2139.214568
-27.1,49,2139.291826
286.0,59,2139.384638
337.5,44,2139.454419
42.1,35,2139.510028
-63.5,63,2139.610093
-45.9,57,2139.706315
6.0,55,2139.794302
13.2,65,2139.900206
-1.4,45,2139.974889
-69.0,25,2140.01414
-86.6,29,2140.061675
60.4,43,2140.129761
299.9,57,2140.220125
95.4,62,2140.318517
-9.6,43,2140.389834
50.7,70,2140.500388
-28.1,61,2140.598737
307.2,48,2140.686812
12.9,69,2140.796899
24.6,66,2140.905663
307.2,63,2141.007127
77.1,54,2141.093504
279.1,71,2141.205967
-1.4,44,2141.275091
11.3,65,2141.378849
-89.6,56,2141.465663
-8.8,49,2141.54468
337.1,90,2141.689356
-42.1,70,2141.811687
314.8,57,2141.906943
35.8,76,2142.027468
-90.6,53,2142.110973
58.1,70,2142.221379
20.3,52,2142.304324
297.2,45,2142.376958
-33.1,60,2144.521608
-11.9,39,2144.585196
20.5,68,2144.693803
-41.7,58,2144.794522
307.2,71,2144.915472
110.4,36,2144.974337
252.1,53,2145.059627
-64.6,71,2145.171622
338.8,71,2145.283881
30.1,73,2145.400589
-21.3,29,2145.447673
357.1,84,2145.5785
-23.9,35,2145.634876
-55.2,66,2145.738763
32.9,74,2145.871725
31.9,73,2145.98872
-58.2,39,2146.05101
-14.3,51,2146.131423
-65.7,43,2146.199338
-43.2,75,2146.316083
13.6,42,2146.3824
19.6,56,2146.470745
23.2,86,2146.605587
312.2,66,2146.70876
321.2,69,2146.819103
341.2,61,2146.919795
26.0,57,2147.010611
62.6,71,2147.121571
68.5,75,2147.239979
19.4,29,2147.287384
8.0,52,2147.369339
277.2,53,2147.453515
278.0,74,2147.569702
51.5,57,2147.659956
-26.0,48,2147.735875
307.2,54,2149.902422
54.3,71,2150.025697
-40.6,46,2150.100852
298.1,66,2150.204139
70.4,51,2150.283728
-2.9,46,2150.357679
34.2,66,2150.461973
267.3,85,2150.593911
-44.6,68,2150.698934
35.4,44,2150.768076
292.1,64,2150.870802
18.8,80,2150.99533
288.1,71,2151.10622
2.9,37,2151.16564
330.7,68,2151.27246
-64.2,58,2151.36238
-75.8,48,2151.438913
292.2,75,2151.555415
302.8,65,2151.658263
317.2,59,2151.750128
250.9,64,2151.850827
37.0,92,2151.999322
57.4,75,2152.121262
9.5,56,2152.21052
311.0,67,2152.315311
297.2,58,2152.406515
292.2,48,2152.480247
54.7,67,2152.585629
309.6,78,2152.708132
46.3,56,2152.797088
65.9,68,2152.905288
310.1,62,2153.003309
-69.1,39,2153.067403
-68.0,32,2155.159929
1.5,52,2155.246528
304.5,68,2155.351889
-7.8,34,2155.410854
-14.6,40,2155.474302
43.9,66,2155.578648
46.1,46,2155.65207
273.9,60,2155.745988
307.2,53,2155.829258
24.1,62,2155.930128
315.7,71,2156.041828
2.5,58,2156.133051
-108.0,43,2156.208406
327.2,72,2156.323313
-126.5,44,2156.392244
26.7,70,2156.503142
337.2,79,2156.627955
-86.0,64,2156.728837
-14.7,65,2156.836494
6.4,62,2156.938658
81.3,77,2157.061266
337.2,52,2157.142935
-32.6,48,2157.220674
19.7,67,2157.335513
-19.4,39,2157.399391
21.7,49,2157.47801
6.6,83,2157.609111
257.3,55,2157.695051
-6.6,73,2157.81173
285.5,89,2157.956541
290.7,56,2158.044043
60.8,77,2158.165468
-29.4,66,2158.271644
302.2,64,2158.382986
282.2,41,2160.470781
-99.2,68,2160.577329
41.3,61,2160.672905
-6.5,44,2160.743121
-2.1,50,2160.822427
0.2,70,2160.934568
33.0,58,2161.026732
305.5,71,2161.137982
39.0,67,2161.243845
-83.4,53,2161.327393
56.1,76,2161.460521
32.9,62,2161.557466
-22.4,70,2161.668055
292.2,75,2161.785687
32.6,50,2161.868021
32.2,54,2161.955554
329.8,66,2162.05918
324.8,60,2162.152778
2.3,75,2162.270639
337.2,66,2162.373267
65.4,56,2162.472867
303.1,70,2162.582833
-66.3,30,2162.631696
322.2,53,2162.713584
295.4,86,2162.850678
-27.5,29,2162.898011
332.2,52,2162.97999
-48.7,32,2163.032615
-1.5,59,2163.127126
53.5,66,2163.230521
22.4,72,2163.343083
0.4,70,2163.453039
0.4,63,2163.55188
29.7,66,2163.654697
1.1,56,2165.797657
-7.7,39,2165.867865
-26.8,58,2165.960743
-15.7,74,2166.075207
-24.2,56,2166.162979
-97.1,62,2166.259976
285.7,56,2166.348081
63.1,64,2166.448935
-63.1,52,2166.531016
-28.6,54,2166.632975
327.2,80,2166.760394
65.1,68,2166.868923
19.4,50,2166.948864
-66.1,20,2166.981096
3.7,67,2167.086809
19.3,71,2167.198735
34.3,51,2167.280138
71.1,56,2167.367455
55.3,60,2167.462163
1.3,45,2167.534399
33.0,60,2167.629555
15.7,79,2167.751612
307.9,63,2167.849636
67.7,68,2167.958913
287.9,57,2168.047934
-50.9,47,2168.122098
307.2,82,2168.249618
60.4,36,2168.30707
294.3,77,2168.427371
-128.4,50,2168.50562
41.9,58,2168.596909
295.7,52,2168.684792
-25.4,60,2168.780388
4.0,52,2168.863638
306.2,57,2168.954354
316.9,69,2171.409693
8.4,58,2171.500324
36.0,62,2171.596257
75.9,75,2171.713973
315.5,67,2171.819149
302.2,57,2171.91131
32.7,67,2172.017943
-36.7,38,2172.080211
267.6,58,2172.172754
287.9,65,2172.274451
3.5,43,2172.342926
307.2,53,2172.427317
316.0,69,2172.534815
346.0,68,2172.642073
-55.7,58,2172.734273
307.2,46,2172.813141
15.1,63,2172.914997
308.8,62,2173.014361
49.3,76,2173.133314
-49.0,74,2173.24923
297.2,50,2173.327884
277.3,90,2173.469606
299.6,72,2173.582025
-2.8,62,2173.680736
281.8,56,2173.768888
-5.0,56,2173.868189
292.2,51,2173.949815
68.8,62,2174.048159
303.2,64,2174.149668
-4.4,70,2174.259155
93.3,65,2174.361411
286.2,51,2174.441325
298.9,76,2174.559822
12.0,77,2176.749594
300.2,55,2176.836358
288.7,78,2176.969502
261.7,59,2177.06195
62.9,58,2177.154325
-90.0,40,2177.218938
49.6,76,2177.338368
-66.7,32,2177.388119
287.7,56,2177.475711
32.2,59,2177.569405
292.2,43,2177.637568
314.5,83,2177.766685
-40.9,27,2177.810232
0.1,66,2177.916407
0.2,45,2177.999624
31.1,72,2178.114451
-1.7,43,2178.183265
-4.4,49,2178.261711
292.3,60,2178.354472
297.2,49,2178.432848
14.0,62,2178.531555
307.6,66,2178.636792
-48.2,36,2178.694838
268.9,68,2178.801413
23.5,53,2178.887036
-53.8,54,2178.974545
69.5,79,2179.113497
327.2,74,2179.229303
-16.9,59,2179.32323
69.0,82,2179.454015
296.2,67,2179.55921
296.8,83,2179.692605
10.3,51,2179.773399
-63.3,37,2179.832486
-79.1,51,2179.916645
-29.6,53,2182.049596
-103.3,48,2182.139009
302.8,76,2182.257708
-121.9,41,2182.323186
-114.5,43,2182.390716
-77.4,87,2182.526804
327.2,68,2182.630451
-115.7,49,2182.708376
-47.8,48,2182.784217
-48.2,34,2182.838459
-8.7,46,2182.912886
25.0,42,2182.979668
293.8,72,2183.091872
-49.4,29,2183.141305
-2.0,74,2183.268032
10.9,67,2183.372516
14.5,56,2183.461176
13.9,54,2183.545543
328.2,67,2183.650249
-17.1,54,2183.735203
-79.4,38,2183.796111
-66.7,51,2183.877651
-25.0,40,2183.940615
0.1,55,2184.027723
35.5,66,2184.131132
-1.1,45,2184.202223
289.7,52,2184.282694
60.8,48,2184.357378
305.7,73,2184.471166
5.9,55,2184.55705
33.8,77,2184.678092
342.2,51,2184.757275
-11.9,34,2184.811463
291.2,60,2184.907123
-88.9,36,2184.965582
44.6,68,2185.072256
67.1,59,2185.164598
-2.6,30,2185.21832
-118.3,17,2185.249186
-110.4,22,2187.423244
267.3,94,2187.572192
291.2,68,2187.677378
-54.9,48,2187.753915
-6.4,26,2187.795608
0.9,37,2187.855951
277.2,53,2187.942402
68.0,63,2188.043978
265.6,83,2188.174968
-92.3,54,2188.258748
50.4,52,2188.341303
282.2,64,2188.442316
-1.4,49,2188.520539
-24.9,42,2188.588638
302.2,66,2188.693681
292.2,54,2188.776861
37.4,64,2188.881487
62.4,60,2188.978544
64.2,78,2189.102222
-10.1,48,2189.179791
317.2,55,2189.266574
56.9,79,2189.399436
-13.8,36,2189.457559
-58.2,25,2189.49693
-2.5,48,2189.574593
37.2,57,2189.665111
312.2,65,2189.767022
-12.4,57,2189.858785
270.4,65,2189.965788
316.2,55,2190.053035
-101.1,54,2190.138682
55.4,43,2190.20814
285.6,61,2190.305602
90.4,57,2190.402991
56.6,44,2190.483036
19.1,58,2190.575885
-35.3,59,2190.670154
-84.6,52,2192.789459
291.0,62,2192.893035
272.8,58,2192.98573
-6.4,40,2193.049899
-6.4,26,2193.092083
272.2,71,2193.203428
29.3,59,2193.29975
27.2,77,2193.421384
-4.1,63,2193.526319
322.2,50,2193.606851
292.0,76,2193.725866
-17.7,49,2193.804833
42.5,41,2193.872115
4.1,62,2193.972074
-50.8,57,2194.060654
31.4,61,2194.158042
-13.3,60,2194.25683
258.0,57,2194.347607
-79.8,27,2194.392953
304.2,67,2194.497591
11.8,44,2194.578271
258.5,59,2194.672814
-2.6,57,2194.763297
-37.8,69,2194.873606
295.6,62,2194.991322
90.4,51,2195.123753
-13.0,54,2195.242643
267.4,74,2195.361663
296.2,72,2195.474408
-41.5,43,2195.543432
41.7,63,2195.656576
-43.8,59,2195.748388
-17.5,54,2195.834639
24.7,67,2195.943798
-40.3,33,2196.001016
307.2,53,2196.086111
300.8,71,2198.260549
33.0,53,2198.346361
-1.8,64,2198.445955
37.9,72,2198.559444
293.3,71,2198.671005
282.1,67,2198.789464
271.6,47,2198.864196
278.9,62,2198.96441
274.8,53,2199.046374
352.2,76,2199.16536
292.4,70,2199.275239
3.6,49,2199.352226
29.2,64,2199.453995
20.3,50,2199.534358
51.1,62,2199.633031
294.9,64,2199.735552
33.0,53,2199.829684
-15.9,55,2199.918848
296.2,68,2200.027022
-61.4,55,2200.114121
352.9,61,2200.210352
299.5,68,2200.318014
-11.4,45,2200.390322
23.2,66,2200.49392
52.0,62,2200.589658
23.8,62,2200.687753
-69.2,53,2200.771413
22.3,53,2200.860043
24.1,62,2200.962354
305.0,65,2201.063914
-40.6,47,2201.139051
-57.5,47,2201.21399
30.1,54,2201.299442
17.3,71,2201.410769
26.9,65,2203.868912
297.2,42,2203.94954
61.2,62,2204.046829
47.2,46,2204.12124
5.7,61,2204.217568
45.4,55,2204.303174
-16.6,65,2204.406153
61.2,52,2204.489367
5.6,90,2204.631184
15.8,62,2204.72927
294.7,58,2204.821548
301.2,59,2204.91735
42.9,57,2205.010254
326.9,82,2205.140217
40.2,63,2205.238686
-105.5,29,2205.286514
312.2,50,2205.365781
9.8,52,2205.449277
-58.9,46,2205.523599
-2.1,71,2205.635142
87.4,82,2205.762326
44.5,63,2205.862204
312.2,61,2205.968736
339.4,69,2206.076573
310.3,51,2206.157355
273.8,63,2206.256531
38.4,52,2206.338418
286.4,90,2206.480193
21.4,58,2206.570956
263.4,65,2206.67311
312.7,62,2206.770491
44.7,64,2206.872893
256.4,53,2206.965328
306.2,68,2207.078728
-68.3,18,2207.109337
329.7,66,2209.270376
292.2,55,2209.357932
282.2,48,2209.433123
0.0,62,2209.531494
-10.6,74,2209.646067
-74.0,54,2209.732063
-40.5,63,2209.831891
-46.3,68,2209.940504
-28.7,43,2210.011271
282.3,71,2210.127997
-21.5,55,2210.214903
292.2,73,2210.329415
299.2,59,2210.42233
317.3,48,2210.497885
19.9,47,2210.581615
61.9,74,2210.718248
303.1,84,2210.851036
254.0,54,2210.939171
299.2,64,2211.061064
-1.9,62,2211.181082
322.8,67,2211.298895
-5.5,74,2211.455144
-20.4,53,2211.585621
-17.5,63,2211.70204
320.2,71,2211.822203
2.8,52,2211.906657
48.0,61,2212.004351
12.1,64,2212.110031
-46.4,45,2212.20617
55.4,64,2212.339847
327.2,63,2212.482537
-4.4,77,2212.649619
-14.5,35,2212.752346
272.0,65,2215.081543
46.9,60,2215.177944
275.7,64,2215.294958
-47.2,43,2215.365414
8.3,58,2215.457741
54.4,64,2215.557885
248.6,74,2215.685165
35.9,69,2215.803502
-2.5,63,2215.909733
-1.4,37,2215.971742
-38.6,66,2216.076866
42.3,53,2216.168091
278.6,81,2216.299885
315.4,69,2216.42117
49.8,70,2216.542235
-47.2,43,2216.611134
297.2,85,2216.748187
25.8,51,2216.836126
262.6,66,2216.944127
65.4,65,2217.047937
45.4,59,2217.141571
7.2,77,2217.265348
5.3,51,2217.346689
308.7,47,2217.421189
275.1,66,2217.525827
58.6,46,2217.598397
-68.0,41,2217.665386
291.5,53,2217.749405
115.5,89,2217.935277
36.5,61,2218.068924
323.5,80,2218.241605
18.0,68,2218.417636
30.9,58,2218.525112
292.2,50,2218.66616
55.9,47,2220.90957
19.1,53,2220.995062
277.2,62,2221.091961
280.5,60,2221.18657
-67.1,76,2221.305541
292.2,68,2221.411609
-5.7,28,2221.457811
313.2,70,2221.568432
11.3,58,2221.671753
302.2,65,2221.775211
25.8,69,2221.886395
11.1,44,2221.958143
28.9,62,2222.062917
-40.3,54,2222.150719
286.5,63,2222.262809
9.8,52,2222.355308
78.8,65,2222.465818
9.8,58,2222.563809
-9.1,55,2222.65217
242.9,71,2222.764024
22.8,56,2222.854133
-38.0,54,2222.943621
50.5,47,2223.021627
13.4,73,2223.146771
30.5,65,2223.249805
331.2,61,2223.346015
33.6,78,2223.470004
-36.4,62,2223.582699
332.2,64,2223.688668
280.8,56,2223.778604
88.2,67,2223.888926
261.8,55,2223.977109
-69.1,37,2224.038182
317.1,66,2224.142838
307.1,68,2226.367879
286.0,71,2226.480271
73.9,93,2226.62682
-24.2,58,2226.723657
-59.0,57,2226.814168
302.2,61,2226.913068
282.3,50,2226.994971
-30.1,39,2227.057735
297.2,70,2227.174588
286.2,50,2227.253716
89.7,56,2227.343456
48.4,55,2227.441578
-29.3,61,2227.544835
286.1,58,2227.637675
-66.1,25,2227.679144
4.3,59,2227.785052
4.7,48,2227.861654
42.6,63,2227.966729
16.2,50,2228.04706
273.4,62,2228.152213
-72.5,35,2228.217643
47.9,70,2228.337223
19.5,85,2228.486133
-134.7,61,2228.581274
66.9,54,2228.67216
-48.2,36,2228.733254
-21.9,32,2228.790969
56.8,67,2228.909023
317.2,59,2229.004135
27.7,76,2229.125417
23.7,66,2229.238499
312.6,86,2229.385964
298.7,101,2229.549096
293.4,68,2229.666128
312.2,59,2231.831285
-47.7,76,2231.966718
295.5,65,2232.069396
-19.9,24,2232.112522
-105.0,42,2232.185586
294.1,70,2232.29759
-20.0,51,2232.379616
5.0,55,2232.468433
274.0,68,2232.576849
-43.2,52,2232.658098
14.1,54,2232.744416
23.5,79,2232.869259
293.4,59,2232.978512
307.0,75,2233.096031
277.3,55,2233.182742
-107.7,35,2233.239697
316.2,56,2233.327897
4.0,46,2233.40081
14.6,59,2233.493287
302.2,62,2233.591109
105.7,91,2233.734085
351.0,70,2233.842976
295.7,73,2233.967929
-72.0,57,2234.056942
22.4,44,2234.127829
306.0,63,2234.226786
-62.2,24,2234.265205
15.7,68,2234.371467
7.0,57,2234.461818
310.0,53,2234.544963
67.3,67,2234.650736
45.6,78,2234.773466
7.8,71,2234.885675
29.1,89,2235.037233
8.2,48,2237.501785
-36.4,66,2237.60583
-60.8,52,2237.687283
281.6,55,2237.776015
-58.2,48,2237.860186
337.2,59,2237.970171
282.0,75,2238.093072
317.2,57,2238.18513
-5.1,56,2238.272635
0.5,70,2238.380793
33.0,52,2238.463782
-15.6,87,2238.60279
297.2,67,2238.706524
327.2,58,2238.798296
45.4,51,2238.879072
291.7,63,2238.980376
283.9,56,2239.068273
282.2,55,2239.161111
42.1,52,2239.244354
43.8,69,2239.371889
336.5,73,2239.516827
19.1,47,2239.598124
293.6,77,2239.721065
312.1,78,2239.849558
67.7,50,2239.929013
292.2,42,2239.997261
277.2,46,2240.069975
-35.3,32,2240.121982
45.4,27,2240.172174
36.2,78,2240.30145
-26.2,62,2240.401035
-31.8,64,2240.501945
328.1,67,2240.608107
63.9,83,2240.749349
280.5,51,2240.829739
311.2,59,2242.988387
23.6,29,2243.036266
271.7,74,2243.152686
38.5,55,2243.239395
23.8,71,2243.359331
304.3,71,2243.471118
38.7,54,2243.558017
-117.4,71,2243.670739
-56.1,51,2243.752437
306.4,71,2243.865736
-17.5,65,2243.972056
359.2,62,2244.069539
46.7,61,2244.16707
-61.4,59,2244.26053
320.8,72,2244.386164
24.6,59,2244.482499
30.8,51,2244.565273
35.4,34,2244.62244
27.9,68,2244.733238
50.4,51,2244.821114
26.9,41,2244.892067
34.6,71,2245.017015
55.4,54,2245.110705
287.2,62,2245.215954
317.2,83,2245.356072
308.9,60,2245.465233
338.7,65,2245.569229
-29.9,36,2245.629411
28.3,76,2245.751312
-6.4,23,2245.789322
14.8,67,2245.895653
43.8,83,2246.028059
82.6,73,2246.142515
60.4,42,2246.210845
301.2,45,2248.32444
-34.9,39,2248.387908
44.4,37,2248.451092
86.8,61,2248.556349
8.6,54,2248.641996
327.2,75,2248.758945
281.2,58,2248.849868
-94.4,55,2248.939469
-34.1,33,2248.993628
84.2,63,2249.092812
307.7,53,2249.175518
-79.4,27,2249.218131
-72.5,46,2249.290218
301.2,71,2249.401671
302.2,62,2249.503376
28.2,61,2249.614064
57.2,50,2249.694505
20.3,56,2249.784777
17.4,53,2249.869073
288.1,54,2249.956707
-112.3,23,2249.995308
-23.3,75,2250.113918
307.1,78,2250.235984
307.3,74,2250.352348
292.9,81,2250.482913
-132.4,38,2250.543633
-11.4,26,2250.585801
317.2,70,2250.696528
40.4,43,2250.766315
2.5,38,2250.827406
324.1,73,2250.943005
296.5,59,2251.03792
45.4,43,2251.106929
-37.2,50,2251.186102
267.3,74,2251.300759
258.7,48,2251.376382
302.2,63,2251.47579
292.2,49,2251.5565
65.4,48,2253.694986
278.3,65,2253.799775
-47.5,59,2253.891832
323.4,81,2254.025761
-105.9,50,2254.104121
296.2,57,2254.199709
336.3,65,2254.302302
291.0,59,2254.395323
78.9,90,2254.537948
293.1,83,2254.669747
67.8,66,2254.774711
317.2,64,2254.882604
68.4,76,2255.007454
-44.0,89,2255.148231
-89.5,41,2255.213227
271.7,69,2255.324421
340.4,65,2255.429622
-51.0,41,2255.496185
-6.4,37,2255.554903
-5.8,69,2255.665132
-16.4,47,2255.746244
314.2,61,2255.843377
-25.6,40,2255.910024
292.0,59,2256.004637
302.2,56,2256.090392
64.5,73,2256.205976
292.2,65,2256.307914
297.2,46,2256.381009
-55.6,41,2256.446853
302.2,60,2256.540191
303.6,81,2256.669533
358.9,76,2256.807599
297.2,49,2256.883545
307.2,59,2259.022205
-62.6,43,2259.091526
50.4,57,2259.182816
305.8,58,2259.274595
-28.5,54,2259.360405
-86.8,46,2259.434182
275.5,76,2259.552858
17.5,56,2259.641315
303.7,66,2259.745623
297.2,78,2259.877364
-19.7,73,2259.996984
50.2,65,2260.100752
-58.3,53,2260.185099
332.2,60,2260.280212
327.2,63,2260.379703
-14.7,48,2260.457986
45.1,64,2260.559504
-44.8,41,2260.625788
0.0,48,2260.701265
322.2,81,2260.827471
-86.8,64,2260.93969
297.2,57,2261.030595
110.4,56,2261.11907
-6.5,50,2261.200232
-103.2,46,2261.273654
-54.1,52,2261.356
291.2,73,2261.469074
50.8,56,2261.55839
315.2,56,2261.647824
28.7,76,2261.768048
322.2,68,2261.875875
24.6,76,2262.014695
272.1,68,2262.120643
302.3,67,2262.227242
302.2,64,2264.348641
-76.6,29,2264.39862
-14.6,52,2264.480985
292.2,64,2264.580042
303.9,79,2264.70466
295.2,55,2264.792066
-43.2,38,2264.852819
291.0,71,2264.966098
25.7,58,2265.071895
-33.0,66,2265.176352
-23.2,52,2265.25984
5.1,42,2265.327641
308.8,63,2265.428125
-18.6,51,2265.508081
310.7,64,2265.609468
322.2,76,2265.728605
13.9,85,2265.86286
3.4,62,2265.960889
22.0,69,2266.085275
275.3,60,2266.180455
277.3,71,2266.291945
44.7,68,2266.399264
-51.9,69,2266.507408
-38.6,61,2266.603102
327.2,70,2266.713125
-29.7,51,2266.794219
266.2,79,2266.918897
267.3,69,2267.028171
53.2,71,2267.139848
-53.3,63,2267.240119
275.0,72,2267.352439
67.1,54,2267.438708
296.1,62,2267.535809
-59.7,47,2269.657926
-92.9,42,2269.727431
1.9,76,2269.84825
-90.2,44,2269.921361
-46.8,64,2270.025631
36.3,54,2270.11155
313.1,68,2270.231028
279.1,62,2270.333357
38.1,62,2270.43425
2.7,65,2270.537636
11.7,57,2270.628959
60.7,65,2270.731881
81.3,80,2270.860325
53.4,94,2271.013895
39.8,63,2271.110736
302.2,74,2271.226526
31.2,43,2271.296335
307.2,62,2271.393242
327.2,70,2271.501198
3.6,38,2271.562118
38.4,64,2271.664775
15.5,59,2271.757333
280.3,89,2271.899186
347.2,70,2272.012947
297.2,47,2272.088249
282.2,53,2272.1713
-96.3,68,2272.282056
-69.4,62,2272.380821
309.0,68,2272.488263
96.7,64,2272.589901
-82.0,59,2272.685128
-79.1,70,2272.794957
282.2,64,2272.895733
48.9,76,2275.416923
61.2,65,2275.523865
329.2,73,2275.638628
91.6,64,2275.740336
49.2,75,2275.858059
268.6,62,2275.958337
63.3,67,2276.066738
317.5,64,2276.167331
-31.3,66,2276.271854
291.0,73,2276.387859
47.5,65,2276.49784
92.1,63,2276.599001
44.2,68,2276.706315
16.4,53,2276.791289
-0.7,41,2276.85689
19.0,46,2276.933005
49.7,56,2277.023007
301.3,63,2277.121396
298.0,79,2277.24575
4.2,58,2277.337513
33.5,56,2277.425858
302.2,84,2277.57188
53.5,69,2277.681013
2.0,51,2277.762771
68.4,49,2277.841961
40.2,76,2277.964846
38.5,68,2278.074013
46.4,69,2278.183671
-11.1,72,2278.297929
-6.6,63,2278.398617
1.6,65,2278.503988
-52.2,60,2280.653634
270.6,75,2280.774783
323.6,62,2280.87209
-46.8,46,2280.947343
300.7,51,2281.03024
19.8,49,2281.107447
53.0,82,2281.237019
332.2,65,2281.337887
317.2,70,2281.448507
-21.9,34,2281.503613
350.3,77,2281.637391
273.5,54,2281.724708
-100.0,54,2281.809409
-11.4,19,2281.841135
56.7,64,2281.944266
272.2,59,2282.03881
-18.9,50,2282.119644
45.5,55,2282.206491
4.8,59,2282.299386
-73.7,43,2282.367388
300.2,57,2282.457175
53.0,40,2282.520934
31.9,60,2282.617596
307.2,79,2282.752955
288.3,85,2282.888316
-25.4,43,2282.95761
26.3,52,2283.041915
292.7,55,2283.127651
-25.6,64,2283.228404
27.9,77,2283.348584
-24.1,54,2283.435027
37.1,69,2283.543536
295.7,64,2283.644171
6.9,62,2283.742289
30.3,64,2283.842469
-42.1,64,2286.007577
62.8,68,2286.11757
351.2,58,2286.207611
293.4,81,2286.335073
38.5,67,2286.439388
-9.8,34,2286.493941
-43.4,54,2286.578924
-6.0,67,2286.684463
-114.7,66,2286.787258
20.7,53,2286.883749
-17.1,72,2287.000598
301.0,74,2287.115409
-49.4,65,2287.218952
35.6,52,2287.301695
-56.9,45,2287.373774
-64.8,38,2287.434614
59.9,49,2287.511641
62.4,77,2287.632938
-59.7,49,2287.711048
-99.3,55,2287.795315
-62.0,47,2287.869875
297.1,60,2287.965353
-14.2,66,2288.070889
23.8,49,2288.149456
302.2,51,2288.230381
-37.8,80,2288.35417
299.5,76,2288.472158
26.2,55,2288.559093
287.1,62,2288.657424
30.3,64,2288.756602
259.8,65,2288.861322
372.2,49,2288.942573
6.7,34,2288.999272
-61.2,42,2289.065627
348.1,89,2289.206085
-34.4,74,2291.406536
-31.7,52,2291.490556
268.9,62,2291.587339
302.6,87,2291.725275
44.1,59,2291.818138
297.2,69,2291.928068
25.1,40,2291.993701
22.8,44,2292.064689
10.6,68,2292.170564
311.0,63,2292.270616
14.7,40,2292.335969
312.2,61,2292.431426
293.9,61,2292.526319
309.8,73,2292.642394
278.9,69,2292.751636
261.9,77,2292.872401
-6.4,86,2293.010005
-43.2,37,2293.076432
46.7,64,2293.178093
302.2,62,2293.27385
-1.5,39,2293.336144
8.6,44,2293.406806
306.9,67,2293.512
44.1,65,2293.614453
26.0,86,2293.752271
72.4,68,2293.859127
289.5,43,2293.929152
311.0,65,2294.033101
-38.6,81,2294.1748
43.9,64,2294.275975
286.2,55,2294.361769
302.6,64,2294.462432
302.2,69,2294.570505
312.2,85,2296.759944
312.2,65,2296.862131
-41.6,41,2296.927456
322.2,59,2297.020998
-19.0,39,2297.082931
25.1,50,2297.163236
271.8,104,2297.330083
98.6,76,2297.448973
302.2,54,2297.53306
3.5,37,2297.592622
287.2,57,2297.683028
317.2,66,2297.786167
97.3,62,2297.884699
321.0,70,2297.99641
273.0,50,2298.07643
-24.5,43,2298.144269
88.4,76,2298.272307
-8.0,58,2298.363047
263.9,96,2298.515725
-42.0,57,2298.604644
311.2,74,2298.720496
254.3,69,2298.828373
235.4,87,2298.968627
53.7,62,2299.067336
259.6,66,2299.172105
302.3,73,2299.300312
-78.2,60,2299.39441
94.6,65,2299.497917
9.2,71,2299.609589
-34.6,66,2299.714648
40.9,78,2299.836455
282.2,61,2301.967369
-30.3,52,2302.056729
-42.3,82,2302.185111
344.3,81,2302.312989
324.2,62,2302.419039
336.0,77,2302.539819
236.2,49,2302.616847
322.6,71,2302.728611
280.7,69,2302.836288
10.2,70,2302.948517
34.0,80,2303.077088
276.1,55,2303.162792
49.8,67,2303.268041
7.4,72,2303.384431
297.2,53,2303.476161
310.2,75,2303.593699
-1.2,49,2303.672713
-11.2,59,2303.765308
333.0,82,2303.892667
259.1,63,2303.995342
-52.0,58,2304.085468
55.9,55,2304.172723
-16.3,48,2304.248665
35.4,49,2304.327044
-24.5,65,2304.428758
21.8,66,2304.533511
297.2,53,2304.615651
295.7,56,2304.705915
-25.2,44,2304.777249
295.2,61,2304.872524
251.0,74,2304.989302
-10.4,51,2305.071167
39.5,59,2305.164412
289.0,73,2307.339548
49.1,65,2307.442361
35.3,74,2307.571603
42.1,56,2307.659194
277.2,58,2307.75136
43.7,47,2307.825886
11.1,77,2307.948752
277.3,90,2308.093064
42.2,74,2308.209789
272.0,67,2308.315835
347.2,68,2308.421883
-16.4,25,2308.462222
12.2,65,2308.563219
90.4,59,2308.655725
20.2,45,2308.727427
287.2,67,2308.831193
-11.4,39,2308.891695
-53.8,59,2308.985934
-53.2,33,2309.038626
10.7,58,2309.130653
43.9,48,2309.204951
-32.8,30,2309.252275
53.0,60,2309.346186
-8.3,81,2309.473147
14.5,59,2309.637402
52.5,63,2309.878013
40.6,80,2310.021138
276.2,82,2310.148277
-45.0,37,2310.207143
292.9,61,2310.303304
28.6,29,2310.349607
10.9,42,2310.417114
88.9,74,2310.536503
17.2,42,2310.60175
-1.4,40,2310.677596
322.5,63,2312.846609
-38.2,41,2312.911735
14.7,47,2312.990016
18.9,54,2313.07653
20.9,55,2313.164177
-39.6,72,2313.276505
317.0,63,2313.375228
282.2,64,2313.474834
-5.1,51,2313.555974
2.4,85,2313.690366
321.2,69,2313.80444
-12.6,39,2313.866181
285.8,66,2313.971084
320.2,63,2314.069178
-14.8,52,2314.152744
-76.5,51,2314.236982
57.1,71,2314.348939
30.4,56,2314.436678
-75.0,56,2314.525573
362.2,75,2314.643856
33.6,51,2314.724305
-98.3,74,2314.847335
-54.1,61,2314.946527
8.0,64,2315.047323
302.2,57,2315.135573
79.2,66,2315.239065
22.1,50,2315.31769
-16.1,27,2315.361196
53.4,51,2315.442039
36.2,99,2315.597082
-72.6,41,2315.661207
55.9,62,2315.759662
283.5,85,2315.904447
277.2,39,2315.965911
-121.9,41,2316.0309
332.2,46,2318.147606
271.5,69,2318.259051
37.2,63,2318.357641
273.6,75,2318.474946
303.6,71,2318.58669
37.6,49,2318.666006
-6.4,43,2318.734942
23.6,65,2318.839898
308.3,65,2318.954693
292.2,64,2319.056987
-107.4,31,2319.106639
282.2,53,2319.189026
53.3,55,2319.276757
289.1,66,2319.382325
271.2,64,2319.482384
22.1,29,2319.530597
41.7,60,2319.624136
57.7,56,2319.713821
-33.3,40,2319.777708
18.7,55,2319.865564
-65.7,41,2319.935605
-40.9,34,2320.003978
283.1,65,2320.106486
292.2,65,2320.208725
271.3,61,2320.305504
25.8,55,2320.394927
277.2,58,2320.487399
13.9,74,2320.605426
-32.3,34,2320.661251
46.3,52,2320.744647
41.0,66,2320.847715
3.6,33,2320.901245
45.7,61,2321.001979
-49.9,44,2321.070352
32.0,70,2321.179966
22.5,61,2321.274819
-46.4,47,2321.349038
307.2,63,2323.494498
12.4,95,2323.644652
-22.3,45,2323.715066
292.7,82,2323.843078
31.2,49,2323.920998
32.4,77,2324.043543
327.9,67,2324.160062
55.1,58,2324.251823
316.3,80,2324.376523
63.5,60,2324.471093
-60.7,57,2324.560238
-100.0,47,2324.633538
-50.7,67,2324.738347
287.0,56,2324.82602
2.6,61,2324.92339
6.4,37,2324.983334
52.1,33,2325.036639
-72.3,75,2325.153157
22.6,45,2325.224806
-99.7,28,2325.269316
317.2,77,2325.389417
-66.6,26,2325.432179
353.2,83,2325.562324
2.6,83,2325.691026
-1.4,61,2325.78632
44.3,56,2325.874024
311.1,62,2325.974358
-50.4,64,2326.075917
279.2,66,2326.184136
-8.4,41,2326.249854
-70.3,24,2326.289137
13.8,76,2326.408549
4.9,63,2326.508007
309.2,61,2326.604271
320.2,64,2328.769228
315.7,66,2328.875664
35.9,51,2328.957646
345.6,75,2329.078701
4.0,61,2329.17511
14.8,50,2329.254288
282.9,65,2329.356854
-19.0,51,2329.438082
-100.0,39,2329.499815
287.3,69,2329.608569
-123.4,59,2329.698494
25.3,51,2329.781208
292.2,77,2329.902029
4.7,46,2329.979526
74.5,84,2330.115105
311.2,63,2330.214449
-77.2,21,2330.249175
6.8,66,2330.361395
-36.7,79,2330.485753
-77.5,34,2330.541642
46.8,64,2330.643421
59.6,62,2330.740238
287.3,76,2330.861321
303.3,63,2330.964397
55.4,40,2331.030366
258.9,72,2331.144817
-9.9,45,2331.215317
35.9,63,2331.317399
306.2,49,2331.407364
-60.0,53,2331.491326
16.5,80,2331.616547
48.9,71,2331.728376
63.5,56,2331.81723
3.0,51,2331.897609
-15.9,41,2331.964958
16.4,109,2334.193395
45.4,58,2334.285528
-47.7,64,2334.385028
305.4,66,2334.494038
30.4,38,2334.555581
72.6,69,2334.664889
-62.6,47,2334.739023
50.1,77,2334.859131
-41.0,44,2334.930955
93.1,73,2335.048275
-21.1,48,2335.124719
70.4,44,2335.195852
-7.4,32,2335.246901
-37.6,52,2335.332223
317.2,66,2335.438695
-25.7,61,2335.550375
68.6,73,2335.664553
-54.0,79,2335.788318
-12.4,45,2335.8603
40.8,35,2335.917678
78.6,61,2336.017742
-16.7,70,2336.12839
335.5,79,2336.252551
-57.7,40,2336.316341
307.2,67,2336.421841
51.5,70,2336.537166
-44.4,62,2336.643947
290.9,54,2336.729617
41.0,67,2336.837801
307.2,66,2336.943351
-5.3,57,2337.036394
267.3,68,2337.144109
61.5,62,2337.242495
47.0,46,2337.315756
321.9,62,2339.474924
28.5,48,2339.555809
312.2,75,2339.68234
18.7,44,2339.75256
-121.5,27,2339.795422
-26.7,36,2339.854524
294.6,90,2339.999656
28.4,54,2340.085016
23.2,50,2340.165358
-14.3,57,2340.257463
289.1,59,2340.351233
-26.1,52,2340.436387
302.2,53,2340.521353
-94.4,63,2340.622174
49.5,55,2340.731394
-27.8,44,2340.805652
-58.2,78,2340.928552
-7.8,42,2340.997057
-56.1,32,2341.047529
265.0,67,2341.153691
-100.0,54,2341.23766
299.5,70,2341.3483
-1.3,57,2341.439411
-99.6,59,2341.533243
60.4,51,2341.614283
309.1,85,2341.750672
305.8,75,2341.868091
-15.8,68,2341.976495
295.7,58,2342.068294
272.5,70,2342.177743
11.2,41,2342.242601
315.1,58,2342.334068
-76.4,46,2342.406635
-43.3,81,2342.53426
4.1,53,2342.618474
286.9,70,2342.733797
-148.2,56,2344.872874
320.8,71,2344.988161
314.4,80,2345.115288
5.3,73,2345.229423
77.4,52,2345.311878
304.2,73,2345.427389
301.2,57,2345.518094
41.1,61,2345.615631
64.5,61,2345.712775
302.2,57,2345.804165
285.2,70,2345.914207
303.0,61,2346.014167
60.0,44,2346.125444
48.4,54,2346.282705
341.2,64,2346.457615
13.5,70,2346.578128
347.6,69,2346.688565
307.2,59,2346.781215
-20.2,34,2346.836868
-42.0,64,2346.94698
48.4,43,2347.016454
10.1,73,2347.130573
-7.3,48,2347.207838
6.8,57,2347.298632
281.0,50,2347.377093
307.4,75,2347.49444
4.7,63,2347.594709
-30.6,56,2347.684942
-26.3,68,2347.793847
-3.0,36,2347.851877
-63.5,30,2347.907243
-61.2,59,2348.004134
19.5,42,2348.071094
29.3,84,2348.203287
271.7,62,2350.355843
-23.1,52,2350.442294
312.2,53,2350.524678
52.0,55,2350.61299
291.2,47,2350.686355
304.2,57,2350.776706
227.7,77,2350.896767
290.2,66,2351.008508
1.0,65,2351.11405
-59.8,73,2351.229626
5.3,74,2351.345094
312.2,54,2351.43092
45.7,83,2351.561859
-68.4,23,2351.598772
325.2,63,2351.697672
-23.4,55,2351.785816
291.2,58,2351.876905
286.1,76,2351.998351
-53.2,16,2352.029179
18.6,40,2352.099779
12.0,71,2352.211345
-47.1,38,2352.270312
-10.2,53,2352.353884
-84.5,34,2352.407722
54.7,85,2352.540313
-23.2,29,2352.58542
297.2,63,2352.684019
-18.1,72,2352.796808
353.9,82,2352.926598
277.2,61,2353.022291
18.1,58,2353.126945
-1.9,45,2353.199459
-26.0,45,2353.272408
-15.3,49,2353.349927
39.0,56,2353.437978
11.0,60,2353.532832
-38.2,60,2355.67501
4.3,67,2355.783176
316.2,42,2355.849193
-20.6,36,2355.906497
50.9,71,2356.022908
302.2,53,2356.10707
302.2,54,2356.204925
15.2,67,2356.312428
285.3,77,2356.43413
330.3,70,2356.545792
292.1,68,2356.653361
72.7,73,2356.768046
37.8,56,2356.856867
19.9,50,2356.936655
295.0,64,2357.042041
-16.9,34,2357.097378
372.2,58,2357.188523
316.2,79,2357.326004
50.6,77,2357.4453
-53.1,65,2357.5471
90.9,75,2357.665123
27.4,78,2357.789027
-58.0,68,2357.896703
-15.7,43,2357.969285
5.0,55,2358.057782
-53.2,41,2358.121761
76.1,55,2358.210186
-63.3,50,2358.288268
306.7,78,2358.412284
-35.6,34,2358.467753
-112.6,65,2358.570753
263.6,67,2358.675489
267.2,46,2358.747916
341.2,63,2358.848271
-6.5,55,2361.007333
302.2,55,2361.096557
47.3,75,2361.213729
48.6,25,2361.255056
15.4,50,2361.334227
8.3,61,2361.44274
297.2,59,2361.537667
43.6,46,2361.612668
294.1,59,2361.704804
307.2,65,2361.807209
-13.1,69,2361.91647
-33.6,30,2361.967832
306.7,96,2362.119794
64.2,68,2362.225488
299.0,65,2362.328164
283.5,60,2362.423791
46.1,60,2362.518642
28.6,43,2362.588537
292.2,71,2362.69932
100.5,67,2362.80461
292.2,71,2362.914751
282.2,60,2363.013636
-39.4,41,2363.079931
-11.1,61,2363.17706
297.5,66,2363.279733
307.2,57,2363.370132
119.4,70,2363.48794
-17.8,46,2363.560957
318.1,62,2363.657815
3.6,34,2363.711349
-54.7,45,2363.782446
-51.5,59,2363.875492
-51.1,56,2363.96669
327.2,62,2364.063842
-6.8,75,2364.18039
-57.9,27,2364.223797
-89.8,61,2366.38618
-27.6,37,2366.444538
-79.4,56,2366.532512
307.6,59,2366.625413
-110.1,51,2366.71022
25.4,75,2366.829724
-23.0,41,2366.895163
-53.2,58,2366.988169
41.6,61,2367.089326
-39.3,47,2367.164108
-3.1,45,2367.23689
312.2,61,2367.331554
-16.3,63,2367.430885
45.5,38,2367.491263
-1.4,36,2367.547978
-13.5,71,2367.665039
297.2,58,2367.756241
39.5,43,2367.825491
-23.0,59,2367.917569
276.6,60,2368.015183
309.2,89,2368.154225
45.8,52,2368.257648
70.2,74,2368.383862
323.8,72,2368.496665
266.3,75,2368.623541
283.8,74,2368.739048
281.1,65,2368.841012
-28.0,56,2368.9285
27.4,52,2369.013634
272.8,50,2369.092285
-37.8,44,2369.161255
-81.8,42,2369.228371
9.6,45,2369.299821
15.9,51,2369.381025
-51.7,68,2369.485562
-75.5,21,2369.520458
63.6,61,2369.615717
74.2,53,2371.74244
24.8,48,2371.818965
-1.8,67,2371.923561
51.1,72,2372.038985
317.2,79,2372.162521
292.8,64,2372.262521
-45.0,45,2372.33359
45.3,57,2372.423807
88.2,52,2372.505235
8.4,68,2372.612742
61.7,60,2372.709192
4.7,46,2372.79581
312.2,70,2372.905903
-38.4,37,2372.967441
-26.6,55,2373.054958
312.2,59,2373.145489
8.5,65,2373.249722
264.7,62,2373.346408
-14.2,35,2373.402612
11.1,64,2373.503639
307.2,65,2373.604762
-13.0,42,2373.671604
-3.4,54,2373.757627
21.4,49,2373.845593
32.8,40,2373.910409
296.1,67,2374.019645
24.9,55,2374.104654
292.2,61,2374.204815
-100.0,60,2374.297537
61.4,75,2374.414659
23.6,43,2374.484117
-9.7,52,2374.56589
-51.4,31,2374.616657
42.5,62,2374.715261
-62.8,60,2374.808916
-22.0,54,2374.89409
-28.2,64,2377.084315
13.3,71,2377.197011
324.5,54,2377.282084
277.2,70,2377.392552
-50.8,42,2377.459805
-1.5,72,2377.574447
317.2,89,2377.715514
95.2,71,2377.829228
260.5,90,2377.985711
267.2,41,2378.051748
-73.8,86,2378.187881
272.6,59,2378.280171
21.1,80,2378.40736
45.9,63,2378.507608
-31.3,67,2378.614815
-20.8,56,2378.703505
-48.1,80,2378.834046
79.1,65,2378.935269
-16.0,65,2379.04078
-34.4,42,2379.108057
-52.8,49,2379.186705
-42.4,40,2379.250137
3.5,57,2379.340497
-48.2,31,2379.389844
318.3,75,2379.506769
41.5,81,2379.634314
-16.7,35,2379.69027
249.7,49,2379.768301
280.0,67,2379.87326
11.0,49,2379.953647
-51.4,34,2380.017823
254.7,68,2380.126621
297.2,71,2380.237167
40.8,64,2383.181202
33.4,50,2383.26128
-48.2,41,2383.325023
22.9,82,2383.453421
40.4,41,2383.517698
82.4,86,2383.652982
3.8,47,2383.725878
85.1,62,2383.824519
310.3,78,2383.957317
40.8,58,2384.050467
282.2,50,2384.12892
332.2,67,2384.251782
48.8,62,2384.34917
292.2,66,2384.456628
-24.7,63,2384.555042
302.2,49,2384.633843
316.5,52,2384.718975
21.8,72,2384.836144
325.7,58,2384.932894
277.2,55,2385.027277
58.6,65,2385.130236
286.2,57,2385.22133
45.4,59,2385.321474
286.1,80,2385.448083
287.2,46,2385.521281
297.2,64,2385.624867
8.6,43,2385.702286
317.1,70,2385.816177
316.7,47,2385.889826
9.0,73,2386.019826
312.2,56,2386.106859
-64.4,68,2386.214059
-0.7,59,2386.328052
-108.2,60,2386.423043
40.1,66,2388.494671
-7.3,55,2388.583748
47.3,64,2388.684909
282.2,56,2388.775347
-71.5,24,2388.815274
59.4,43,2388.883064
41.8,86,2389.020165
-16.4,60,2389.113858
-67.3,53,2389.196911
-93.5,54,2389.280957
-70.5,34,2389.335245
292.7,73,2389.461507
-0.6,54,2389.545778
292.8,82,2389.675092
-20.6,69,2389.782214
75.7,66,2389.885921
45.4,63,2389.986211
302.2,89,2390.125653
307.2,61,2390.220963
27.5,65,2390.324308
-71.9,53,2390.415725
297.2,55,2390.510827
14.1,48,2390.587084
-6.6,58,2390.690198
21.8,51,2390.780549
56.6,58,2390.876659
68.4,63,2390.98512
302.2,49,2391.068035
243.6,62,2391.166139
-2.5,65,2391.269982
281.4,57,2391.368177
-15.3,40,2391.432378
-53.0,47,2391.506895
-44.2,45,2391.57694
63.5,73,2391.691826
7.6,78,2393.797862
292.2,51,2393.880942
322.2,83,2394.014517
316.7,71,2394.125907
14.7,64,2394.226846
45.0,53,2394.311565
-11.1,47,2394.386878
57.4,75,2394.504996
332.2,61,2394.613529
-11.4,38,2394.674578
91.6,57,2394.763827
-100.0,25,2394.802106
62.4,67,2394.906667
287.2,45,2394.980962
282.5,105,2395.146462
279.5,74,2395.261882
-59.5,40,2395.326317
-25.2,45,2395.398928
291.0,67,2395.502721
-71.7,37,2395.562846
-11.4,34,2395.616611
-49.9,34,2395.671947
317.2,68,2395.795231
0.9,59,2395.896126
-13.7,69,2396.007919
-117.0,59,2396.113565
18.5,61,2396.210725
-1.4,57,2396.301527
274.8,48,2396.387739
296.2,67,2396.494639
322.2,59,2396.588696
268.6,52,2396.678632
-77.5,63,2396.777976
-58.3,29,2396.827102
283.3,68,2396.933921
12.5,61,2397.033551
347.5,79,2399.178882
277.2,49,2399.256235
332.2,94,2399.403605
-53.2,28,2399.447172
44.1,63,2399.544911
268.7,79,2399.669245
-33.8,65,2399.770596
-22.4,61,2399.866822
291.0,74,2399.984142
-81.1,40,2400.050195
-32.0,72,2400.162807
347.2,74,2400.279314
290.8,68,2400.387541
54.1,58,2400.478963
-84.0,70,2400.591613
-77.5,55,2400.679251
17.6,65,2400.801419
312.2,68,2400.915956
263.7,57,2401.015393
58.9,76,2401.149312
48.0,75,2401.26618
312.2,74,2401.39093
290.7,52,2401.473958
23.7,78,2401.596869
64.4,48,2401.672864
40.4,43,2401.741124
347.1,103,2401.909958
45.4,53,2401.994465
297.2,48,2402.071431
1.8,64,2402.172583
-42.5,32,2402.223926
18.4,59,2402.317323
1.2,34,2402.371012
93.0,69,2404.475591
16.7,62,2404.577166
-31.5,70,2404.687608
-64.6,57,2404.776201
-37.1,41,2404.841587
273.9,57,2404.935382
307.2,55,2405.024059
-51.9,51,2405.105674
-24.4,69,2405.212114
-1.4,32,2405.264535
26.9,67,2405.370353
-74.0,58,2405.460378
-75.6,60,2405.553815
20.8,53,2405.636957
282.2,65,2405.739307
31.4,62,2405.843008
322.2,55,2405.941601
34.7,72,2406.071541
28.7,52,2406.17364
290.9,65,2406.276068
45.4,58,2406.367081
2.4,78,2406.497606
281.4,62,2406.595065
313.8,70,2406.704789
272.3,54,2406.789934
38.0,38,2406.851068
44.9,72,2406.96675
290.7,54,2407.065186
284.4,64,2407.165636
33.1,62,2407.263881
322.2,54,2407.348335
-5.3,68,2407.455756
70.3,64,2407.557085
337.2,57,2407.646738
-1.5,48,2409.697112
307.2,58,2409.786948
11.0,57,2409.878508
287.2,67,2409.985262
-16.1,56,2410.085542
35.4,64,2410.190552
31.5,56,2410.281006
300.8,94,2410.428227
18.6,26,2410.469792
282.2,58,2410.559251
-80.2,47,2410.633752
40.4,51,2410.714185
22.7,97,2410.867417
46.4,53,2410.966809
85.9,103,2411.149738
42.7,83,2411.302201
-76.9,38,2411.362339
320.9,78,2411.493403
265.9,62,2411.590641
331.8,65,2411.692926
301.2,56,2411.780535
-47.9,49,2411.857798
76.1,55,2411.943678
-9.0,72,2412.058347
-64.3,23,2412.096108
-17.4,46,2412.167178
-69.5,58,2412.258834
332.7,70,2412.367608
291.8,77,2412.488239
-41.7,41,2412.554209
-3.6,50,2412.634625
317.2,57,2412.724649
287.2,48,2412.801884
282.2,79,2412.924452
-0.3,46,2414.992966
45.6,53,2415.079432
-5.1,36,2415.138849
305.5,77,2415.259842
307.2,56,2415.357939
313.8,89,2415.497485
-50.0,46,2415.569166
-91.5,47,2415.6442
290.8,69,2415.750647
303.2,61,2415.846265
-5.0,52,2415.931116
291.2,65,2416.045385
282.2,49,2416.167169
-53.2,53,2416.331506
-74.0,20,2416.393109
55.4,52,2416.53904
37.3,58,2416.707445
305.2,55,2416.863174
290.2,51,2417.025094
9.7,48,2417.113052
-35.4,48,2417.18954
55.0,57,2417.279222
-52.3,33,2417.35153
253.1,73,2417.485505
307.0,66,2417.594236
-23.4,51,2417.676473
319.2,60,2417.771613
93.9,56,2417.861933
274.6,71,2417.975024
287.2,72,2418.091218
-10.5,57,2418.181912
38.7,82,2418.424691
297.2,74,2418.549493
43.0,81,2418.678408
-80.2,54,2418.765265
-13.2,58,2418.85758
29.2,57,2421.039075
299.9,76,2421.165619
301.0,88,2421.3178
77.0,55,2421.403779
294.2,62,2421.50138
325.9,83,2421.668287
55.4,40,2421.757102
13.2,59,2421.896993
-26.2,53,2422.000989
332.2,77,2422.194067
318.7,58,2422.322932
-5.8,79,2422.445574
44.6,64,2422.55087
49.1,59,2422.655676
-14.6,56,2422.744551
22.3,80,2422.869388
287.2,55,2422.955062
282.2,51,2423.037661
-26.1,83,2423.168288
43.4,69,2423.276784
-91.4,59,2423.368703
-81.7,35,2423.42503
32.5,51,2423.505809
33.4,72,2423.627575
-3.2,52,2423.715883
63.6,101,2423.873638
39.9,62,2423.97062
-26.4,48,2424.050222
56.3,77,2424.170773
45.7,62,2424.268659
14.9,62,2424.36627
-62.8,62,2424.46327
-11.9,47,2426.593368
49.0,54,2426.699738
315.2,71,2426.818415
9.5,47,2426.893751
-50.5,45,2426.964853
287.2,61,2427.061734
39.4,50,2427.141297
38.2,63,2427.24159
46.8,51,2427.322935
44.9,69,2427.431071
-111.6,33,2427.486207
31.9,80,2427.612519
-12.2,50,2427.690851
305.7,56,2427.790713
47.5,64,2427.892533
0.6,39,2427.954684
22.7,55,2428.044055
297.2,61,2428.13909
47.2,63,2428.236894
306.0,71,2428.35568
-22.4,49,2428.432619
268.3,95,2428.583864
70.6,52,2428.665712
279.1,70,2428.77619
322.2,90,2428.922833
287.2,53,2429.009742
53.1,46,2429.088686
50.4,45,2429.166644
4.5,42,2429.236392
327.2,63,2429.335666
39.0,67,2429.443381
346.9,69,2429.550978
321.2,82,2429.681552
50.4,57,2429.772596
-35.2,37,2429.84042
275.8,54,2432.120326
-58.2,65,2432.270928
307.2,58,2432.39645
56.3,81,2432.559888
302.2,66,2432.714762
61.8,76,2432.874473
283.9,83,2433.009455
307.2,50,2433.093727
52.4,53,2433.179634
-53.4,48,2433.258253
315.3,73,2433.37486
298.5,73,2433.490547
13.6,53,2433.602066
36.2,79,2433.734209
305.8,77,2433.853379
307.2,56,2433.97019
-40.0,43,2434.063076
-47.1,34,2434.122982
294.2,78,2434.260425
-9.9,61,2434.391788
56.6,72,2434.530785
289.2,63,2434.631048
266.1,73,2434.746082
337.2,59,2434.839573
-59.7,37,2434.899538
312.9,65,2435.004639
310.5,79,2435.140251
17.4,48,2435.216134
-43.2,42,2435.283103
42.6,67,2435.390112
2.7,50,2435.468237
274.2,48,2435.543329
-0.7,38,2435.604296
258.5,73,2437.957011
23.0,78,2438.081765
266.8,65,2438.191678
-54.1,21,2438.22753
-41.8,49,2438.304706
55.7,58,2438.396136
-58.4,54,2438.482825
63.1,70,2438.593936
302.2,54,2438.680453
29.1,64,2438.783694
293.9,56,2438.872802
317.2,61,2438.968669
-78.2,58,2439.062002
275.7,81,2439.198802
6.1,51,2439.280138
56.1,46,2439.353595
-49.0,47,2439.427455
-40.7,60,2439.521488
277.8,78,2439.642063
-34.1,30,2439.690572
-74.7,46,2439.762126
78.4,67,2439.866421
55.3,61,2439.961668
-25.9,56,2440.05337
6.3,45,2440.124635
55.8,66,2440.231027
-1.4,66,2440.340957
325.3,78,2440.464979
276.2,50,2440.552333
-5.8,56,2440.673838
-83.3,34,2440.777082
10.6,78,2440.999945
30.2,65,2441.12387
-19.3,49,2441.201533
41.6,62,2441.30697
276.0,80,2444.396351
10.3,83,2444.546736
-56.5,39,2444.614046
63.7,59,2444.725016
-14.1,46,2444.808529
-11.2,63,2444.915112
312.2,90,2445.08229
85.3,64,2445.204918
-53.2,17,2445.237121
35.4,43,2445.31041
-26.6,25,2445.355666
-53.1,28,2445.409188
292.2,61,2445.523384
302.6,70,2445.648128
322.2,64,2445.76164
257.3,62,2445.862607
-60.1,43,2445.931458
64.4,51,2446.014223
297.2,73,2446.131564
-24.8,43,2446.200341
281.0,55,2446.287019
307.2,63,2446.385252
71.3,59,2446.483469
287.2,72,2446.596764
17.4,46,2446.670379
12.5,43,2446.73837
299.5,60,2446.831076
272.7,86,2446.97614
15.3,56,2447.080599
13.1,60,2447.192109
-86.2,45,2447.274593
304.5,88,2447.430908
296.9,54,2447.538234
78.4,65,2447.663887
309.4,62,2447.784554
312.2,45,2447.86107
326.0,71,2450.192075
-53.2,47,2450.279372
16.8,67,2450.406319
-103.1,32,2450.459727
31.2,47,2450.534992
306.7,65,2450.642422
309.1,82,2450.772503
-109.2,26,2450.815549
23.3,48,2450.890362
36.2,79,2451.015271
309.8,82,2451.144964
8.4,48,2451.221157
40.4,56,2451.309086
302.2,76,2451.428628
264.6,80,2451.553548
-68.8,45,2451.62387
310.5,66,2451.734892
298.2,92,2451.87823
307.2,81,2452.004616
63.6,70,2452.115564
267.6,61,2452.210881
-1.4,39,2452.273331
341.2,55,2452.359554
13.6,41,2452.423031
30.5,49,2452.501257
262.6,76,2452.61858
-5.6,54,2452.710996
46.1,56,2452.806115
-98.7,34,2452.865844
-6.4,37,2452.926605
50.4,62,2453.026347
-33.5,45,2453.100968
-52.0,47,2453.175787
26.3,64,2453.276499
-79.2,55,2453.363061
274.2,56,2453.451454
301.0,57,2455.651061
251.6,79,2455.792628
23.3,79,2455.920932
272.9,63,2456.02249
315.2,83,2456.154966
278.9,46,2456.228134
17.4,41,2456.293795
54.8,50,2456.371973
-41.6,22,2456.407379
321.0,63,2456.506829
-131.6,44,2456.578527
51.7,45,2456.651709
-71.5,53,2456.73526
287.5,66,2456.852933
-103.0,53,2456.941866
246.5,87,2457.095381
-58.4,42,2457.165519
71.1,69,2457.276462
44.8,72,2457.399282
292.2,61,2457.505423
-21.5,33,2457.566701
280.1,91,2457.724852
314.2,66,2457.836554
55.4,72,2457.954959
278.9,59,2458.053865
-50.5,49,2458.13745
-64.3,33,2458.196762
302.8,60,2458.298826
-93.7,65,2458.412156
-71.5,36,2458.475014
-7.9,56,2458.564518
302.2,65,2458.666656
293.3,78,2458.789346
41.6,67,2458.903241
-28.3,40,2458.967544
88.5,62,2461.947296
42.6,63,2462.082495
1.8,45,2462.226749
-2.4,66,2462.42364
332.2,55,2462.607534
219.6,83,2462.746904
297.2,61,2462.8439
248.1,60,2462.93842
307.2,45,2463.013146
285.0,82,2463.151246
-38.2,38,2463.211451
322.2,72,2463.323608
24.0,71,2463.446411
63.8,58,2463.538719
297.2,70,2463.647742
-137.8,60,2463.742524
307.2,54,2463.877978
297.2,63,2464.051198
317.2,62,2464.162839
292.2,58,2464.264252
-24.3,36,2464.322607
271.5,57,2464.413025
16.8,66,2464.516763
-61.6,68,2464.636173
24.7,43,2464.705052
62.4,46,2464.779076
-16.4,67,2464.883425
300.7,49,2464.961334
53.0,56,2465.053282
296.0,83,2465.186856
281.4,64,2465.30002
292.2,46,2465.380622
50.8,54,2465.46768
42.4,62,2465.564267
11.0,71,2467.933486
274.3,65,2468.037545
62.1,63,2468.13749
307.2,68,2468.243313
24.0,72,2468.363891
-59.0,53,2468.447661
60.6,68,2468.555686
307.2,67,2468.661541
352.2,55,2468.747773
294.8,72,2468.861054
-13.3,38,2468.92238
23.3,44,2468.992491
291.9,50,2469.072206
29.0,71,2469.185292
282.7,55,2469.271348
31.4,62,2469.384855
50.9,62,2469.498967
30.2,45,2469.587174
-17.6,69,2469.712598
-94.3,77,2469.839912
46.5,62,2469.937405
31.4,55,2470.026947
284.1,83,2470.168532
-97.7,41,2470.248194
315.2,58,2470.358985
-100.0,54,2470.456564
70.9,91,2470.624398
42.3,50,2470.712074
-27.4,42,2470.784531
-103.0,30,2470.834975
-22.6,38,2470.896972
-31.3,44,2470.972558
23.8,70,2471.095675
56.4,64,2471.211234
48.9,64,2471.329295
13.0,70,2473.655535
5.9,40,2473.725503
265.0,77,2473.856178
84.4,58,2473.955393
46.0,41,2474.029665
314.8,89,2474.171855
281.0,65,2474.27439
-18.6,54,2474.36176
287.7,62,2474.459025
65.4,54,2474.543858
302.2,57,2474.633863
299.2,63,2474.731543
286.0,56,2474.822208
52.7,84,2474.954223
58.6,63,2475.055684
272.3,74,2475.174556
45.3,60,2475.269332
278.2,71,2475.382271
73.3,48,2475.461536
-5.9,56,2475.551326
47.2,67,2475.66364
45.4,58,2475.757274
89.0,60,2475.854722
-50.8,57,2475.951048
311.2,66,2476.063968
45.2,65,2476.170214
-22.0,59,2476.263683
2.1,70,2476.390743
68.6,70,2476.504388
2.4,32,2476.55693
-13.7,46,2476.639235
80.2,51,2476.720474
-99.9,29,2476.767119
277.2,54,2476.850771
309.5,106,2479.088205
261.5,64,2479.190013
30.3,45,2479.261518
312.1,63,2479.360334
-20.2,66,2479.46333
317.2,58,2479.554667
316.0,81,2479.68115
307.1,85,2479.821391
296.0,62,2479.917447
293.5,64,2480.020397
19.7,46,2480.095293
-56.2,51,2480.177194
32.4,72,2480.289447
307.2,55,2480.376855
-100.0,75,2480.492572
332.9,66,2480.596146
297.2,49,2480.674799
10.6,43,2480.752633
302.2,45,2480.828319
-58.2,68,2480.932965
-98.2,34,2480.987885
-1.1,62,2481.087947
317.2,60,2481.18004
60.5,43,2481.248936
-55.5,31,2481.298069
-1.4,49,2481.374783
297.2,87,2481.510711
306.7,74,2481.625708
257.6,66,2481.729126
320.7,64,2481.844519
337.2,59,2481.938093
27.0,46,2482.012647
10.2,43,2482.082407
26.0,63,2482.180161
-10.9,78,2484.359985
65.0,51,2484.441735
-54.0,79,2484.562944
298.8,55,2484.650001
302.2,66,2484.758096
-76.5,26,2484.799874
300.7,77,2484.93202
80.7,70,2485.043075
-64.5,41,2485.109848
299.3,90,2485.250463
-6.4,31,2485.301889
-89.6,48,2485.379055
321.2,53,2485.46186
275.5,88,2485.600154
-3.9,34,2485.654561
292.2,57,2485.744519
299.6,65,2485.846251
-42.7,43,2485.915727
6.5,79,2486.052101
-48.3,50,2486.13061
-86.9,30,2486.177724
-63.5,41,2486.242372
47.9,90,2486.383911
297.2,53,2486.464708
-26.4,35,2486.520705
8.6,24,2486.558856
36.9,77,2486.680051
309.2,78,2486.80368
350.1,76,2486.922928
-5.6,58,2487.016448
292.2,52,2487.099649
30.5,58,2487.191992
-38.2,32,2487.243265
-8.3,57,2487.334749
5.6,37,2487.394277
312.2,65,2487.495248
-129.9,24,2487.534055
-63.2,45,2489.647645
-37.6,37,2489.709813
-47.5,41,2489.775389
78.3,68,2489.882381
60.4,56,2489.969445
317.2,61,2490.070428
18.8,41,2490.147378
-45.2,29,2490.19424
-87.5,66,2490.298717
-11.4,48,2490.376559
282.7,55,2490.463832
67.6,59,2490.557209
16.8,64,2490.661497
285.9,58,2490.752695
343.3,67,2490.858751
256.3,73,2490.972847
311.2,56,2491.065764
316.2,56,2491.153106
8.6,33,2491.206757
-11.4,46,2491.306893
272.6,60,2491.44659
151.0,54,2491.55876
67.6,65,2491.686459
288.5,60,2491.809674
73.9,66,2491.973137
313.4,61,2492.11661
-93.3,69,2492.233165
56.3,53,2492.317151
-23.8,63,2492.417035
17.5,61,2492.512537
-87.5,60,2492.608117
38.1,60,2492.703896
38.1,60,2492.800183
69.8,73,2492.914524
-19.2,59,2493.010236
-2.6,51,2493.092834
24.7,77,2495.274564
54.1,56,2495.363905
-27.8,51,2495.446241
276.6,63,2495.544317
-28.1,35,2495.600881
3.6,59,2495.693469
355.2,65,2495.794364
317.2,55,2495.880976
345.9,78,2496.003092
287.2,60,2496.099909
59.2,64,2496.201516
355.7,71,2496.318286
323.5,75,2496.437924
300.3,74,2496.554842
-95.8,45,2496.627876
38.5,69,2496.786503
-82.8,60,2497.017139
297.2,70,2497.176256
-38.2,16,2497.202761
-7.7,39,2497.264295
29.7,63,2497.372951
-0.7,49,2497.450155
302.2,65,2497.551573
322.2,76,2497.669823
332.2,71,2497.781338
300.9,68,2497.887564
-1.7,50,2497.96594
-38.2,55,2498.053363
312.2,46,2498.126302
-20.7,39,2498.188844
281.5,42,2498.254854
50.4,63,2498.354246
292.1,67,2498.470137
-6.5,51,2498.550665
50.6,57,2498.641852
-5.2,49,2500.740877
290.4,85,2500.877104
319.5,70,2500.985691
7.4,55,2501.075369
-60.6,38,2501.135683
283.6,75,2501.252807
6.2,60,2501.346857
301.2,70,2501.463632
302.2,56,2501.554586
-37.0,46,2501.628651
321.0,69,2501.735661
11.1,47,2501.809839
28.6,44,2501.87924
81.4,51,2501.960073
54.6,78,2502.084816
-1.9,66,2502.188129
-24.7,53,2502.271872
309.2,65,2502.372858
320.5,82,2502.505717
54.8,76,2502.631252
337.2,56,2502.719332
265.8,73,2502.834121
294.2,68,2502.939976
351.3,62,2503.039088
-78.2,63,2503.138779
6.8,76,2503.258493
265.5,71,2503.368006
56.9,74,2503.483595
287.2,77,2503.603721
5.3,58,2503.695429
276.8,63,2503.795561
-69.1,31,2503.846431
95.9,52,2503.92767
308.6,73,2506.099435
282.2,61,2506.193942
-43.0,47,2506.267938
-28.2,74,2506.382356
67.5,69,2506.489516
303.9,55,2506.575632
29.6,44,2506.651839
301.2,60,2506.750141
-7.7,47,2506.824711
-55.7,43,2506.892155
-12.9,50,2506.969221
282.2,62,2507.069966
40.4,70,2507.178735
305.7,98,2507.331624
32.3,43,2507.399684
8.1,43,2507.468865
-84.8,38,2507.527133
-59.4,49,2507.603996
94.5,67,2507.709103
282.0,74,2507.82486
277.0,67,2507.929732
-60.8,27,2507.974123
278.5,63,2508.076807
57.4,59,2508.169959
46.2,70,2508.279742
297.2,49,2508.357667
37.0,54,2508.442323
46.9,83,2508.57219
-38.5,39,2508.633993
-4.7,77,2508.762
302.2,58,2508.852073
285.2,57,2508.941966
31.5,53,2509.028966
-51.7,56,2509.118557
309.1,74,2509.234114
47.2,73,2511.414273
276.2,68,2511.521329
65.4,62,2511.617082
-34.5,60,2511.711221
29.3,63,2511.810955
-97.0,51,2511.892663
45.4,48,2511.969079
29.0,71,2512.084374
43.1,75,2512.201681
41.9,70,2512.311497
34.4,64,2512.412083
27.1,48,2512.488219
351.2,69,2512.596832
287.2,55,2512.684296
23.9,65,2512.787009
-63.7,54,2512.879529
287.2,71,2512.990313
-3.6,44,2513.064427
-14.3,34,2513.119363
58.1,63,2513.216965
-4.5,61,2513.312823
307.2,86,2513.447464
35.1,70,2513.556163
279.9,51,2513.637005
298.2,58,2513.729054
294.0,62,2513.826694
284.8,62,2513.936282
-95.1,78,2514.060997
43.0,59,2514.155089
-41.8,65,2514.25688
6.7,55,2514.344024
42.6,59,2514.437714
-54.3,59,2514.531299
-23.9,58,2516.677758
-93.9,46,2516.753822
23.8,71,2516.869594
-39.8,66,2516.973936
-47.2,53,2517.067899
45.4,80,2517.194211
16.0,57,2517.28444
292.2,62,2517.382107
57.6,59,2517.47561
290.8,76,2517.593943
0.1,64,2517.695977
300.7,63,2517.795135
-35.3,57,2517.887497
-6.3,35,2517.944273
10.5,52,2518.042205
29.5,45,2518.117196
307.2,62,2518.214594
286.2,73,2518.328071
345.7,56,2518.418327
362.2,72,2518.531679
61.2,64,2518.632832
30.8,52,2518.716307
316.8,72,2518.829319
291.0,58,2518.9213
270.8,76,2519.043009
327.2,67,2519.163745
-12.8,49,2519.242912
-136.2,48,2519.318916
59.6,54,2519.405069
-116.4,30,2519.452879
-29.4,35,2519.508186
54.8,66,2519.611717
-92.2,52,2519.693354
42.9,70,2519.804183
307.2,60,2519.899405
327.6,75,2522.067626
337.2,66,2522.180703
327.2,71,2522.290675
-80.5,52,2522.373441
-16.0,51,2522.454457
44.4,62,2522.551534
312.9,74,2522.668445
-26.0,47,2522.743801
297.2,70,2522.857364
74.3,61,2522.952012
38.7,49,2523.033253
-23.2,36,2523.092871
46.2,79,2523.229206
-5.3,55,2523.316975
37.1,57,2523.40793
242.4,61,2523.504058
302.2,54,2523.589743
27.1,48,2523.667379
317.2,61,2523.764405
28.4,61,2523.861606
44.8,76,2523.980855
264.1,73,2524.099519
272.4,62,2524.196506
7.4,64,2524.297555
-28.0,45,2524.369296
316.2,60,2524.464232
23.6,67,2524.569972
-31.7,58,2524.661714
49.9,73,2524.777024
35.9,61,2524.872923
16.8,85,2525.010941
276.0,61,2525.110742
52.2,60,2525.206282
291.2,68,2527.430069
297.2,63,2527.530699
282.2,64,2527.629558
333.3,80,2527.75577
279.7,84,2527.887848
-59.6,46,2527.960749
91.9,78,2528.085794
51.8,71,2528.198652
270.8,69,2528.307465
317.2,60,2528.402831
-61.7,40,2528.468276
90.8,69,2528.577964
304.0,68,2528.683796
-36.3,56,2528.773946
-30.8,46,2528.848174
-18.8,73,2528.963619
279.2,68,2529.072488
305.7,53,2529.157991
312.2,60,2529.251343
-6.4,35,2529.30805
-58.2,19,2529.337964
320.2,67,2529.450604
20.9,63,2529.549776
272.2,49,2529.627919
275.2,55,2529.716193
332.2,74,2529.831652
-50.8,28,2529.878391
-21.8,38,2529.939678
290.7,55,2530.028661
61.0,59,2530.123847
2.4,84,2530.257367
277.4,72,2530.36922
35.7,67,2530.490702
-44.9,45,2530.562992
-15.6,49,2530.640895
-97.8,29,2533.060323
67.4,64,2533.163514
-22.9,45,2533.234429
259.3,76,2533.354629
40.4,43,2533.421419
41.9,71,2533.531954
309.5,62,2533.635024
-54.4,63,2533.73544
-18.9,60,2533.830286
25.6,43,2533.898302
5.6,54,2533.982706
60.8,60,2534.079013
260.3,77,2534.202397
347.2,98,2534.354342
-47.9,28,2534.398393
40.0,97,2534.547787
298.8,66,2534.663657
279.0,58,2534.755432
-26.4,47,2534.831178
282.2,44,2534.900455
21.4,57,2534.989834
-18.7,42,2535.05808
64.2,48,2535.136651
22.1,54,2535.222143
312.2,53,2535.308408
282.2,59,2535.402206
317.2,64,2535.501943
-30.2,51,2535.582553
46.7,50,2535.67382
-44.4,24,2535.714049
66.6,38,2535.774996
272.2,53,2535.858095
-89.9,41,2535.922466
33.5,75,2536.04091
263.9,78,2536.162625
-11.4,51,2536.24414
270.1,59,2538.386609
35.4,47,2538.465141
-48.2,50,2538.543503
351.2,59,2538.637402
-81.8,57,2538.736591
269.2,60,2538.831925
309.0,55,2538.917803
332.2,62,2539.016016
17.2,60,2539.112332
-58.2,27,2539.156019
-29.3,53,2539.239574
287.8,65,2539.342876
30.7,77,2539.463595
-6.4,55,2539.551218
12.5,44,2539.620927
-62.4,24,2539.659069
275.2,75,2539.783256
50.0,77,2539.909418
79.3,69,2540.018677
-8.6,84,2540.153156
62.0,73,2540.267325
16.6,73,2540.38244
-51.9,20,2540.415248
0.4,66,2540.51807
48.9,43,2540.58595
-48.2,49,2540.662542
49.0,63,2540.761169
279.1,71,2540.87285
261.7,76,2540.991412
-11.3,52,2541.075399
81.0,72,2541.189778
317.2,69,2541.297312
46.0,88,2541.434387
267.3,51,2541.51383
312.2,66,2543.678755
260.2,57,2543.770665
102.6,60,2543.864209
-32.8,48,2543.951381
289.8,68,2544.060574
308.7,64,2544.162545
323.2,69,2544.269928
61.8,51,2544.350998
-15.3,56,2544.439466
296.2,54,2544.525069
302.1,72,2544.637343
262.4,69,2544.748924
317.2,48,2544.825465
45.8,76,2544.943744
286.7,82,2545.074024
-114.0,49,2545.152086
285.1,72,2545.265326
352.2,63,2545.364678
19.1,52,2545.448723
283.0,49,2545.525506
-6.9,46,2545.598653
-49.7,24,2545.637488
327.2,62,2545.734019
-21.3,53,2545.817812
55.2,75,2545.936526
75.4,42,2546.009099
-45.4,42,2546.077648
32.4,38,2546.139319
-25.9,54,2546.224247
30.7,53,2546.307725
303.9,60,2546.401491
292.2,72,2546.514543
-0.7,61,2546.610123
265.5,66,2546.714495
305.1,63,2546.814352
302.2,46,2546.886009
-51.4,48,2549.512437
55.9,61,2549.64027
25.3,77,2549.772239
268.4,70,2549.881654
-8.7,81,2550.009742
-60.3,45,2550.08946
317.6,68,2550.212704
-64.7,61,2550.315673
327.2,71,2550.43054
49.3,69,2550.545328
2.0,57,2550.67017
357.2,69,2550.889014
13.8,38,2550.966182
-91.6,65,2551.081075
31.3,50,2551.170475
37.6,67,2551.30241
-24.2,46,2551.379615
-95.9,35,2551.436615
311.3,69,2551.548529
20.3,50,2551.644391
60.4,43,2551.738017
16.7,57,2551.847106
37.1,79,2551.998755
303.2,75,2552.148201
-9.7,78,2552.280698
280.1,66,2552.402929
-11.4,37,2552.469495
44.1,56,2552.559969
44.3,79,2552.709612
70.0,67,2552.834984
273.0,60,2552.940084
331.2,46,2553.023622
281.1,62,2553.140766
-58.4,44,2553.22888
0.6,96,2555.60025
40.2,68,2555.707997
28.0,61,2555.827428
342.2,80,2556.012141
-103.0,43,2556.094588
-50.2,47,2556.177618
10.5,74,2556.30971
265.6,59,2556.412329
-1.1,70,2556.529686
252.9,53,2556.614095
57.4,43,2556.685657
-20.6,58,2556.786843
72.2,59,2556.878453
305.5,77,2557.000439
282.2,44,2557.072753
-1.0,49,2557.152577
20.5,49,2557.228735
272.2,44,2557.298412
66.3,57,2557.389647
55.5,64,2557.488306
10.7,73,2557.603917
-19.9,80,2557.733095
288.2,57,2557.823174
12.6,44,2557.89413
282.2,45,2557.967135
-62.9,24,2558.006637
272.5,57,2558.098222
290.5,58,2558.192559
16.2,69,2558.303079
-0.6,43,2558.373775
282.2,52,2558.462159
-44.8,57,2558.553052
19.0,55,2558.641536
319.2,66,2558.747187
296.2,44,2558.817946
297.2,46,2558.891659
320.7,54,2561.071528
35.6,67,2561.181359
-74.3,44,2561.25044
287.5,65,2561.352777
292.8,83,2561.481225
44.9,85,2561.614255
-40.5,56,2561.700773
-36.5,75,2561.819038
50.4,40,2561.883533
267.7,73,2561.998763
-24.8,44,2562.069555
306.2,57,2562.160657
55.2,80,2562.284711
312.2,55,2562.371088
60.4,58,2562.462824
67.2,68,2562.568704
54.3,46,2562.650069
-65.8,76,2562.770683
0.0,48,2562.847175
48.2,75,2562.964741
293.5,61,2563.06181
27.2,73,2563.17894
-14.5,63,2563.277442
307.2,48,2563.353292
-26.1,63,2563.452957
-37.1,67,2563.559933
310.7,71,2563.679269
277.6,81,2563.813293
345.2,60,2563.909522
-107.7,50,2563.992797
-36.8,27,2564.039394
297.2,63,2564.140921
-26.7,42,2564.212196
302.2,64,2566.996895
-28.9,47,2567.072851
-39.4,52,2567.158084
50.4,79,2567.281671
44.2,55,2567.371516
279.8,55,2567.459425
37.2,66,2567.563306
307.2,62,2567.661057
-14.5,42,2567.728413
23.3,79,2567.866236
309.2,58,2567.956869
298.1,76,2568.077158
5.7,49,2568.158188
282.2,43,2568.226624
85.8,74,2568.344275
306.2,55,2568.430336
295.8,61,2568.527084
317.2,68,2568.634268
-33.8,35,2568.690736
-44.0,43,2568.761376
-67.2,30,2568.809334
-15.4,52,2568.902033
-39.3,73,2569.015552
262.6,58,2569.107198
-19.0,48,2569.18459
41.8,53,2569.268406
-48.6,37,2569.327937
327.2,58,2569.418858
24.4,60,2569.513103
289.3,56,2569.600976
13.1,74,2569.717304
-22.1,39,2569.780359
-52.5,49,2569.858209
315.7,51,2569.937939
302.2,60,2570.031384
297.2,84,2570.164853
270.8,70,2572.337829
-28.4,67,2572.443402
303.2,52,2572.52495
17.5,77,2572.644828
7.5,67,2572.766551
247.2,66,2572.953861
265.0,72,2573.08426
-12.4,69,2573.198095
289.7,58,2573.289593
-63.8,47,2573.36939
229.9,81,2573.503857
1.1,72,2573.669505
260.0,80,2573.888572
-20.5,70,2574.080542
17.4,62,2574.224954
296.2,49,2574.389848
76.5,63,2574.566559
280.6,66,2574.680829
40.9,84,2574.81471
281.0,57,2574.904965
-7.4,54,2574.99486
-76.9,44,2575.075956
292.5,70,2575.188791
56.3,58,2575.292593
-32.8,15,2575.323581
-7.7,59,2575.424106
15.0,66,2575.528921
236.8,74,2575.646997
347.2,63,2575.757171
-15.0,64,2575.868953
-80.2,53,2575.954405
306.4,70,2576.071935
-67.4,47,2576.161395
30.2,70,2579.270043
-29.6,45,2579.491755
11.9,54,2579.625663
-100.0,52,2579.726454
-38.6,62,2579.824719
-106.7,24,2579.863802
332.2,50,2579.941215
271.9,66,2580.046409
82.5,91,2580.20027
-49.5,48,2580.284391
95.9,56,2580.373358
-11.3,57,2580.464147
-53.2,35,2580.519658
3.5,56,2580.608873
303.9,67,2580.72311
60.4,83,2580.856586
307.2,55,2580.941968
317.2,66,2581.046298
-16.4,25,2581.086001
66.7,44,2581.15681
45.0,85,2581.292444
-51.6,53,2581.392576
37.4,53,2581.491321
-55.7,53,2581.586159
312.8,71,2581.69875
284.0,65,2581.80236
-96.5,19,2581.834925
23.6,46,2581.906754
-6.5,61,2582.013909
282.2,59,2582.110302
337.2,47,2582.185205
271.9,52,2582.28062
-16.3,49,2582.358438
287.2,61,2582.458307
-44.9,49,2582.537411
33.0,48,2582.615368
-83.3,45,2582.688368
-15.8,83,2585.020594
-38.5,71,2585.145336
305.2,47,2585.223609
-43.2,32,2585.275519
-36.1,72,2585.390657
292.7,74,2585.516506
21.4,58,2585.609342
-2.3,52,2585.692134
253.3,60,2585.800159
41.2,53,2585.884563
45.4,42,2585.956683
284.3,62,2586.07304
327.9,65,2586.19639
2.7,59,2586.291529
-48.9,27,2586.351774
69.6,76,2586.474208
-11.4,44,2586.54531
312.6,67,2586.661
307.2,60,2586.75654
266.8,58,2586.848069
-7.2,61,2586.957136
36.6,62,2587.057595
307.2,81,2587.206325
280.6,66,2587.310395
-21.5,37,2587.369447
-72.4,38,2587.430618
-6.4,44,2587.501448
71.6,63,2587.605324
-39.1,31,2587.654892
84.1,72,2587.771297
287.3,74,2587.892177
23.7,61,2587.989091
285.2,61,2588.086134
-5.8,79,2588.210914
-112.3,32,2588.262377
271.7,89,2590.671502
312.2,51,2590.765347
21.0,69,2590.874464
-16.7,64,2590.974626
263.9,86,2591.125506
19.8,69,2591.236488
332.3,74,2591.360395
-86.2,54,2591.458034
292.2,72,2591.56999
-6.0,54,2591.655808
24.3,42,2591.735499
65.4,82,2591.866633
-62.4,69,2591.976952
299.2,73,2592.097296
289.2,71,2592.209818
-3.0,73,2592.324919
16.5,77,2592.444978
146.0,87,2592.590112
31.0,52,2592.672976
-75.7,59,2592.777154
299.8,69,2592.88562
-72.4,46,2592.957793
-8.1,57,2593.049233
106.0,53,2593.133008
287.2,59,2593.233963
286.5,65,2593.335979
-8.0,34,2593.389972
287.3,66,2593.493232
36.1,39,2593.555486
5.4,46,2593.629969
347.2,61,2593.725694
41.6,51,2593.826216
-32.1,61,2593.921467
280.2,55,2596.235124
312.2,67,2596.359625
-52.4,57,2596.451741
312.2,64,2596.554792
251.8,66,2596.678362
39.7,64,2596.780742
80.0,76,2596.922871
332.2,63,2597.027526
8.6,84,2597.182532
39.3,56,2597.284616
76.3,54,2597.386751
337.2,91,2597.563298
312.1,68,2597.676362
18.8,52,2597.759723
91.0,57,2597.865897
314.3,60,2597.977172
30.2,55,2598.067911
337.2,41,2598.15505
22.7,77,2598.292049
18.9,47,2598.367472
312.2,59,2598.463787
325.7,53,2598.560156
48.6,53,2598.647797
361.0,83,2598.780103
294.1,71,2598.891093
15.0,64,2598.991874
-25.4,44,2599.063908
301.2,90,2599.215144
70.3,69,2599.322575
51.3,86,2599.47788
281.2,55,2599.564881
-7.5,56,2599.671731
-112.9,29,2599.720665
35.2,67,2602.135883
285.8,85,2602.278674
297.2,69,2602.404075
279.4,72,2602.535782
0.4,79,2602.67236
-49.9,55,2602.765229
-4.4,43,2602.84797
-15.7,70,2602.958649
332.2,67,2603.066265
-1.5,47,2603.156276
-31.0,68,2603.26593
40.4,43,2603.335332
99.2,53,2603.419668
-13.2,59,2603.519813
-5.5,47,2603.60627
-12.1,56,2603.696776
284.8,62,2603.793258
281.9,64,2603.893469
296.0,62,2604.023373
-131.9,47,2604.098984
-14.5,61,2604.204362
31.9,67,2604.32743
-75.5,49,2604.407491
-14.0,45,2604.49352
52.0,64,2604.59887
23.6,50,2604.686979
311.2,61,2604.787356
11.0,74,2604.916896
55.4,42,2604.985085
44.4,58,2605.087692
282.2,45,2605.165891
312.1,68,2605.283219
121.0,65,2605.404852
287.2,54,2605.490384
305.1,71,2607.833922
194.3,100,2608.006758
48.4,63,2608.125368
-42.5,60,2608.222616
327.2,75,2608.364966
292.2,44,2608.436625
-38.8,74,2608.551453
-32.4,63,2608.668437
-15.9,42,2608.736044
-2.9,62,2608.834423
72.3,72,2608.946367
51.5,66,2609.068722
-47.0,36,2609.12917
239.0,72,2609.255565
292.2,55,2609.354347
39.2,65,2609.4739
288.6,55,2609.561802
332.2,93,2609.748116
320.7,69,2609.864039
50.9,59,2609.969041
-70.2,37,2610.03027
18.9,40,2610.108406
337.2,53,2610.192857
-27.0,40,2610.258019
64.7,44,2610.345599
11.7,47,2610.438805
21.4,59,2610.545046
316.0,59,2610.640637
43.1,50,2610.7205
287.2,53,2610.805723
37.1,68,2610.913114
-32.1,61,2611.009278
-6.4,54,2611.095524
13.3,56,2611.210598
-43.2,19,2611.242947
70.4,52,2611.325358
293.7,67,2613.706408
33.7,70,2613.820295
279.2,66,2613.94266
-52.2,40,2614.00703
304.7,62,2614.125262
48.9,62,2614.228573
-12.3,72,2614.356624
297.5,73,2614.493379
292.2,75,2614.62829
24.0,51,2614.714
347.2,63,2614.827315
288.9,99,2614.985448
48.8,54,2615.073195
-79.7,47,2615.148308
317.2,66,2615.255211
263.6,65,2615.364225
-43.1,50,2615.454649
38.0,56,2615.638735
319.2,61,2615.813594
282.2,49,2615.983878
37.8,72,2616.339356
296.3,57,2616.534235
42.1,68,2616.751873
30.0,50,2616.864907
20.8,49,2616.965668
-52.6,43,2617.06036
313.2,68,2617.279563
18.7,74,2617.50182
-42.7,59,2617.686067
297.2,63,2617.805655
34.3,85,2617.946542
282.2,55,2618.042305
322.2,78,2618.187954
302.6,67,2621.158981
60.4,38,2621.270873
47.9,76,2621.56101
304.6,64,2621.790693
27.6,74,2622.064471
-55.6,46,2622.189248
337.2,55,2622.309055
-113.8,10,2622.331169
-77.4,47,2622.433989
-25.5,60,2622.633188
-28.2,12,2622.677956
30.5,60,2622.821786
65.4,55,2623.016878
-56.7,79,2623.31075
280.3,91,2623.527953
-16.6,45,2623.613817
-107.9,48,2623.730831
-59.6,60,2623.931766
342.2,63,2624.071207
342.7,73,2624.322197
73.7,88,2624.561329
21.8,41,2624.653465
45.4,54,2624.771333
372.2,65,2624.963579
-67.1,28,2625.037631
-13.9,80,2625.199264
306.0,66,2625.408023
353.3,74,2625.595694
59.9,79,2625.768018
17.1,49,2625.872818
302.2,65,2626.001127
66.1,69,2626.158958
68.7,67,2626.411815
327.2,64,2626.618684
287.9,64,2630.085175
327.7,74,2630.208694
65.4,51,2630.292379
-104.3,44,2630.366189
297.2,77,2630.492688
51.2,70,2630.614728
265.2,64,2630.719059
272.2,60,2630.81614
-20.2,60,2630.936297
66.0,66,2631.166749
55.8,66,2631.279662
276.0,51,2631.363191
282.2,41,2631.450178
287.2,54,2631.630532
-30.1,56,2631.831263
41.3,56,2631.927691
-32.8,57,2632.019065
32.8,46,2632.095554
54.6,60,2632.217189
332.2,57,2632.419545
32.1,70,2632.574448
324.4,62,2632.672518
39.0,83,2632.807605
30.4,31,2632.857881
76.7,91,2633.001506
305.0,72,2633.11779
277.2,45,2633.190243
-11.4,59,2633.283767
297.2,63,2633.383555
-72.8,64,2633.483986
283.9,92,2633.631402
1.5,57,2633.727845
275.2,52,2633.811977
24.7,43,2633.88131
279.9,70,2636.096185
46.1,52,2636.183717
56.0,64,2636.28522
278.0,71,2636.397906
298.1,69,2636.507905
277.3,71,2636.621501
4.1,55,2636.709263
13.3,65,2636.815457
-44.0,62,2636.9145
-85.2,48,2636.99297
36.5,60,2637.093142
-24.1,35,2637.151094
-5.0,60,2637.249291
309.4,65,2637.352077
316.0,71,2637.466887
54.2,74,2637.585616
-119.8,50,2637.66725
-6.8,38,2637.73001
302.2,59,2637.824158
-101.8,24,2637.862795
-10.1,56,2637.95852
14.3,44,2638.030669
10.4,79,2638.15993
76.0,56,2638.250031
-4.4,64,2638.352964
-53.2,17,2638.381849
56.8,59,2638.476196
-58.6,39,2638.541455
100.4,47,2638.617693
298.3,76,2638.738066
-40.0,56,2638.828547
0.8,97,2638.993315
293.8,84,2639.129413
-40.4,59,2639.225442
281.3,48,2639.302545
50.3,77,2641.494233
310.2,58,2641.587509
13.7,83,2641.717331
322.2,53,2641.801526
282.2,43,2641.870219
3.8,51,2641.951522
-68.3,20,2641.984573
35.4,55,2642.080506
64.5,58,2642.175992
289.1,79,2642.307184
64.1,73,2642.42234
52.7,81,2642.550987
3.4,42,2642.619747
298.9,50,2642.69988
16.1,62,2642.7992
289.5,62,2642.898524
-96.9,82,2643.028088
-77.9,58,2643.130977
255.1,67,2643.239255
12.9,51,2643.320411
-2.9,49,2643.399046
45.7,56,2643.487925
-49.8,39,2643.550431
-34.8,41,2643.615837
-109.9,53,2643.697415
294.3,79,2643.821862
-58.7,41,2643.888552
312.2,63,2643.987752
267.6,91,2644.149774
49.6,56,2644.239653
303.2,48,2644.317163
-34.3,28,2644.362992
42.8,45,2644.435105
262.0,62,2644.536141
97.5,69,2644.646614
-1.4,79,2646.855227
-33.6,52,2646.937407
-22.7,44,2647.007124
10.3,46,2647.082058
28.9,56,2647.175662
-120.0,68,2647.292142
302.2,58,2647.383393
35.4,38,2647.445233
-11.4,33,2647.496772
299.2,104,2647.657348
-30.7,32,2647.708333
27.1,51,2647.789114
-3.8,62,2647.884981
-118.6,46,2647.962841
299.4,65,2648.174936
272.1,80,2648.357023
306.3,78,2648.507768
297.2,67,2648.662736
35.4,53,2648.788911
311.0,80,2649.054639
-41.8,25,2649.124663
52.0,49,2649.246467
-12.3,69,2649.363684
39.3,60,2649.477566
27.7,76,2649.607139
307.4,73,2649.721337
-21.9,48,2649.800871
-80.5,51,2649.89956
-39.2,52,2649.995259
-14.9,70,2650.109237
324.5,72,2650.233749
287.2,68,2650.346722
307.2,52,2650.439435
60.1,71,2650.557872
-57.9,21,2650.592445
305.7,73,2652.797497
-3.0,53,2652.883234
287.2,63,2652.981076
302.2,59,2653.075743
-59.7,42,2653.142957
-16.3,39,2653.207578
254.2,68,2653.314104
-84.6,32,2653.366071
-8.2,50,2653.445718
269.7,80,2653.570922
8.6,44,2653.641395
45.3,72,2653.754588
26.7,57,2653.843752
51.6,63,2653.94319
-24.8,44,2654.013918
238.0,88,2654.154462
357.2,47,2654.230488
282.2,53,2654.314116
10.1,47,2654.38814
99.4,91,2654.536619
-39.0,62,2654.63416
309.2,48,2654.710943
-46.4,64,2654.813161
60.3,74,2654.929343
299.9,58,2655.020973
295.0,61,2655.119085
286.2,55,2655.206648
22.4,52,2655.290262
289.2,71,2655.401806
-34.9,59,2655.498843
313.2,55,2655.592557
312.2,103,2655.752144
-120.0,46,2655.824052
280.0,65,2655.925497
24.5,63,2656.023769
57.6,53,2658.15465
-97.9,37,2658.214067
-30.5,38,2658.273723
13.7,67,2658.379275
-125.4,55,2658.464936
287.1,90,2658.607651
276.7,88,2658.751815
-11.8,44,2658.821239
317.2,74,2658.937276
-49.3,28,2658.981663
-12.1,39,2659.04264
70.3,63,2659.144214
21.9,56,2659.232534
6.3,76,2659.352308
-53.2,20,2659.385833
65.9,73,2659.499117
-39.6,53,2659.623512
317.2,56,2659.77226
10.0,49,2659.877459
16.2,42,2659.97166
-4.6,44,2660.086116
346.2,50,2660.210379
326.2,78,2660.443715
-66.3,44,2660.593128
254.8,48,2660.753411
317.2,67,2660.867185
295.4,75,2660.999176
-49.9,26,2661.045195
288.3,69,2661.173609
283.3,71,2661.298032
13.2,74,2661.419563
-60.8,44,2661.490295
284.0,62,2661.589628
307.2,69,2661.696581
322.2,74,2661.81763
-59.4,61,2664.210506
48.8,68,2664.322349
297.9,57,2664.412285
-53.4,41,2664.489948
347.2,53,2664.579047
-6.5,50,2664.65837
-15.3,67,2664.763961
-25.4,66,2664.86883
0.6,53,2664.967825
-37.7,17,2664.998023
76.4,54,2665.084523
-94.4,52,2665.171506
109.2,58,2665.263023
75.3,51,2665.377014
-57.3,37,2665.479464
322.2,56,2665.629709
-1.4,37,2665.727423
66.8,80,2665.873211
287.2,40,2665.936752
-25.9,56,2666.026718
307.2,53,2666.111624
75.3,49,2666.192709
266.8,59,2666.28605
312.2,68,2666.392472
83.6,73,2666.508296
-37.0,58,2666.602608
-23.6,63,2666.702738
298.9,54,2666.789186
250.4,100,2666.946244
283.9,62,2667.050751
15.2,59,2667.145447
259.9,54,2667.231582
58.6,84,2667.366231
91.2,85,2667.502878
-47.9,43,2667.569913
274.5,54,2667.655288
313.3,66,2669.898144
313.6,62,2669.995958
297.2,73,2670.114927
302.2,54,2670.202214
-26.3,43,2670.270534
49.3,59,2670.365996
11.9,45,2670.438982
29.0,50,2670.520321
291.2,67,2670.624811
0.0,51,2670.706027
-113.6,58,2670.799791
308.7,58,2670.894195
-10.0,47,2670.974856
-73.7,47,2671.052552
-41.5,56,2671.149627
322.2,55,2671.241168
-30.1,63,2671.341829
322.2,42,2671.408289
-54.9,45,2671.479787
277.1,79,2671.612273
-2.8,71,2671.745393
5.5,59,2671.841624
262.7,69,2671.950746
30.4,68,2672.057053
23.9,68,2672.17538
-13.8,77,2672.307291
297.2,75,2672.423246
-137.6,32,2672.475244
35.2,54,2672.563209
280.6,86,2672.69871
19.5,79,2672.824716
300.6,76,2672.948988
-45.0,44,2673.019615
52.1,72,2673.134716
31.0,52,2675.443638
-15.0,51,2675.533776
69.4,48,2675.622116
299.8,69,2675.733026
312.2,53,2675.818073
-3.8,62,2675.919562
59.5,74,2676.037617
-12.0,65,2676.147689
301.7,90,2676.290423
255.3,67,2676.410769
342.2,63,2676.516677
302.2,58,2676.62114
-29.7,63,2676.722959
297.2,54,2676.808827
-4.4,53,2676.895244
14.1,33,2676.949862
306.2,68,2677.058162
-89.9,32,2677.111444
68.4,57,2677.20344
-100.0,47,2677.275746
35.6,86,2677.418429
52.5,56,2677.512792
302.2,73,2677.627646
-11.3,85,2677.763869
303.9,73,2677.876531
11.1,66,2677.980428
328.6,69,2678.091045
262.6,73,2678.206857
-57.8,33,2678.261111
-0.6,37,2678.318869
-41.8,35,2678.375908
-16.0,56,2678.464504
303.2,64,2678.563706
51.8,58,2678.655731
35.4,75,2681.132422
13.9,54,2681.219908
117.3,58,2681.33016
-38.9,60,2681.488651
312.3,71,2681.690728
-3.2,48,2681.770955
-16.6,65,2681.881938
-28.9,31,2681.938027
327.2,58,2682.049799
292.2,65,2682.155773
315.1,72,2682.294899
-69.3,24,2682.343742
335.6,68,2682.484595
305.2,84,2682.616711
-93.9,43,2682.684534
-1.9,63,2682.789531
-11.0,46,2682.863293
25.7,56,2682.976077
275.2,60,2683.100466
292.8,53,2683.215717
19.8,46,2683.300727
19.3,53,2683.392153
-17.0,78,2683.51513
44.4,56,2683.619695
4.9,44,2683.702693
282.2,44,2683.780559
11.1,78,2683.91425
309.2,50,2683.992361
-54.3,62,2684.092278
67.8,67,2684.201959
36.9,57,2684.292921
317.2,92,2684.437027
-6.4,64,2684.53508
-59.2,43,2684.604321
302.0,75,2684.734438
277.2,69,2686.986727
12.6,94,2687.137271
-38.0,47,2687.212963
325.0,73,2687.327066
329.2,71,2687.438545
-60.0,54,2687.524868
46.7,59,2687.618196
75.4,39,2687.681225
320.7,54,2687.766913
302.2,57,2687.861557
50.4,78,2687.984528
-78.1,60,2688.080865
302.2,55,2688.168042
287.2,69,2688.278933
-67.6,35,2688.336836
297.2,63,2688.437234
292.2,77,2688.557054
8.3,52,2688.641523
282.2,54,2688.726769
295.0,90,2688.882337
-28.9,28,2688.927198
27.7,57,2689.016325
-44.1,60,2689.114071
286.8,69,2689.225519
-74.7,43,2689.294823
-5.9,89,2689.435347
290.2,57,2689.525033
-24.0,64,2689.625747
296.1,96,2689.777712
14.5,46,2689.850754
60.1,56,2689.953857
65.4,51,2690.034524
270.2,59,2690.129187
-51.3,34,2690.185731
247.1,70,2692.412508
331.2,79,2692.536374
55.4,54,2692.621673
287.2,55,2692.708912
308.1,80,2692.833668
-31.0,68,2692.940213
297.9,56,2693.040256
-43.9,57,2693.133174
41.8,66,2693.242225
-7.9,29,2693.295639
-100.5,41,2693.363401
-100.2,42,2693.430176
50.4,56,2693.520771
-56.9,49,2693.601043
-52.4,49,2693.683042
324.7,57,2693.776613
75.4,59,2693.870307
11.3,62,2693.97165
-24.2,70,2694.105541
-8.0,41,2694.173115
303.1,60,2694.267517
322.2,61,2694.362539
34.5,78,2694.485117
280.3,52,2694.566696
21.6,45,2694.638949
287.2,40,2694.702952
318.5,65,2694.809922
260.7,67,2694.915241
276.8,70,2695.025054
302.2,47,2695.100703
54.6,56,2695.189491
57.7,74,2695.307324
312.6,60,2695.403306
-69.9,29,2695.451656
285.7,77,2695.572193
55.6,70,2697.836409
55.4,53,2697.92244
276.7,64,2698.022339
-53.2,37,2698.084311
-110.6,48,2698.162941
-117.7,85,2698.315444
16.7,42,2698.381122
-16.5,57,2698.471313
-77.9,59,2698.561794
7.3,59,2698.662565
264.3,74,2698.780836
-107.2,70,2698.89102
-43.0,56,2698.98502
-42.6,31,2699.037975
305.2,62,2699.139156
16.8,52,2699.223281
1.7,54,2699.310656
19.5,47,2699.385335
71.1,52,2699.46928
-26.8,44,2699.538331
48.2,56,2699.627546
44.5,73,2699.740829
315.7,57,2699.830282
42.8,68,2699.937907
352.2,52,2700.019844
285.8,58,2700.115307
281.5,73,2700.232236
-56.1,28,2700.286116
18.6,27,2700.330005
271.8,56,2700.420805
307.2,55,2700.508488
17.6,52,2700.595265
302.2,65,2700.698335
2.4,50,2700.780545
25.8,55,2700.86968
268.2,74,2700.991707
272.8,80,2701.130394
-150.1,55,2703.685679
327.2,56,2703.781856
6.4,53,2703.914673
347.2,62,2704.051954
-13.2,54,2704.140397
-8.8,40,2704.209877
-21.8,68,2704.320705
64.2,71,2704.432622
-81.9,43,2704.505973
297.2,57,2704.598449
39.5,96,2704.749899
-59.3,43,2704.818577
-59.7,59,2704.912201
-7.9,53,2704.993874
268.9,75,2705.11419
51.0,70,2705.225903
317.2,71,2705.338345
33.7,69,2705.452285
66.1,77,2705.582241
311.0,63,2705.682445
-17.0,57,2705.772805
51.2,69,2705.882167
-43.1,56,2705.969578
292.2,68,2706.075392
3.9,79,2706.199008
328.9,69,2706.306893
315.2,61,2706.401358
-39.5,43,2706.469835
-11.5,64,2706.585202
322.0,56,2706.673351
44.4,79,2706.798752
-83.9,63,2706.89768
89.6,70,2709.188165
-88.0,64,2709.290766
326.2,55,2709.376326
32.6,62,2709.474352
312.2,60,2709.567931
299.2,47,2709.651078
346.6,91,2709.79483
-58.6,41,2709.858835
307.2,54,2709.943705
-40.0,35,2709.99858
28.6,62,2710.102802
-5.1,44,2710.172839
303.1,73,2710.291733
334.2,77,2710.413949
34.6,74,2710.53058
46.5,44,2710.601197
311.2,43,2710.675392
24.8,46,2710.755816
50.4,54,2710.84587
302.6,77,2710.976236
-57.8,20,2711.009385
336.1,60,2711.109521
307.2,59,2711.210779
285.2,82,2711.35212
288.0,74,2711.467609
324.2,60,2711.565465
45.4,63,2711.692961
-69.0,80,2711.834152
45.4,45,2711.910714
23.3,40,2711.976948
-49.2,31,2712.027555
317.8,61,2712.131572
42.9,76,2712.250765
119.8,76,2712.369711
-46.3,29,2712.41823
302.2,57,2712.506505
321.0,48,2714.765983
277.0,54,2714.864923
13.8,82,2714.99509
76.4,68,2715.105425
-20.7,36,2715.164411
3.4,75,2715.285852
271.0,68,2715.394027
302.2,59,2715.487728
290.6,89,2715.628364
-32.1,47,2715.702318
50.4,45,2715.774082
6.4,45,2715.844539
-127.4,56,2715.933601
17.0,54,2716.01773
333.8,59,2716.113945
332.2,78,2716.238993
309.2,62,2716.336698
38.7,45,2716.408805
-6.1,63,2716.508076
292.9,61,2716.603945
-97.9,35,2716.660456
294.0,72,2716.774059
8.9,45,2716.845307
259.2,65,2716.954608
60.4,39,2717.016421
95.4,65,2717.120829
-49.1,74,2717.238509
12.3,69,2717.34792
43.9,63,2717.446259
-5.0,66,2717.549435
311.2,73,2717.663639
-129.4,51,2717.744657
41.4,82,2717.87309
75.8,59,2717.973631
327.2,58,2720.209116
35.4,40,2720.287402
320.4,72,2720.404812
262.9,63,2720.50529
274.5,56,2720.604813
80.6,64,2720.717426
-80.2,42,2720.795695
-0.4,47,2720.897458
-70.6,53,2720.999617
-3.9,55,2721.09816
108.8,74,2721.30294
-55.4,58,2721.457319
-6.4,51,2721.540026
315.2,62,2721.642238
-100.0,40,2721.712054
270.6,83,2721.903971
-15.3,47,2722.019715
-122.9,59,2722.155406
-34.0,58,2722.296755
328.2,56,2722.418353
303.9,85,2722.583827
294.5,58,2722.691895
27.9,62,2722.792218
76.0,70,2722.915889
24.1,72,2723.045116
-22.7,64,2723.164891
-2.9,31,2723.232404
-89.3,28,2723.293356
53.7,59,2723.408232
29.5,64,2723.530643
40.3,97,2723.716702
-60.3,55,2723.827559
-39.4,67,2723.950847
327.2,56,2724.038291
50.4,53,2724.142092
292.2,52,2726.508208
-69.8,52,2726.598505
-21.3,30,2726.654468
14.7,63,2726.778965
-71.5,46,2726.868994
274.9,85,2727.013884
-5.3,49,2727.091466
287.2,64,2727.1932
2.0,53,2727.28034
20.0,74,2727.410307
297.2,58,2727.502832
-11.7,38,2727.565043
-121.2,36,2727.627247
43.0,34,2727.683901
65.9,63,2727.783893
302.2,86,2727.92426
285.7,42,2727.989835
76.6,52,2728.07264
297.2,56,2728.161549
13.9,65,2728.266836
-16.0,63,2728.367382
293.5,78,2728.494085
-9.6,43,2728.568961
306.0,73,2728.685458
28.8,57,2728.774891
23.6,76,2728.894511
340.5,69,2729.004448
-3.0,55,2729.092494
249.3,85,2729.23113
-44.3,57,2729.321189
320.2,68,2729.43366
302.2,64,2729.534824
34.2,49,2729.617863
-73.8,62,2729.714685
-11.4,28,2729.760554
33.7,65,2732.091099
293.1,63,2732.19358
308.4,89,2732.462496
294.1,68,2732.665195
-0.5,70,2732.802132
-22.5,46,2732.875091
297.6,75,2732.991738
-47.5,34,2733.045914
-101.5,71,2733.160402
-83.2,51,2733.24327
282.2,45,2733.315205
-66.1,43,2733.385511
272.5,78,2733.510413
282.2,49,2733.591362
-91.7,73,2733.707453
-57.5,52,2733.789911
286.2,69,2733.902615
324.2,65,2734.014644
-69.2,46,2734.090018
-50.7,45,2734.168257
282.2,60,2734.276422
330.7,48,2734.352456
322.2,68,2734.459507
302.2,69,2734.57566
-18.0,56,2734.66614
-43.1,38,2734.729791
-61.3,66,2734.835247
-84.1,63,2734.934817
-102.6,66,2735.038617
-12.5,55,2735.128274
-99.1,74,2735.246354
42.6,59,2735.340255
53.8,72,2735.455101
-79.0,27,2735.498745
347.2,54,2735.585813
-12.7,52,2738.176702
302.2,63,2738.278337
34.3,64,2738.394415
18.7,66,2738.513513
-52.6,55,2738.60093
-25.2,57,2738.708385
307.2,64,2738.815197
295.2,66,2738.92345
296.4,56,2739.014663
36.2,55,2739.124031
300.5,73,2739.241747
15.8,51,2739.323221
300.1,74,2739.445771
327.2,53,2739.532598
-40.3,69,2739.663148
241.0,91,2739.820208
-22.1,77,2739.939665
11.6,30,2739.989233
261.7,71,2740.103322
327.2,69,2740.213008
22.4,43,2740.287688
48.8,79,2740.452647
268.9,67,2740.557334
43.8,86,2740.69285
-90.8,37,2740.750996
316.3,70,2740.873964
40.3,56,2740.979763
-52.6,52,2741.063411
295.4,71,2741.176494
9.3,52,2741.260587
-113.2,50,2741.35743
4.1,48,2741.434109
316.2,87,2743.812051
-116.5,62,2743.930984
-44.0,43,2744.002708
79.9,74,2744.12307
-77.1,55,2744.210968
36.1,71,2744.322719
268.9,68,2744.476034
-4.2,63,2744.580403
312.2,62,2744.6779
-29.6,48,2744.754879
286.2,59,2744.8483
277.5,58,2744.987372
-8.0,62,2745.084904
-47.2,56,2745.176227
-0.2,56,2745.266123
-7.8,66,2745.3694
33.9,83,2745.508443
297.2,62,2745.63368
8.6,41,2745.700228
342.2,54,2745.787536
-62.6,61,2745.881404
-114.2,20,2745.914154
-58.2,35,2745.976132
342.2,49,2746.053753
267.5,70,2746.165215
-46.6,48,2746.24216
-51.8,47,2746.316043
22.9,48,2746.392158
65.5,67,2746.513682
-25.7,31,2746.56564
69.2,77,2746.703876
38.9,49,2746.78108
-36.9,50,2746.860908
50.4,58,2746.957033
244.5,77,2747.136602
-105.1,39,2747.212192
-130.5,33,2747.266024
60.4,44,2749.555731
14.2,58,2749.658083
-48.2,31,2749.708715
-13.0,59,2749.805001
39.2,44,2749.875242
-61.7,65,2749.977736
-67.3,35,2750.033128
302.2,66,2750.14636
-18.9,45,2750.219308
301.3,87,2750.354686
73.0,56,2750.443067
292.2,58,2750.535154
8.6,53,2750.61989
-106.4,65,2750.773587
46.6,52,2750.857199
323.7,70,2750.967702
30.9,42,2751.035164
30.1,60,2751.140008
-11.4,31,2751.190138
26.8,72,2751.322942
298.0,83,2751.451756
317.2,71,2751.562845
279.5,67,2751.667174
61.6,75,2751.786371
8.5,76,2751.904599
303.8,65,2752.006732
-56.8,67,2752.113381
338.2,79,2752.253038
-9.6,82,2752.379345
257.3,67,2752.534511
317.2,59,2752.63778
287.2,67,2752.744328
97.0,62,2752.847576
-20.1,58,2752.969569
-31.4,50,2755.242662
-20.9,58,2755.351599
-41.1,67,2755.466162
-34.0,50,2755.55016
18.6,47,2755.625717
16.3,77,2755.757917
297.2,83,2755.907721
285.0,53,2755.998307
-96.9,91,2756.175839
317.2,61,2756.323913
-34.1,39,2756.393674
24.6,66,2756.498259
367.2,70,2756.61775
-50.2,27,2756.673945
-18.1,61,2756.779633
-93.3,73,2756.910542
292.2,60,2757.005176
8.0,44,2757.075737
99.4,111,2757.26999
292.2,44,2757.338227
-25.8,51,2757.425516
245.5,80,2757.549908
23.5,78,2757.671868
305.9,67,2757.777903
294.2,72,2757.900403
277.7,67,2758.072263
305.7,54,2758.167701
-79.9,28,2758.214815
296.0,65,2758.317565
282.1,64,2758.476207
21.6,60,2758.571281
-30.6,40,2758.644271
-0.9,56,2758.739117
-104.2,32,2758.790143
-67.9,49,2761.212536
-49.4,53,2761.298224
-20.7,38,2761.358868
49.8,54,2761.444629
9.3,65,2761.545985
8.3,78,2761.687898
-98.1,49,2761.775219
295.0,48,2761.855973
74.6,63,2761.961111
-31.0,62,2762.085633
65.4,59,2762.204899
22.2,53,2762.289334
6.1,49,2762.368642
40.6,60,2762.463241
-57.6,49,2762.551008
317.2,64,2762.662892
33.7,63,2762.786291
267.3,50,2762.865634
7.3,43,2762.934256
10.5,55,2763.02102
257.6,67,2763.126606
321.2,64,2763.233646
-68.3,53,2763.349154
65.8,60,2763.44789
267.5,56,2763.536337
104.4,61,2763.641998
-9.4,24,2763.68178
45.5,51,2763.762299
8.8,44,2763.834361
38.5,54,2763.920627
292.2,74,2764.034871
-91.1,55,2764.131627
70.4,59,2764.269217
335.2,84,2764.401551
52.0,44,2764.47205
274.0,65,2764.60145
313.4,87,2767.697559
295.1,51,2767.783078
-51.9,68,2767.908936
297.2,79,2768.032835
312.2,59,2768.12761
282.6,68,2768.235292
-33.4,56,2768.325211
75.4,45,2768.397723
285.7,46,2768.48169
327.2,71,2768.630943
287.2,47,2768.715556
7.9,82,2768.867055
287.6,65,2768.998518
307.2,57,2769.096058
-68.7,66,2769.206854
322.2,53,2769.290612
35.3,62,2769.388957
41.4,69,2769.503037
-52.7,19,2769.536336
24.3,56,2769.623407
-20.7,75,2769.741393
3.9,54,2769.826912
-8.2,69,2769.935282
290.7,44,2770.018942
342.2,58,2770.134012
17.1,70,2770.254616
287.2,60,2770.355654
-65.5,50,2770.44172
-65.3,47,2770.520014
78.6,70,2770.633911
290.8,57,2770.723623
-27.9,47,2770.806164
45.7,53,2770.900259
65.5,75,2771.019072
292.2,66,2773.588798
7.1,72,2773.706047
60.3,74,2773.832878
10.5,44,2773.906974
-114.2,50,2774.003947
302.2,58,2774.205094
-63.2,86,2774.388811
9.1,64,2774.489474
-37.5,36,2774.570337
304.5,64,2774.709168
287.2,68,2774.816146
281.1,87,2774.95333
282.3,81,2775.087954
-5.8,47,2775.163509
283.5,70,2775.276415
331.5,75,2775.396198
-9.0,78,2775.519702
12.8,53,2775.60386
-5.6,65,2775.706761
57.1,65,2775.810035
307.2,63,2775.908159
297.2,74,2776.024731
-2.0,53,2776.13305
284.1,71,2776.257869
-10.5,63,2776.358399
58.9,56,2776.448276
-97.2,60,2776.543759
-37.7,75,2776.665387
323.0,55,2776.753278
-100.1,34,2776.808558
284.2,80,2776.935454
3.6,37,2776.993137
268.5,60,2777.090229
25.8,64,2780.169614
290.7,58,2780.308143
9.1,64,2780.440905
297.9,76,2780.598979
14.6,51,2780.691173
288.2,71,2780.812623
89.6,75,2780.948853
40.3,58,2781.040443
282.9,78,2781.166386
290.7,66,2781.292503
8.7,52,2781.411352
296.1,84,2781.551779
20.7,60,2781.650757
-58.5,36,2781.714244
35.2,70,2781.82888
-49.2,41,2781.893775
-100.0,47,2781.969209
307.6,62,2782.066746
-7.1,65,2782.171674
60.9,58,2782.265968
-33.5,37,2782.325815
-129.7,71,2782.436911
263.5,82,2782.566798
342.5,68,2782.67991
32.0,49,2782.759121
36.2,44,2782.829908
307.2,64,2782.932281
-32.5,40,2782.994535
30.8,66,2783.098823
30.9,51,2783.181306
15.0,49,2783.260936
39.0,68,2783.374762
-40.6,59,2783.475109
-95.8,54,2783.560136
26.1,62,2786.133098
287.2,76,2786.266683
265.1,68,2786.389788
13.6,46,2786.466165
40.8,54,2786.552215
266.1,63,2786.652637
65.4,61,2786.760931
59.5,73,2786.886884
297.2,65,2787.000469
280.4,56,2787.127105
44.4,51,2787.228511
284.9,73,2787.347881
-40.0,64,2787.451607
72.9,61,2787.578711
-55.3,53,2787.669435
44.2,49,2787.748227
17.1,53,2787.860525
10.0,55,2787.956604
263.0,64,2788.068155
39.1,57,2788.168431
-47.0,55,2788.259613
290.7,77,2788.380144
16.9,75,2788.496199
-31.1,79,2788.632145
322.6,70,2788.742468
-62.8,36,2788.79968
-1.4,54,2788.885821
-83.1,55,2788.970525
-75.9,19,2789.000248
20.7,59,2789.093287
53.2,58,2789.187083
284.2,69,2789.295542
4.6,37,2789.354514
28.6,53,2789.437334
303.1,55,2789.527169
262.0,71,2791.899182
19.0,61,2792.014231
21.2,63,2792.129111
-75.4,50,2792.209545
-26.0,70,2792.322937
287.6,68,2792.431802
-116.7,31,2792.481253
369.9,60,2792.574612
32.1,66,2792.679554
-29.6,64,2792.790762
-40.0,40,2792.872321
43.6,68,2793.010381
12.8,67,2793.129426
10.5,38,2793.191241
297.4,82,2793.320752
43.3,58,2793.411688
26.8,48,2793.487696
-38.1,49,2793.565737
-91.5,76,2793.683689
307.2,60,2793.788629
-52.1,27,2793.837012
-3.1,39,2793.907434
-89.5,41,2793.997432
34.5,63,2794.144817
-17.4,41,2794.223457
281.2,65,2794.349129
-3.8,54,2794.50112
285.7,52,2794.640049
327.2,59,2794.809588
-66.8,57,2794.930172
-58.2,10,2794.957712
293.2,57,2795.148116
11.5,58,2795.328898
-76.8,61,2795.449034
-55.6,53,2795.536548
273.0,62,2795.634308
45.4,47,2795.710409
315.2,84,2798.4941
40.4,44,2798.569164
42.4,56,2798.659968
-29.3,35,2798.721219
58.5,86,2798.864784
-91.2,67,2798.970652
69.9,76,2799.089374
307.2,61,2799.185766
-67.4,50,2799.270022
59.3,74,2799.386699
-134.6,63,2799.485542
-45.2,70,2799.599209
294.0,56,2799.688723
53.4,70,2799.808917
38.4,59,2799.905778
-46.5,62,2800.005747
6.5,82,2800.15729
292.2,67,2800.276869
-7.4,25,2800.324213
344.2,75,2800.456705
-40.6,44,2800.530427
-31.8,50,2800.612837
-15.7,61,2800.714131
-14.7,26,2800.758288
-2.9,62,2800.859989
36.6,63,2800.959964
273.5,48,2801.04005
40.4,34,2801.105144
317.2,68,2801.218282
327.2,63,2801.323339
-34.3,70,2801.439851
7.7,64,2801.545467
22.0,59,2801.665211
-86.4,25,2801.749913
287.4,58,2801.962334
43.2,53,2804.463586
-69.4,38,2804.524612
237.2,79,2804.656078
326.2,65,2804.76215
-51.6,57,2804.854573
276.5,46,2804.93591
13.5,62,2805.035198
-11.4,34,2805.090992
299.5,66,2805.197353
327.2,64,2805.31279
48.7,57,2805.405929
64.1,71,2805.517927
300.2,66,2805.621238
38.7,62,2805.7213
-102.8,42,2805.788764
55.4,57,2805.881857
57.4,48,2805.957632
302.2,63,2806.055914
-24.1,60,2806.152972
311.2,89,2806.299989
329.2,67,2806.409597
4.1,58,2806.499784
275.4,75,2806.617194
307.2,60,2806.715104
317.2,57,2806.804567
21.4,66,2806.908855
55.1,48,2806.984694
-70.9,27,2807.030179
-56.8,50,2807.109585
299.2,67,2807.21657
20.8,70,2807.32995
3.6,38,2807.390275
300.2,65,2807.493195
-11.2,62,2807.59359
317.2,69,2807.702089
-25.7,41,2809.857646
73.4,59,2809.951029
89.2,69,2810.058101
-95.2,27,2810.102756
-40.5,38,2810.165108
293.9,70,2810.274764
322.2,70,2810.382622
-5.4,32,2810.443369
-49.9,27,2810.492454
-24.8,66,2810.598348
86.6,74,2810.715838
7.0,44,2810.785976
39.5,58,2810.876781
322.2,67,2810.983232
-59.1,47,2811.06023
307.2,65,2811.165311
4.3,42,2811.233834
0.3,49,2811.312036
8.9,45,2811.3836
327.2,55,2811.469172
265.7,57,2811.557503
266.3,63,2811.658146
277.4,70,2811.768216
53.5,77,2811.895404
-62.6,63,2811.994155
327.2,53,2812.076798
-47.5,103,2812.239052
45.5,46,2812.313889
37.4,58,2812.408003
416.3,87,2812.550316
-98.7,44,2812.618959
59.2,82,2812.747812
34.4,69,2812.866429
2.6,57,2812.959693
-67.4,33,2813.015067
55.3,56,2813.104306
26.5,72,2815.299601
-9.7,81,2815.428819
21.0,48,2815.503871
67.1,68,2815.612187
14.8,67,2815.719516
-13.6,67,2815.824981
-116.7,7,2815.837574
1.4,63,2815.936741
282.2,49,2816.014574
-48.7,50,2816.094932
67.2,59,2816.191072
38.8,51,2816.2748
-91.9,37,2816.333296
-15.4,57,2816.423324
94.6,76,2816.541862
-26.8,61,2816.638919
2.0,50,2816.72622
324.4,78,2816.852068
286.5,60,2816.946033
295.7,54,2817.031142
15.3,36,2817.089914
295.1,64,2817.193973
-0.3,53,2817.277315
-43.2,48,2817.353192
-23.0,33,2817.405793
6.2,61,2817.50207
323.2,52,2817.583474
-76.5,39,2817.64754
-21.0,63,2817.757816
20.1,54,2817.842379
315.4,69,2817.950846
277.4,100,2818.107638
14.7,59,2818.203934
-6.1,71,2818.316854
309.2,49,2818.395008
-52.1,69,2820.576649
-25.5,52,2820.660517
-39.7,56,2820.747558
281.2,57,2820.842786
-48.2,46,2820.915864
295.7,71,2821.027038
298.2,58,2821.117355
-18.5,49,2821.197388
-60.5,62,2821.295748
15.0,54,2821.380965
277.2,79,2821.503768
-18.0,50,2821.583428
89.5,54,2821.669748
-35.1,89,2821.809205
282.3,68,2821.9268
54.1,53,2822.012405
51.2,64,2822.114525
-107.0,22,2822.153031
63.2,74,2822.269623
-9.7,71,2822.381597
283.6,69,2822.489512
-19.8,32,2822.541316
291.2,47,2822.61461
6.6,36,2822.673804
-68.3,77,2822.795518
337.2,63,2822.897207
-138.3,66,2823.008399
59.4,81,2823.136973
-100.0,51,2823.215528
50.6,54,2823.301005
282.2,61,2823.395636
-65.7,28,2823.441731
304.7,65,2823.54294
-67.0,54,2823.626681
-7.4,72,2823.737788
297.2,53,2825.861991
39.7,78,2825.999892
297.0,61,2826.095363
38.3,56,2826.186143
-38.8,42,2826.253872
-130.0,43,2826.324468
29.6,60,2826.417711
79.7,67,2826.522867
325.7,75,2826.640606
316.2,68,2826.748487
305.4,58,2826.838467
40.5,74,2826.955622
18.7,48,2827.036985
272.9,67,2827.150661
322.2,48,2827.225459
287.2,61,2827.324245
312.2,59,2827.415649
308.1,77,2827.536132
282.9,70,2827.646032
314.8,61,2827.74241
281.2,63,2827.842629
-67.5,30,2827.890733
49.9,77,2828.011316
3.6,30,2828.06108
327.0,77,2828.182959
79.0,65,2828.290127
8.6,63,2828.389587
280.5,54,2828.476121
277.2,50,2828.5556
-72.5,61,2828.651131
45.4,53,2828.73529
47.0,45,2828.808269
1.9,74,2828.923899
307.2,61,2829.018653
276.0,63,2831.51893
1.8,71,2831.630796
49.6,61,2831.726184
282.2,49,2831.803581
257.0,73,2831.916932
59.3,82,2832.047202
38.6,56,2832.135313
305.1,70,2832.24509
50.4,46,2832.319691
-15.4,71,2832.43162
30.7,70,2832.540198
24.3,61,2832.636929
311.5,49,2832.716069
21.5,64,2832.818109
34.2,68,2832.924775
327.0,72,2833.038773
68.3,62,2833.137793
-102.6,43,2833.206344
-57.3,64,2833.314968
-31.1,34,2833.368741
46.2,53,2833.45205
-6.4,39,2833.513739
-46.3,48,2833.590854
61.9,78,2833.713362
60.4,62,2833.811305
45.4,67,2833.916524
11.7,47,2833.990931
22.1,50,2834.069829
32.0,71,2834.183267
312.2,65,2834.296566
76.6,95,2834.450462
278.0,67,2834.554608
52.6,55,2834.642258
21.7,30,2834.691006
59.9,69,2836.861905
31.8,83,2836.993098
321.1,67,2837.09653
285.2,55,2837.18489
22.6,60,2837.280775
330.0,80,2837.412317
292.2,47,2837.48626
7.9,56,2837.574587
282.3,55,2837.660021
4.1,55,2837.746104
-2.6,56,2837.834725
288.2,63,2837.932885
-24.7,29,2837.980415
291.0,62,2838.077583
-74.2,39,2838.141695
29.4,64,2838.242034
-53.3,56,2838.331251
-7.3,62,2838.436196
241.2,81,2838.568994
-86.2,30,2838.616713
-0.1,51,2838.696747
329.5,70,2838.809223
-130.0,37,2838.869157
60.1,59,2838.96245
-76.3,42,2839.028247
-23.2,47,2839.102605
319.8,49,2839.181132
39.7,77,2839.302635
-53.5,60,2839.395846
59.7,63,2839.506174
19.2,61,2839.606915
71.4,65,2839.709402
-31.1,45,2839.781362
272.6,84,2839.913501
58.6,58,2840.004666
-54.9,43,2840.073235
-30.4,43,2842.195469
45.4,63,2842.297636
307.2,69,2842.404773
287.2,67,2842.509078
-48.2,23,2842.546767
327.2,53,2842.642223
-64.9,22,2842.678684
-44.6,30,2842.72616
282.2,51,2842.805469
305.0,63,2842.903419
300.8,91,2843.044805
21.1,62,2843.143922
319.7,57,2843.233907
49.3,69,2843.343358
306.0,66,2843.446332
-117.1,29,2843.491973
-9.7,68,2843.598452
332.2,78,2843.732771
12.6,42,2843.799291
-57.6,48,2843.875441
66.5,59,2843.967064
114.8,66,2844.071283
89.2,67,2844.180169
82.3,83,2844.313601
-107.8,51,2844.392102
26.0,58,2844.484718
-48.9,62,2844.581392
-0.5,68,2844.687065
285.5,66,2844.790225
307.2,60,2844.883813
-10.6,56,2844.97291
-29.9,34,2845.028175
293.9,66,2845.132822
-33.3,66,2845.238318
-38.3,43,2845.31031
33.0,74,2847.477257
28.0,55,2847.566785
-27.0,65,2847.668974
288.9,71,2847.79422
17.0,36,2847.852238
3.8,64,2847.953755
261.9,83,2848.083514
312.2,57,2848.17487
12.1,68,2848.282055
40.4,51,2848.364679
287.9,55,2848.451857
-38.8,32,2848.50435
279.4,70,2848.615498
287.2,58,2848.70622
-71.9,28,2848.751774
-90.8,52,2848.834205
-15.4,46,2848.908723
74.7,88,2849.047597
272.2,52,2849.128525
-55.5,49,2849.209889
-42.7,61,2849.30917
68.5,58,2849.401039
-58.2,17,2849.428454
-19.4,44,2849.499358
321.4,83,2849.629622
-41.4,46,2849.702339
45.4,49,2849.781913
324.5,66,2849.891496
30.8,59,2849.985714
298.1,81,2850.115134
-24.8,64,2850.21779
26.8,59,2850.315186
2.2,35,2850.372018
15.6,62,2850.472756
-30.7,43,2850.540028
277.9,43,2850.609192
317.2,55,2850.696281
-58.9,60,2852.845725
4.2,53,2852.932746
23.3,58,2853.023112
295.2,56,2853.11142
270.7,66,2853.218333
48.3,77,2853.34214
8.1,59,2853.43486
52.2,49,2853.512754
18.0,41,2853.579071
311.2,58,2853.67111
59.0,65,2853.772281
-53.7,27,2853.817617
283.1,63,2853.915361
-22.1,52,2854.004146
-39.0,34,2854.058911
-38.2,45,2854.128656
290.8,65,2854.236876
0.5,86,2854.381167
307.2,71,2854.491377
240.8,60,2854.586898
-63.4,42,2854.653805
263.9,82,2854.791306
41.5,72,2854.928998
-59.7,52,2855.024933
-1.0,69,2855.13536
29.6,62,2855.235995
335.7,77,2855.365239
63.8,71,2855.477666
-2.6,61,2855.610674
13.9,54,2855.776886
-17.9,59,2855.965959
299.2,59,2856.199461
99.7,73,2856.321729
-50.4,49,2856.411332
97.5,71,2859.774171
-64.3,69,2859.882856
347.3,63,2859.980722
315.7,47,2860.05571
6.2,74,2860.18117
48.7,47,2860.263402
72.9,54,2860.365152
23.1,61,2860.479102
-90.9,36,2860.556837
41.3,50,2860.642028
69.4,50,2860.723264
-79.5,65,2860.826434
-11.3,49,2860.906046
312.2,58,2860.997468
10.8,61,2861.096807
-46.9,39,2861.162766
260.2,47,2861.237923
-98.3,38,2861.298957
4.9,45,2861.370896
52.0,65,2861.473248
-53.9,55,2861.561644
16.7,74,2861.678973
296.2,43,2861.747344
311.2,58,2861.841237
16.8,43,2861.909321
-7.0,72,2862.022103
287.2,51,2862.100902
-53.0,26,2862.142246
-25.3,46,2862.218281
-84.0,30,2862.266517
-47.6,52,2862.35789
-100.0,54,2862.442617
-49.0,39,2862.505203
-3.8,55,2862.592962
-62.4,59,2862.68586
9.2,64,2862.787954
39.5,44,2862.862782
38.4,46,2862.937939
274.1,76,2863.057583
319.8,85,2865.29683
-58.8,24,2865.340842
-53.2,69,2865.518293
325.2,65,2865.661173
311.6,74,2865.818185
-38.9,35,2865.873944
-31.6,71,2866.016184
271.6,72,2866.132958
81.1,84,2866.26771
307.2,76,2866.387312
292.2,66,2866.497437
311.0,52,2866.580824
12.2,50,2866.661218
308.4,82,2866.789671
33.1,65,2866.893685
282.2,73,2867.01403
14.8,54,2867.10012
317.2,63,2867.209326
307.3,78,2867.339654
-93.9,40,2867.403243
282.8,64,2867.509544
342.2,67,2867.620969
283.5,80,2867.747289
45.8,61,2867.842913
263.9,76,2867.965238
50.4,37,2868.025209
284.8,53,2868.109043
300.2,62,2868.239546
-36.5,40,2868.324873
277.3,61,2868.421764
248.5,64,2868.529135
-100.8,52,2868.623998
38.8,79,2868.749054
3.3,97,2871.108
126.0,77,2871.232125
-34.9,46,2871.306404
-58.7,59,2871.398207
276.6,77,2871.51782
325.7,74,2871.636165
265.3,81,2871.773549
-7.1,43,2871.842499
-35.2,52,2871.924594
322.2,66,2872.027347
-8.0,58,2872.123495
-133.7,46,2872.207589
34.6,62,2872.312612
-6.8,31,2872.368385
307.2,57,2872.470315
292.5,83,2872.619596
-58.8,41,2872.685079
75.4,57,2872.792968
-40.3,83,2872.928938
-14.7,42,2872.995349
-1.5,50,2873.074607
-20.2,45,2873.146245
64.8,67,2873.254625
-70.5,57,2873.345613
267.8,59,2873.438781
0.7,44,2873.509642
-71.3,51,2873.590012
43.7,52,2873.671889
302.2,56,2873.761417
66.8,81,2873.891196
32.3,61,2873.987652
274.3,90,2874.129074
7.5,74,2874.265979
56.4,69,2876.49078
53.9,68,2876.59888
297.2,56,2876.685342
288.2,65,2876.787674
12.0,47,2876.870333
55.1,85,2877.013041
-34.8,75,2877.129613
317.2,69,2877.23998
301.8,78,2877.364172
291.9,64,2877.464212
38.5,63,2877.564332
255.1,64,2877.664714
-41.3,72,2877.79637
287.2,43,2877.909209
316.9,72,2878.132212
68.7,73,2878.355531
327.2,75,2878.50417
268.1,64,2878.603753
51.4,74,2878.721749
302.1,88,2878.863386
322.2,56,2878.962791
-2.1,44,2879.033833
322.2,65,2879.136833
24.1,62,2879.277299
-93.1,40,2879.342794
302.3,58,2879.434804
292.2,42,2879.500788
35.0,57,2879.59243
-11.4,45,2879.663742
36.5,66,2879.769542
-50.7,72,2879.880371
-68.2,54,2879.977664
312.2,59,2880.070734
327.2,55,2882.215811
-47.3,65,2882.319111
-18.3,83,2882.449545
-33.5,40,2882.512856
12.2,70,2882.623717
-49.6,41,2882.688939
-112.5,38,2882.749731
11.0,51,2882.830843
291.8,47,2882.904547
305.8,66,2883.008705
-89.1,72,2883.126514
75.4,58,2883.220034
224.2,75,2883.339258
-81.7,35,2883.396262
302.3,76,2883.515003
302.4,65,2883.617086
320.8,82,2883.746444
54.7,50,2883.825632
-49.1,52,2883.909761
332.2,59,2884.00245
322.2,84,2884.141813
40.7,52,2884.225177
308.2,65,2884.328531
90.9,58,2884.42051
89.6,72,2884.533543
283.1,58,2884.628199
366.1,91,2884.772129
255.0,77,2884.891551
25.1,67,2884.997285
284.3,60,2885.091804
322.2,70,2885.221406
27.4,56,2885.312437
286.0,71,2887.494297
-17.2,55,2887.584326
310.1,86,2887.719368
251.0,76,2887.837803
74.2,72,2887.950751
-100.0,68,2888.056329
340.8,77,2888.181359
287.2,50,2888.271625
-64.9,64,2888.373832
-19.7,30,2888.422921
-42.7,40,2888.486492
294.2,54,2888.571347
-0.2,26,2888.614419
-23.3,52,2888.695349
243.7,69,2888.804166
8.9,44,2888.874316
-40.6,61,2888.973433
51.5,50,2889.051859
17.9,43,2889.120971
45.4,48,2889.199936
279.5,80,2889.341108
289.9,66,2889.444092
339.3,83,2889.576799
59.9,65,2889.678563
282.2,48,2889.755095
292.2,70,2889.864007
-84.4,54,2889.95102
297.2,61,2890.047221
-38.6,43,2890.117603
-31.9,50,2890.210735
327.2,70,2890.324161
16.2,43,2890.394694
-7.9,50,2890.475793
-57.8,41,2890.542951
310.3,85,2890.691408
278.6,86,2892.904989
11.0,59,2892.998649
-174.0,66,2893.101552
20.0,57,2893.193167
241.6,82,2893.325402
287.8,65,2893.431928
-15.3,77,2893.564204
290.7,68,2893.670499
9.3,50,2893.749307
-53.0,37,2893.809548
302.2,56,2893.897807
36.2,48,2893.973247
-58.2,34,2894.026066
13.2,70,2894.134221
17.9,63,2894.237085
284.0,52,2894.324312
-112.6,77,2894.444288
41.9,54,2894.531103
292.2,45,2894.602898
-63.1,30,2894.651013
0.1,45,2894.723907
-6.9,64,2894.825919
64.1,83,2894.956938
41.8,66,2895.070798
307.2,70,2895.19144
285.7,57,2895.296193
41.9,55,2895.411511
-18.9,92,2895.575362
-83.5,58,2895.668045
79.0,52,2895.760126
286.7,68,2895.868976
-1.3,76,2896.003832
8.4,52,2896.091599
47.4,66,2896.202237
34.1,100,2898.415944
-50.9,40,2898.479673
284.2,57,2898.570063
315.6,64,2898.670809
-47.3,39,2898.733059
28.7,59,2898.826146
-59.4,60,2898.918679
50.4,51,2898.999761
260.3,55,2899.087025
326.0,64,2899.188447
317.2,62,2899.285718
22.9,76,2899.40611
303.7,74,2899.521692
307.2,45,2899.592115
41.4,66,2899.708835
10.0,95,2899.862021
4.8,50,2899.940672
302.2,70,2900.049625
-8.5,89,2900.191759
55.3,59,2900.283938
-43.8,44,2900.356205
-49.6,33,2900.412255
305.3,73,2900.525396
27.1,69,2900.634193
-10.7,49,2900.723196
-82.4,46,2900.802258
26.0,72,2900.916647
-6.2,65,2901.020943
35.7,59,2901.118451
275.9,76,2901.241251
258.5,58,2901.338156
-57.6,32,2901.391426
25.0,65,2901.495399
22.9,70,2903.638724
282.2,54,2903.72626
311.2,80,2903.857359
-74.1,50,2903.939261
327.6,66,2904.044147
14.8,59,2904.136896
264.5,69,2904.250994
-62.3,38,2904.314847
-14.5,59,2904.407598
288.9,50,2904.484786
46.8,74,2904.60563
-29.0,55,2904.693693
306.0,54,2904.779566
-0.4,42,2904.85835
-8.9,42,2904.926674
-16.9,68,2905.033179
322.9,73,2905.148103
308.6,79,2905.272894
-7.5,51,2905.35658
277.9,59,2905.448957
49.5,50,2905.528598
-85.6,52,2905.609264
-45.9,88,2905.747772
300.2,49,2905.823427
292.2,50,2905.915228
26.0,68,2906.025177
327.2,71,2906.13593
55.1,57,2906.228545
53.9,65,2906.332818
-117.3,23,2906.37099
301.3,66,2906.472611
292.2,84,2906.604497
30.2,58,2906.696044
42.2,52,2906.779454
22.1,41,2906.846067
54.1,67,2909.021922
297.2,51,2909.103686
283.0,69,2909.211525
303.1,97,2909.363779
244.5,72,2909.475841
-32.6,51,2909.55536
66.9,62,2909.653564
-137.1,74,2909.769722
357.2,67,2909.873898
342.2,67,2909.978405
-50.0,48,2910.071009
319.0,73,2910.188328
0.7,33,2910.241394
75.3,74,2910.361114
317.2,49,2910.438835
65.4,60,2910.533699
5.1,48,2910.611029
300.5,59,2910.704421
271.4,74,2910.819358
42.3,55,2910.906192
-23.8,45,2910.986553
64.4,56,2911.077402
297.1,47,2911.151944
312.3,82,2911.283258
38.5,66,2911.389399
14.1,45,2911.462114
39.4,78,2911.584539
-13.5,52,2911.666301
272.6,65,2911.769259
296.0,67,2911.873989
12.3,76,2911.993801
-22.5,54,2912.081628
335.2,56,2912.184398
317.2,68,2914.794544
317.2,70,2914.903865
-8.8,42,2914.970528
322.2,56,2915.058067
-128.6,11,2915.076706
282.5,83,2915.207245
-69.7,49,2915.28311
23.4,54,2915.369764
296.2,68,2915.476209
50.4,44,2915.547507
-44.0,56,2915.634682
297.2,68,2915.739371
36.1,62,2915.837776
-14.8,66,2915.943116
282.2,42,2916.009196
292.2,62,2916.106354
41.7,60,2916.200969
-36.5,36,2916.264175
282.2,44,2916.338279
295.5,76,2916.461208
-33.3,53,2916.550129
332.2,64,2916.650815
327.2,64,2916.756568
1.1,62,2916.856357
-26.4,52,2916.938786
34.6,69,2917.046762
-40.7,43,2917.117722
-54.6,61,2917.216931
53.1,73,2917.346784
43.1,42,2917.414117
-19.5,51,2917.49523
302.2,78,2917.616539
-14.8,66,2917.721249
47.6,67,2917.827005
61.0,79,2917.954792
-119.6,66,2920.142968
305.0,51,2920.228924
69.7,77,2920.351794
28.4,68,2920.466769
-8.7,49,2920.544902
8.6,52,2920.626935
80.6,76,2920.746954
-64.2,80,2920.87173
-15.8,59,2920.964318
271.9,71,2921.075392
291.0,46,2921.149023
-5.8,68,2921.257546
295.2,67,2921.364056
-76.7,45,2921.447365
293.5,50,2921.527964
-32.7,65,2921.630758
34.9,68,2921.737563
36.9,49,2921.815808
300.2,60,2921.909418
-13.2,42,2921.976868
282.2,66,2922.085496
293.9,67,2922.192137
53.7,57,2922.282609
306.1,77,2922.405183
282.2,60,2922.511785
8.5,68,2922.618765
40.4,50,2922.697455
-16.6,62,2922.794762
295.6,89,2922.935344
275.9,71,2923.045422
259.1,62,2923.144005
59.4,49,2923.223587
29.9,64,2923.339728
-67.9,46,2923.415583
322.2,63,2925.533847
302.2,67,2925.65245
291.1,66,2925.756198
11.3,42,2925.824707
332.2,55,2925.911439
-33.1,46,2925.983625
36.3,61,2926.079745
78.0,59,2926.174148
-52.8,50,2926.254747
273.5,65,2926.359591
62.6,80,2926.4855
56.1,62,2926.588714
60.7,60,2926.696922
90.8,63,2926.806077
-9.8,34,2926.862099
302.2,50,2926.941547
-18.0,45,2927.013042
16.3,51,2927.094347
79.2,66,2927.200546
50.2,55,2927.288148
297.2,46,2927.362154
282.2,44,2927.43544
272.3,49,2927.524304
297.2,65,2927.630961
86.5,94,2927.778892
9.1,49,2927.856107
94.2,83,2927.98861
74.7,65,2928.091412
-0.3,46,2928.16576
30.2,54,2928.255153
307.3,58,2928.351124
-113.8,31,2928.412339
35.4,60,2928.514756
8.6,40,2928.57915
274.7,66,2928.701626
11.0,42,2928.769032
83.0,60,2930.923699
3.3,53,2931.008735
292.2,53,2931.090157
251.5,68,2931.19906
350.7,68,2931.305563
292.2,57,2931.4036
286.5,58,2931.516816
296.2,47,2931.595994
296.5,75,2931.713445
10.7,63,2931.813893
-23.8,65,2931.916408
-7.5,52,2931.999685
-61.4,37,2932.060594
296.0,53,2932.144364
-10.7,72,2932.25774
-137.5,50,2932.338239
32.6,64,2932.439252
287.2,79,2932.562865
52.4,55,2932.649953
39.4,82,2932.778646
-20.8,32,2932.834298
302.2,70,2932.945827
277.2,57,2933.034149
-11.4,57,2933.123254
-46.8,62,2933.222066
47.9,55,2933.309076
-24.3,73,2933.440096
315.9,68,2933.550125
297.2,58,2933.642096
-9.6,47,2933.728988
45.4,85,2933.871875
-6.6,74,2933.992334
339.5,80,2934.128313
282.2,51,2936.203988
-74.8,64,2936.306177
-81.5,76,2936.426749
-66.3,35,2936.482743
-36.8,58,2936.574191
302.2,54,2936.658365
30.6,48,2936.73575
10.1,75,2936.854592
-38.2,49,2936.932115
-52.7,40,2937.00114
47.6,61,2937.097467
34.3,86,2937.233374
282.1,74,2937.349155
-22.5,49,2937.426989
307.2,69,2937.534843
3.6,58,2937.625615
60.4,54,2937.710739
267.6,60,2937.806818
-35.7,46,2937.879349
322.2,59,2937.971862
30.6,57,2938.074359
-52.1,48,2938.150867
-127.2,25,2938.192331
43.3,55,2938.27901
-11.9,53,2938.364174
-9.2,59,2938.470968
-11.9,76,2938.603622
283.8,67,2938.707776
278.6,71,2938.832685
317.2,67,2938.938241
-7.9,62,2939.046692
-40.9,42,2939.135156
302.7,70,2939.24806
-53.3,61,2939.347094
300.2,57,2939.436908
36.7,55,2939.52526
-51.3,52,2941.648685
291.0,72,2941.762542
-23.0,51,2941.842665
23.6,54,2941.926981
49.4,52,2942.009401
-67.8,53,2942.092216
297.2,69,2942.213978
-3.5,50,2942.292794
-19.2,42,2942.361229
39.3,71,2942.471992
15.9,46,2942.544171
327.2,54,2942.628608
-15.1,41,2942.693589
-23.4,56,2942.783938
-1.1,35,2942.840497
317.7,65,2942.943091
-7.1,59,2943.035005
-42.9,59,2943.127127
292.9,65,2943.246323
-71.5,44,2943.317061
-4.7,53,2943.402431
26.0,50,2943.483025
294.7,91,2943.653401
85.4,59,2943.747624
55.5,62,2943.858862
-11.5,73,2943.974611
-71.7,32,2944.027226
293.3,61,2944.134262
237.4,59,2944.229789
265.6,53,2944.313876
-8.2,37,2944.37714
37.3,55,2944.464664
329.5,86,2944.600085
292.2,58,2944.691272
-53.4,55,2944.779321
308.2,56,2944.867347
-22.8,66,2946.962322
-36.7,55,2947.052552
55.4,58,2947.14289
4.7,80,2947.271086
290.7,67,2947.388947
289.4,93,2947.53536
332.2,58,2947.625511
8.1,65,2947.726597
-17.2,56,2947.81517
284.3,55,2947.900861
292.2,43,2947.969493
300.5,68,2948.075045
-38.1,46,2948.146863
-55.1,41,2948.247886
302.2,74,2948.494092
-1.3,75,2948.668782
41.3,55,2948.76131
320.1,96,2948.930238
-1.1,52,2949.011331
11.0,43,2949.079861
275.2,63,2949.195489
-45.0,35,2949.251269
42.4,57,2949.34353
-112.6,19,2949.375046
-16.3,63,2949.478553
282.2,60,2949.571679
303.9,67,2949.676383
-3.8,53,2949.761526
-72.7,35,2949.818524
336.0,50,2949.898304
75.5,76,2950.015999
-46.6,51,2950.096491
337.2,65,2950.199707
253.0,84,2950.332614
-78.0,29,2950.380202
322.2,48,2952.44458
311.8,80,2952.57389
335.7,65,2952.675231
-15.0,33,2952.733172
-4.6,56,2952.822253
297.5,60,2952.915625
-9.1,34,2952.970793
15.4,62,2953.069408
302.2,64,2953.167811
297.2,61,2953.26585
322.8,55,2953.354948
286.2,51,2953.436302
-24.4,66,2953.543221
306.7,83,2953.695359
314.5,77,2953.824676
40.4,51,2953.905628
246.6,80,2954.051286
311.9,54,2954.135335
-97.4,35,2954.195666
278.9,97,2954.360271
-35.0,33,2954.413588
-40.9,62,2954.510917
303.9,80,2954.648747
287.2,46,2954.721013
275.5,74,2954.838997
277.1,62,2954.935151
327.2,53,2955.019881
-32.3,72,2955.133608
-9.8,43,2955.205174
277.2,47,2955.280533
42.1,62,2955.381821
292.2,59,2955.477747
315.6,68,2955.585233
-49.8,27,2955.639254
-27.7,53,2955.730558
-7.6,51,2957.788721
283.7,52,2957.873019
292.2,66,2957.974365
-86.6,65,2958.076874
-71.7,26,2958.118883
-12.8,78,2958.242218
22.3,64,2958.345679
264.5,68,2958.45343
307.2,70,2958.562675
302.2,54,2958.647681
312.2,58,2958.765857
8.0,64,2958.888082
312.2,58,2959.051771
-95.3,59,2959.174555
304.4,59,2959.318013
282.2,53,2959.505927
282.2,52,2959.617946
-78.9,63,2959.760634
263.8,72,2959.958826
-8.5,52,2960.103959
6.4,63,2960.218082
64.3,61,2960.342463
302.2,69,2960.462112
272.3,76,2960.582513
352.2,70,2960.752745
17.0,49,2960.894164
16.8,49,2960.98368
262.9,54,2961.072054
-100.0,58,2961.165035
292.9,80,2961.346015
-53.2,54,2961.481844
311.2,62,2961.585202
297.2,56,2961.688767
282.2,104,2964.068915
41.3,67,2964.17591
317.2,62,2964.273233
9.4,59,2964.421748
317.3,62,2964.603887
282.6,96,2964.801582
280.9,56,2964.920987
-28.4,42,2964.997187
295.1,69,2965.134517
292.2,68,2965.258422
79.3,71,2965.372351
-45.5,30,2965.421712
43.7,55,2965.507942
-39.0,63,2965.607973
-55.5,54,2965.693308
-83.7,44,2965.764415
-37.7,56,2965.85635
347.2,84,2965.991911
75.2,63,2966.100047
46.0,63,2966.200964
15.5,88,2966.351025
43.6,65,2966.474595
280.3,60,2966.583979
75.4,72,2966.716697
-1.4,51,2966.809899
-44.0,43,2966.884709
-7.4,61,2966.988436
-3.8,48,2967.07278
21.5,54,2967.173021
4.9,67,2967.291394
292.2,64,2967.4037
73.4,62,2967.51213
-27.6,56,2967.611985
-1.7,39,2967.679088
-6.4,36,2970.241284
268.4,57,2970.35901
263.9,72,2970.509706
20.4,66,2970.668112
60.4,58,2970.789143
90.3,57,2970.89319
6.4,48,2970.970353
42.2,79,2971.166569
272.8,83,2971.455964
-38.1,50,2971.587764
258.4,85,2971.740573
292.3,67,2971.905081
334.2,51,2971.993819
-9.5,60,2972.138113
-60.5,78,2972.29715
296.1,64,2972.432083
-114.3,21,2972.480694
311.2,67,2972.613992
-12.3,55,2972.714836
-60.3,63,2972.851724
43.0,58,2972.970486
58.7,70,2973.08088
8.6,42,2973.157859
312.2,59,2973.271655
14.6,47,2973.349028
-19.4,60,2973.530926
61.8,69,2973.682287
287.7,63,2973.792453
60.4,51,2973.874648
25.5,78,2974.012392
296.9,60,2974.162601
296.2,50,2974.281623
-75.0,44,2974.383896
-16.3,45,2974.489443
296.2,84,2976.962356
-18.4,36,2977.046376
-28.1,20,2977.105933
308.6,65,2977.25247
321.2,75,2977.42414
276.2,74,2977.572895
17.5,68,2977.696806
245.9,52,2977.790525
292.2,50,2977.879287
-4.0,68,2977.987168
42.4,34,2978.042843
57.1,55,2978.130884
290.0,68,2978.239579
66.3,83,2978.372168
307.2,60,2978.465952
6.6,51,2978.547076
0.3,51,2978.63619
66.6,59,2978.730075
53.3,37,2978.790574
-36.2,55,2978.877779
-17.1,42,2978.943167
317.2,48,2979.018501
302.2,70,2979.129022
302.2,55,2979.21822
280.1,85,2979.356268
268.7,84,2979.560039
-112.9,23,2979.649248
51.0,52,2979.802867
-34.5,54,2979.948417
282.2,61,2980.055049
297.3,72,2980.16811
3.0,61,2980.290019
312.2,66,2980.425898
287.6,65,2980.547239
-107.0,73,2980.679231
-19.5,54,2982.903069
326.0,57,2983.01203
273.9,78,2983.15207
-42.2,44,2983.246603
292.8,61,2983.359802
-65.3,28,2983.40908
296.0,56,2983.497964
-1.0,44,2983.569273
312.2,55,2983.657692
286.0,66,2983.766746
55.4,75,2983.889029
287.2,60,2983.982281
-11.8,69,2984.09106
276.0,66,2984.195257
318.5,50,2984.276387
285.0,68,2984.384897
297.3,69,2984.493337
6.3,64,2984.593703
-15.7,62,2984.692179
-47.5,48,2984.769022
-1.2,69,2984.89113
-52.6,60,2984.985046
277.9,85,2985.118982
291.1,69,2985.227515
27.4,82,2985.359334
303.9,57,2985.452553
-101.0,62,2985.555132
69.1,52,2985.640312
33.9,62,2985.738226
50.0,58,2985.83523
12.3,39,2985.898613
52.4,64,2986.000237
54.9,60,2986.099545
12.6,64,2986.206241
45.4,42,2988.522028
22.4,54,2988.615234
297.2,41,2988.680094
34.8,60,2988.779496
282.2,57,2988.869816
5.8,53,2988.955408
267.0,58,2989.058868
-42.3,37,2989.118723
10.8,72,2989.234385
337.2,58,2989.325284
-31.2,59,2989.433737
264.1,48,2989.530397
-30.8,67,2989.640136
291.2,70,2989.762237
67.8,58,2989.854786
-15.6,42,2989.927742
-18.8,32,2989.984086
50.4,40,2990.048536
-20.3,76,2990.181429
14.9,52,2990.266366
307.2,53,2990.372128
12.1,69,2990.498635
-23.9,61,2990.606273
302.2,53,2990.695289
10.9,55,2990.790461
297.2,96,2990.948954
300.6,76,2991.081993
317.2,61,2991.179491
-72.5,28,2991.226075
-77.6,26,2991.280601
6.9,52,2991.383887
-99.9,45,2991.461194
-100.0,44,2991.533167
283.8,68,2991.647379
321.2,62,2991.744085
325.8,60,2991.853532
313.4,82,2992.031823
33.7,53,2994.241175
317.2,64,2994.342062
267.6,64,2994.44282
-1.7,66,2994.547065
-108.9,47,2994.621803
8.5,65,2994.725628
27.2,67,2994.83013
332.2,51,2994.911177
288.7,66,2995.015438
-37.9,43,2995.085393
42.0,53,2995.171615
32.8,50,2995.25782
3.6,56,2995.346369
-30.3,40,2995.413206
292.2,77,2995.533869
306.3,75,2995.651533
319.7,68,2995.758111
303.4,87,2995.896814
262.6,67,2996.001298
288.0,63,2996.100306
0.1,78,2996.236294
312.1,74,2996.352464
39.9,57,2996.441892
36.8,57,2996.531999
282.2,71,2996.642886
-20.5,71,2996.754458
315.1,90,2996.898064
-133.5,43,2996.965161
29.6,78,2997.08834
-76.2,33,2997.1404
268.9,74,2997.260939
47.9,67,2997.375993
-81.8,48,2997.452252
45.5,68,2999.607318
244.6,66,2999.710443
287.2,53,2999.792644
293.0,66,2999.897049
-62.2,50,2999.97576
311.2,63,3000.074493
55.4,57,3000.164681
38.8,101,3000.327663
-13.2,16,3000.365724
-11.4,53,3000.451969
329.7,67,3000.557726
49.9,53,3000.642973
-41.2,42,3000.709793
21.0,63,3000.808133
-20.0,24,3000.846708
66.6,72,3000.959522
307.2,55,3001.04622
317.2,63,3001.149065
-66.0,32,3001.202187
-102.4,47,3001.27734
-44.5,53,3001.361248
43.4,52,3001.458835
-100.0,53,3001.541861
88.2,64,3001.642148
10.1,51,3001.722996
282.5,67,3001.828524
-23.5,64,3001.927647
-5.9,46,3002.000222
297.2,85,3002.13342
40.4,52,3002.216136
45.7,47,3002.289821
307.2,63,3002.389195
311.2,75,3002.505042
292.2,55,3002.590935
-92.0,28,3002.636234
52.4,48,3002.711266
381.2,73,3004.877624
-66.0,48,3004.952692
75.0,79,3005.075505
331.9,83,3005.208199
288.0,64,3005.308531
337.2,62,3005.408474
78.3,74,3005.524393
0.0,47,3005.611318
52.1,43,3005.680494
-7.1,73,3005.795903
-13.1,43,3005.864415
340.4,81,3005.99129
10.8,64,3006.090329
-53.2,33,3006.142558
-52.3,55,3006.230171
45.4,63,3006.32824
86.2,72,3006.442319
22.8,64,3006.543678
313.9,72,3006.657213
35.4,42,3006.724725
3.6,46,3006.798186
295.5,76,3006.915641
2.9,42,3006.981929
-107.8,82,3007.110525
10.8,46,3007.182014
265.9,69,3007.29066
70.2,56,3007.378304
0.9,71,3007.489392
-16.4,52,3007.571078
-66.1,35,3007.632092
321.6,79,3007.755812
48.1,69,3007.862273
270.2,59,3007.95429
274.4,76,3010.122325
64.5,67,3010.232878
283.0,77,3010.354815
-111.7,36,3010.412236
-93.8,84,3010.541632
-38.0,26,3010.583419
-13.9,55,3010.669325
5.4,62,3010.767242
29.2,65,3010.869458
11.4,103,3011.030233
293.5,64,3011.129621
306.2,58,3011.22313
-58.3,36,3011.28132
38.3,65,3011.392328
-11.3,52,3011.500132
322.2,60,3011.618842
-39.5,48,3011.712907
302.2,51,3011.808338
291.3,62,3011.917265
-78.6,57,3012.011105
302.2,73,3012.129809
-24.3,68,3012.254602
42.6,72,3012.377407
-45.1,29,3012.425018
2.8,70,3012.538414
257.7,55,3012.625329
-38.2,42,3012.691004
312.2,68,3012.809524
260.5,73,3012.92246
-68.1,40,3012.985312
306.2,62,3013.082218
302.2,62,3013.17764
-50.5,40,3013.243217
281.9,74,3013.359565
32.7,62,3013.456053
-72.8,29,3015.670931
324.7,67,3015.777512
45.4,48,3015.852689
282.2,53,3015.944499
-67.6,60,3016.041253
65.4,54,3016.127237
277.3,72,3016.242828
76.1,75,3016.363562
-14.6,68,3016.471314
30.5,49,3016.550783
282.2,66,3016.654447
-15.6,82,3016.784138
-77.2,45,3016.855049
3.6,41,3016.920974
292.2,54,3017.017528
307.2,61,3017.117575
292.2,49,3017.212307
290.2,53,3017.305997
281.4,82,3017.611635
32.0,74,3017.840845
289.8,63,3017.953235
-18.2,53,3018.051367
91.6,68,3018.179369
-103.2,33,3018.24174
55.4,50,3018.327706
-34.4,37,3018.389951
65.4,73,3018.515623
67.9,74,3018.640528
44.0,71,3018.762691
6.0,81,3018.889906
-36.1,34,3018.94751
322.1,77,3019.076095
47.9,72,3019.191288
30.4,40,3019.257043
290.2,65,3019.360903
298.9,74,3021.867576
30.4,33,3021.920244
-1.4,38,3021.980895
34.1,75,3022.105282
315.0,81,3022.2782
-24.4,47,3022.389661
118.9,53,3022.51139
-46.5,44,3022.655084
55.0,59,3022.815846
-18.6,52,3022.957688
-3.6,55,3023.075082
295.5,51,3023.167823
315.5,79,3023.29624
-21.7,63,3023.396386
3.7,55,3023.490397
-34.5,60,3023.596
297.1,53,3023.683565
18.6,57,3023.77738
-43.2,23,3023.815259
234.4,74,3023.937862
297.2,57,3024.032438
290.2,69,3024.152574
5.6,46,3024.231761
74.9,77,3024.364576
299.2,60,3024.458268
-36.4,65,3024.561737
3.2,73,3024.681009
-14.6,56,3024.778877
25.8,72,3024.895107
242.4,54,3024.986169
50.4,53,3025.078468
240.6,60,3025.185226
292.2,64,3025.309102
289.5,68,3025.428981
-97.2,23,3025.467602
75.4,75,3027.763704
0.6,35,3027.820092
50.8,57,3027.916502
282.2,59,3028.045039
314.0,52,3028.129947
58.2,76,3028.251456
282.2,58,3028.348094
337.2,87,3028.499237
312.2,60,3028.614682
-94.1,41,3028.68119
265.6,88,3028.823532
65.0,58,3028.948283
97.2,67,3029.054109
277.2,49,3029.131166
-22.6,43,3029.208861
279.0,79,3029.460939
-9.2,43,3029.670977
-7.4,57,3029.854573
312.2,58,3029.983912
272.2,59,3030.095947
-79.2,42,3030.168344
78.4,66,3030.290838
320.7,66,3030.4059
310.2,71,3030.52704
-6.2,53,3030.651451
-80.1,39,3030.718453
40.6,65,3030.830409
43.0,57,3030.935374
-28.2,71,3031.067678
55.1,83,3031.233374
-12.2,61,3031.337358
60.7,67,3031.453859
18.1,63,3031.553517
28.6,61,3031.648936
14.9,53,3033.970017
-26.9,58,3034.0667
-20.0,44,3034.136224
47.5,67,3034.260785
275.9,66,3034.372963
44.2,42,3034.446073
34.0,64,3034.547957
326.2,67,3034.660237
-1.4,27,3034.711622
35.2,80,3034.872186
71.4,63,3034.976749
26.2,61,3035.086246
272.3,58,3035.216816
-26.1,44,3035.353947
4.3,75,3035.516827
59.4,44,3035.608276
26.2,65,3035.731126
20.4,75,3035.862885
34.9,56,3035.963736
297.2,69,3036.082199
85.6,70,3036.204465
21.0,73,3036.322582
-36.9,49,3036.403889
-57.1,78,3036.540664
-11.7,50,3036.628675
318.1,63,3036.739134
-30.8,47,3036.827077
292.2,59,3036.934534
297.2,72,3037.056339
292.2,49,3037.139965
327.2,54,3037.234097
-80.3,55,3037.321038
278.5,70,3037.433887
55.5,75,3037.551056
26.4,35,3040.12994
294.2,56,3040.250957
283.7,69,3040.440156
302.2,77,3040.58457
-12.4,80,3040.736794
44.9,47,3040.827187
70.3,72,3041.176313
287.2,68,3041.477102
54.4,74,3041.599922
275.2,55,3041.695805
65.9,64,3041.80711
41.5,54,3041.903004
-57.4,36,3041.968574
33.6,57,3042.062895
92.0,68,3042.182175
-58.6,33,3042.24658
111.8,72,3042.387771
39.1,70,3042.502305
-31.0,52,3042.58553
-26.6,76,3042.720204
-84.2,58,3042.824902
70.5,64,3042.937015
22.4,81,3043.081212
292.2,59,3043.175154
77.7,77,3043.298929
-29.5,61,3043.428862
44.6,81,3043.599411
292.2,58,3043.717367
-31.8,63,3043.839085
267.8,90,3044.025789
287.2,56,3044.152344
310.2,52,3044.237798
296.0,58,3046.641177
330.2,74,3046.763383
24.7,72,3046.879512
-9.6,48,3046.957583
64.3,68,3047.066301
-11.4,53,3047.150994
-56.5,22,3047.187898
28.3,55,3047.281156
21.3,52,3047.365108
66.0,89,3047.505884
-48.1,41,3047.581571
6.3,62,3047.689132
46.8,66,3047.797407
305.7,71,3047.91241
305.3,65,3048.013853
-69.9,44,3048.084024
-61.9,58,3048.176654
29.2,53,3048.261976
286.4,74,3048.379447
282.7,76,3048.504191
290.4,65,3048.606774
297.2,45,3048.67888
352.5,70,3048.788266
47.1,59,3048.880144
-57.6,73,3048.99551
-15.7,45,3049.067431
290.2,74,3049.182971
5.8,55,3049.270193
-89.6,74,3049.38849
-33.4,58,3049.480263
14.1,63,3049.586929
300.7,60,3049.698762
-39.0,38,3049.762648
301.9,54,3049.848378
-45.7,37,3049.908025
334.0,85,3052.115103
29.8,66,3052.31355
15.5,70,3052.433176
0.2,55,3052.521643
304.2,75,3052.641605
-17.1,57,3052.732869
275.5,58,3052.824444
82.8,75,3052.941844
-23.3,87,3053.079518
37.7,56,3053.176272
65.4,41,3053.304929
293.2,61,3053.43639
43.9,60,3053.533118
48.1,60,3053.630317
53.8,68,3053.741919
1.5,49,3053.829683
29.1,49,3053.920243
79.3,83,3054.077021
282.2,48,3054.156746
6.1,73,3054.275016
340.2,74,3054.400657
314.2,53,3054.494174
-71.9,24,3054.537457
332.2,59,3054.635589
3.7,60,3054.730591
28.4,76,3054.871715
291.0,69,3055.010039
-82.8,72,3055.154782
-1.9,64,3055.3079
-40.2,65,3055.503554
317.2,57,3055.612525
382.7,73,3055.728412
328.9,71,3058.234591
40.3,62,3058.345539
-25.1,65,3058.473766
-14.2,38,3058.539122
-12.0,21,3058.573581
-41.4,59,3058.667503
282.7,50,3058.746831
9.0,49,3058.825699
79.9,64,3058.926698
315.7,64,3059.036514
-20.7,50,3059.116463
262.0,82,3059.248109
312.2,61,3059.343408
307.2,64,3059.445877
297.2,43,3059.513075
42.3,61,3059.614692
42.2,45,3059.701709
306.4,82,3059.853468
307.2,68,3059.974562
282.6,62,3060.092425
-50.6,50,3060.181129
307.2,70,3060.304336
43.2,76,3060.446777
-10.5,41,3060.522056
308.1,70,3060.642883
52.5,47,3060.731445
287.2,53,3060.81496
300.8,52,3060.90253
306.2,49,3060.997117
27.2,46,3061.083828
32.9,94,3061.257411
-89.6,68,3061.377254
29.9,32,3061.445715
297.2,61,3061.564392
326.2,65,3061.679315
292.2,51,3061.760235
-42.5,79,3064.526887
298.6,75,3064.657599
51.6,72,3064.768526
272.8,75,3064.913454
281.8,67,3065.03762
-111.8,77,3065.180504
279.1,63,3065.287017
307.2,93,3065.437634
2.2,48,3065.512894
56.1,77,3065.633492
35.7,102,3065.795712
-59.0,52,3065.883918
49.7,67,3065.995069
-3.8,51,3066.076027
386.0,70,3066.185785
55.4,39,3066.250502
276.0,51,3066.338929
19.9,52,3066.422127
57.2,61,3066.518327
-25.2,55,3066.605273
-23.2,65,3066.719598
321.0,62,3066.824241
24.7,62,3066.921956
55.4,63,3067.025799
-17.9,44,3067.096081
294.2,58,3067.185981
-59.7,61,3067.301941
312.4,69,3067.44326
58.9,81,3067.577146
-2.2,61,3067.672526
26.5,76,3067.792233
-20.7,44,3069.963098
68.4,51,3070.044238
-82.9,83,3070.174624
-61.9,27,3070.21851
357.2,56,3070.307674
-1.3,53,3070.395137
40.7,67,3070.50674
322.2,63,3070.605391
78.4,62,3070.703365
13.5,90,3070.844851
63.7,72,3070.957357
287.2,90,3071.097105
0.0,40,3071.160383
15.0,63,3071.261488
48.1,53,3071.345266
322.7,71,3071.45831
9.4,64,3071.574046
1.5,47,3071.649775
15.0,56,3071.739267
292.2,69,3071.848005
-91.4,58,3071.943677
301.2,87,3072.081142
-39.3,74,3072.197329
327.2,57,3072.290251
76.2,66,3072.397094
272.2,50,3072.4767
11.3,57,3072.583943
23.8,59,3072.683695
-70.0,35,3072.741809
276.9,65,3072.845258
30.2,58,3072.936415
273.1,75,3073.054352
42.1,58,3073.146568
27.0,68,3075.28215
331.2,58,3075.381247
8.1,67,3075.488186
312.7,70,3075.597745
274.9,71,3075.724297
-12.5,59,3075.818858
-96.4,68,3075.927131
302.3,50,3076.007111
-48.2,46,3076.080657
300.5,73,3076.194897
302.1,78,3076.319672
-29.0,51,3076.402427
-121.6,47,3076.477628
-48.2,26,3076.51882
10.7,66,3076.622812
-18.1,50,3076.716558
23.2,65,3076.819836
267.3,49,3076.898345
-45.7,47,3076.973165
307.2,47,3077.047794
-28.9,47,3077.121877
-63.6,45,3077.194414
32.4,65,3077.298303
47.6,60,3077.396027
47.1,58,3077.488656
-9.4,57,3077.580207
40.3,74,3077.697821
78.9,59,3077.791282
3.3,68,3077.898878
326.2,76,3078.01933
3.0,38,3078.081626
305.7,52,3078.164017
-118.8,37,3078.222459
288.5,75,3078.343903
310.7,44,3078.415019
21.1,58,3078.5067
-53.2,48,3080.693412
-53.1,23,3080.730798
23.0,57,3080.821142
-44.2,52,3080.91609
60.4,51,3081.001676
22.0,52,3081.092777
311.2,87,3081.236142
19.0,80,3081.359865
-19.8,47,3081.435196
311.9,57,3081.524877
60.4,61,3081.620223
303.6,65,3081.722284
45.4,43,3081.790804
-116.1,21,3081.824193
56.3,66,3081.928041
305.0,49,3082.00555
-122.1,40,3082.070985
362.2,73,3082.188399
50.4,52,3082.27505
-15.8,71,3082.392121
42.4,60,3082.512746
291.2,53,3082.617109
302.1,68,3082.728952
29.6,72,3082.844398
277.1,78,3082.976474
-77.1,67,3083.092419
312.2,79,3083.216984
35.4,48,3083.294999
29.8,52,3083.377614
-53.3,80,3083.532517
-50.2,39,3083.600091
292.2,73,3083.720706
-21.7,39,3083.783852
-60.0,53,3083.868208
326.2,63,3083.977989
281.8,58,3084.069397
-81.9,50,3086.435895
13.5,52,3086.539463
5.0,81,3086.714038
27.9,90,3086.9171
-82.2,51,3087.030913
-26.7,46,3087.12992
278.7,60,3087.252262
289.8,63,3087.402395
45.4,38,3087.497986
45.4,76,3087.647099
20.0,43,3087.738302
250.9,64,3087.866656
71.1,69,3088.011061
316.2,80,3088.177871
-50.5,42,3088.247572
314.8,62,3088.344433
233.7,74,3088.475684
-87.4,53,3088.570383
-44.6,76,3088.699191
1.7,50,3088.785213
271.8,67,3088.908591
-4.3,81,3089.054551
297.2,61,3089.198939
-37.5,44,3089.27691
-78.4,38,3089.343642
292.2,65,3089.455346
320.2,54,3089.556784
322.2,53,3089.65903
-13.9,39,3089.731262
327.2,65,3089.846035
-84.3,38,3089.914639
27.8,61,3090.027902
46.0,76,3090.149271
-124.1,37,3090.214759
32.9,51,3090.305664
1.7,43,3092.773994
55.2,73,3092.893492
-73.2,38,3092.960859
-83.9,54,3093.052776
-39.7,59,3093.147574
58.3,52,3093.230792
259.2,65,3093.335825
-3.9,59,3093.486776
-26.8,43,3093.607473
281.2,86,3093.857997
271.9,60,3093.968645
77.8,74,3094.088782
-9.3,65,3094.203636
62.4,82,3094.336942
32.8,82,3094.468223
287.5,68,3094.575018
65.4,45,3094.647801
312.2,58,3094.743722
19.5,73,3094.8726
337.2,63,3094.993629
-84.4,37,3095.056688
19.0,41,3095.122372
327.2,62,3095.226261
-45.2,46,3095.304508
32.7,60,3095.418978
-7.6,51,3095.501461
55.3,63,3095.612939
65.7,66,3095.717451
307.2,73,3095.83171
261.4,67,3095.938037
312.2,97,3096.098342
23.6,70,3096.207605
291.9,69,3096.320547
82.2,61,3098.641107
19.6,66,3098.744945
40.6,59,3098.839975
282.2,66,3098.94505
302.2,47,3099.02645
304.2,60,3099.124166
263.6,63,3099.237966
297.5,59,3099.35483
-18.1,45,3099.435503
-66.3,67,3099.546945
35.4,65,3099.680642
31.2,44,3099.761155
312.2,69,3099.88114
-33.8,67,3099.991418
-10.8,55,3100.090666
-90.5,75,3100.247909
69.9,70,3100.40456
-46.7,75,3100.576251
294.3,70,3100.719522
-114.2,60,3100.851059
310.2,72,3100.982613
301.0,51,3101.076941
0.0,60,3101.214596
-20.2,51,3101.299856
-76.4,55,3101.388242
25.4,48,3101.467582
-2.5,57,3101.604831
-81.8,70,3101.748314
-39.7,55,3101.855984
287.8,53,3101.939826
345.4,70,3102.05108
317.2,64,3102.15126
291.7,63,3102.302644
-9.5,58,3104.751023
317.9,57,3104.855171
295.8,74,3104.98768
-24.5,44,3105.05776
277.6,77,3105.18025
82.6,71,3105.302393
-56.5,34,3105.386153
3.6,57,3105.479573
285.7,52,3105.617812
263.2,70,3105.811681
106.5,83,3105.958636
20.1,52,3106.094146
-48.2,26,3106.165889
90.6,99,3106.331522
67.3,72,3106.445878
13.4,55,3106.534654
39.4,40,3106.598892
0.4,50,3106.708386
-43.2,28,3106.752733
-44.4,86,3106.887987
57.5,64,3106.991428
-0.4,53,3107.081136
62.5,89,3107.223259
282.2,46,3107.298739
321.6,85,3107.434211
69.8,51,3107.515327
302.2,57,3107.623983
28.1,84,3107.759723
330.5,84,3107.895506
-30.5,81,3108.025614
290.5,58,3108.116007
45.8,71,3108.228281
-91.2,35,3108.28712
338.9,64,3110.942695
-45.4,57,3111.099643
27.0,39,3111.190998
-29.0,54,3111.279313
75.2,63,3111.379867
-12.7,40,3111.446803
309.0,73,3111.561175
-93.5,51,3111.642276
321.2,52,3111.725237
-66.9,40,3111.789924
268.4,75,3111.910667
-16.9,86,3112.043964
66.8,78,3112.172624
332.7,65,3112.275864
80.4,73,3112.391836
-64.1,50,3112.470984
-38.7,43,3112.538391
-22.0,51,3112.618278
277.2,52,3112.699192
-14.3,50,3112.778945
42.6,55,3112.866582
47.6,61,3112.964394
-100.0,33,3113.016719
-37.9,48,3113.10161
31.2,50,3113.183506
278.6,63,3113.284519
63.5,61,3113.380715
-8.9,44,3113.45197
5.3,76,3113.572014
294.2,69,3113.679414
13.3,80,3113.805944
-71.6,40,3113.869805
-111.4,20,3113.901242
41.9,50,3113.981325
61.0,57,3114.071884
288.3,54,3114.166744
-57.6,45,3114.242081
278.4,59,3116.373326
71.1,57,3116.46686
84.2,76,3116.584816
292.1,60,3116.67925
272.3,69,3116.787558
-29.1,58,3116.879048
-49.3,62,3116.976843
24.3,69,3117.085593
332.2,59,3117.179941
44.4,78,3117.314868
-53.2,57,3117.403979
245.7,74,3117.520566
286.2,62,3117.618218
66.1,65,3117.721703
285.3,76,3117.840731
-37.1,21,3117.875218
287.2,74,3117.989198
52.8,51,3118.069656
45.9,79,3118.193197
-6.4,36,3118.25042
6.0,56,3118.353529
-34.9,33,3118.407418
29.5,62,3118.50425
20.9,59,3118.596224
-24.4,64,3118.697214
0.0,55,3118.784186
68.0,76,3118.905236
317.2,57,3119.028228
287.2,75,3119.184365
291.0,80,3119.409222
8.6,33,3119.481256
71.3,45,3119.63032
292.2,76,3119.761019
276.0,63,3119.864946
61.9,60,3122.099059
262.2,87,3122.235668
33.8,62,3122.334992
283.2,72,3122.463859
-16.3,70,3122.57479
25.5,78,3122.697318
50.4,46,3122.771465
-11.0,60,3122.865994
319.3,70,3122.974752
322.2,66,3123.079284
-27.0,44,3123.149381
307.5,67,3123.256007
278.5,64,3123.358419
76.5,63,3123.460994
341.2,55,3123.54801
292.2,61,3123.644577
10.9,88,3123.78337
-11.6,49,3123.860428
30.2,44,3123.931251
260.2,68,3124.039413
20.6,66,3124.142089
288.5,62,3124.239962
87.0,74,3124.359314
278.2,64,3124.46023
53.9,67,3124.572066
293.2,62,3124.66904
-6.3,64,3124.770028
285.1,62,3124.867427
-71.5,67,3124.972887
31.5,53,3125.059642
320.2,60,3125.155614
288.9,72,3125.269219
272.1,68,3127.453653
-67.6,58,3127.546037
-39.6,70,3127.654878
267.6,70,3127.764577
1.7,37,3127.824244
317.2,53,3127.907063
-11.4,37,3127.965841
-116.2,79,3128.088663
14.9,72,3128.199573
343.9,63,3128.300692
-43.1,69,3128.411313
-17.3,60,3128.506921
0.8,40,3128.571411
51.2,55,3128.66502
-61.2,43,3128.733598
-18.4,75,3128.852832
82.7,70,3128.962028
61.9,72,3129.073875
302.2,50,3129.152365
72.7,72,3129.265619
-66.8,38,3129.328656
-45.8,72,3129.442974
281.0,78,3129.566235
-1.4,48,3129.653731
-23.6,62,3129.773905
-19.6,69,3129.898985
-22.5,68,3130.024218
283.7,88,3130.192523
347.2,48,3130.268925
282.2,58,3130.370913
323.0,79,3130.504694
-72.4,60,3130.601346
-99.8,29,3130.650401
286.0,66,3133.316034
-3.1,53,3133.416819
60.6,56,3133.520217
15.3,54,3133.667714
8.6,59,3133.803463
27.3,47,3133.898726
279.2,61,3133.998426
-21.8,55,3134.092657
38.0,88,3134.282204
304.6,59,3134.376926
-16.9,57,3134.485546
333.5,64,3134.605698
275.2,72,3134.73236
-110.6,39,3134.822601
287.2,62,3135.023778
-7.6,39,3135.106116
-69.4,28,3135.158082
22.5,59,3135.258286
276.0,73,3135.382575
-45.5,48,3135.476223
334.2,66,3135.587335
50.4,67,3135.701373
312.2,47,3135.78432
269.4,70,3135.897662
307.4,83,3136.030644
307.2,76,3136.149527
302.2,54,3136.238913
273.6,62,3136.350626
75.6,87,3136.493446
322.2,60,3136.605419
284.0,59,3136.703186
69.1,71,3136.816734
-57.1,72,3136.953653
75.8,44,3137.030904
3.9,72,3139.362641
-66.4,44,3139.434275
-51.0,55,3139.522183
37.4,60,3139.616577
281.0,54,3139.702394
13.6,68,3139.81013
-42.7,31,3139.861725
-38.0,59,3139.960798
70.4,61,3140.056998
3.6,36,3140.115605
287.2,52,3140.203732
-25.3,81,3140.334607
327.2,60,3140.431848
306.2,61,3140.527488
-58.0,58,3140.629294
305.4,56,3140.717098
281.2,54,3140.803379
-69.9,38,3140.864129
320.7,72,3140.976172
75.4,92,3141.119288
320.6,66,3141.235595
-19.5,46,3141.312991
23.6,42,3141.379959
287.3,60,3141.475625
30.0,71,3141.585808
320.2,87,3141.723062
40.1,69,3141.842606
-19.9,48,3141.919669
297.9,95,3142.069569
5.6,80,3142.205098
49.0,68,3142.328284
-46.5,46,3142.404719
54.3,55,3142.492197
45.0,66,3142.611603
-9.9,52,3144.845625
288.9,61,3144.94884
-57.9,28,3144.995931
-98.6,46,3145.07985
288.5,65,3145.183453
291.8,52,3145.293023
303.1,70,3145.488533
295.2,59,3145.672702
35.4,33,3145.762355
289.7,85,3145.926807
-11.4,20,3145.95926
31.8,45,3146.030267
48.3,68,3146.157084
12.6,64,3146.279197
-46.1,29,3146.331081
14.7,76,3146.472192
297.5,59,3146.579178
-33.7,44,3146.658588
266.1,48,3146.742926
27.3,49,3146.831734
-49.1,53,3146.925793
275.6,67,3147.03331
311.2,46,3147.10617
-21.8,21,3147.140397
16.9,72,3147.254369
316.2,87,3147.409838
5.2,67,3147.515068
16.3,51,3147.597063
50.2,57,3147.687796
-93.0,63,3147.795795
-1.4,30,3147.85063
-33.2,20,3147.892305
42.6,38,3147.953388
317.1,76,3148.074496
277.2,60,3148.167443
-24.7,66,3148.271597
80.4,53,3148.356431
-46.0,41,3148.42388
-90.2,36,3148.488813
34.3,58,3150.770863
-14.0,59,3150.893375
301.2,64,3150.995665
-45.4,65,3151.110536
337.2,65,3151.225805
322.2,79,3151.366518
287.2,57,3151.460645
30.7,60,3151.556805
9.7,38,3151.618151
282.2,62,3151.715156
291.2,61,3151.810722
349.5,88,3151.97681
13.8,86,3152.130905
-2.6,52,3152.219295
30.3,35,3152.27932
-118.7,9,3152.295661
334.2,81,3152.436383
-48.2,27,3152.496839
-4.2,59,3152.594127
-17.5,38,3152.655981
-12.9,48,3152.747185
250.2,68,3152.868901
307.2,49,3152.951006
-66.9,24,3152.990702
-43.7,34,3153.060791
245.3,72,3153.17746
37.8,76,3153.296656
332.2,48,3153.39345
280.9,62,3153.508144
267.8,81,3153.659031
49.0,63,3153.764943
290.5,86,3153.917686
282.2,48,3153.995522
28.1,65,3154.111899
277.0,64,3154.236057
36.4,77,3156.613939
-44.8,49,3156.693931
26.2,62,3156.803666
24.3,61,3156.907772
-22.1,50,3157.003266
29.7,56,3157.093098
295.6,60,3157.207236
-3.4,31,3157.26975
-65.3,62,3157.3721
60.3,54,3157.475171
-16.3,52,3157.558941
307.2,52,3157.653906
-57.5,40,3157.719146
292.2,62,3157.83443
-60.6,40,3157.899487
277.2,65,3158.02098
288.3,63,3158.135224
285.7,70,3158.252588
262.1,74,3158.370491
-59.6,54,3158.456866
-47.6,34,3158.511689
304.1,59,3158.622602
8.4,78,3158.768032
25.9,55,3158.874049
297.2,81,3159.024038
-35.0,38,3159.083862
285.0,75,3159.228862
13.2,68,3159.35191
254.6,89,3159.508895
6.7,66,3159.614065
-6.1,71,3159.725186
-66.4,45,3159.796762
38.7,71,3159.907844
1.0,78,3160.032652
311.2,72,3162.608858
-37.1,62,3162.706914
292.2,54,3162.805735
-9.8,56,3162.94838
303.6,55,3163.107297
-78.2,24,3163.160013
76.0,59,3163.274221
26.5,67,3163.420163
45.4,51,3163.512616
68.6,83,3163.686952
-71.0,52,3163.805952
296.2,80,3163.956781
282.2,70,3164.08193
102.4,77,3164.247845
-29.7,58,3164.372394
-63.4,46,3164.493563
-92.0,50,3164.578407
282.2,48,3164.660259
297.6,74,3164.790964
297.2,53,3164.88117
1.1,59,3164.999966
57.4,80,3165.168599
37.9,60,3165.351312
-30.3,46,3165.467351
327.2,62,3165.584331
305.7,53,3165.676932
9.8,72,3165.819684
302.3,59,3165.933795
-40.9,47,3166.017052
-30.4,65,3166.142434
277.2,44,3166.236679
-6.9,77,3166.475845
-61.7,77,3166.616385
54.5,66,3166.734586
-25.7,54,3169.22422
21.5,42,3169.31354
41.8,59,3169.465998
-64.6,47,3169.622074
-4.5,63,3169.756935
1.9,74,3169.889249
11.8,58,3170.008933
-13.1,37,3170.082147
-89.8,31,3170.141278
288.5,68,3170.263513
46.0,56,3170.366554
-6.4,62,3170.498007
-25.3,44,3170.577658
9.3,58,3170.670499
80.4,51,3170.755884
339.5,75,3170.920321
287.2,47,3171.011207
283.0,67,3171.120894
22.7,67,3171.227086
-2.9,80,3171.369859
33.7,51,3171.471078
40.1,63,3171.611891
48.3,63,3171.73804
316.0,70,3171.867737
332.2,54,3171.964663
-49.0,58,3172.088365
24.8,68,3172.293576
-105.1,41,3172.381808
11.6,75,3172.515964
-6.8,69,3172.64338
280.7,59,3172.754255
-10.0,80,3172.912221
2.1,79,3173.043963
-7.8,60,3173.1522
-30.7,75,3176.440146
382.2,66,3176.553682
64.3,59,3176.676739
277.2,56,3176.788335
62.4,68,3176.896443
282.1,82,3177.045127
292.2,65,3177.15829
281.6,64,3177.301048
-51.0,64,3177.438113
297.2,62,3177.570697
50.4,56,3177.699929
317.2,58,3177.823953
38.9,80,3177.961937
-4.9,73,3178.084812
314.5,58,3178.187624
287.6,72,3178.323168
-29.9,62,3178.430398
281.2,61,3178.534615
302.9,59,3178.648535
-64.2,48,3178.727
301.0,64,3178.835746
283.5,75,3178.965993
-10.7,64,3179.097082
-36.4,42,3179.185182
40.4,49,3179.276737
310.4,76,3179.425722
-74.4,51,3179.511148
333.3,65,3179.617413
283.9,70,3179.727839
-87.0,42,3179.806064
-5.3,66,3179.9226
-21.0,47,3180.002958
23.6,53,3180.101925
18.6,54,3182.759259
54.4,48,3182.852511
54.3,71,3182.999832
27.4,37,3183.072124
-7.4,55,3183.180591
282.2,53,3183.274318
262.7,69,3183.403732
291.2,50,3183.513108
-50.7,57,3183.602828
305.9,76,3183.722101
59.2,47,3183.796283
17.1,63,3183.911256
327.2,66,3184.042276
327.2,45,3184.129984
319.2,61,3184.2421
-9.3,47,3184.318648
4.7,63,3184.429996
45.8,67,3184.549154
-50.4,49,3184.649523
317.0,61,3184.765451
296.0,48,3184.871669
316.9,72,3185.003356
36.5,71,3185.114078
268.1,84,3185.26706
297.2,66,3185.404756
8.7,75,3185.559838
-3.0,62,3185.691706
-68.1,32,3185.75052
-53.2,28,3185.819372
263.7,66,3185.966825
-13.2,54,3186.10015
280.8,63,3186.227018
9.4,47,3186.327056
46.8,51,3186.430449
72.2,85,3186.591919
84.1,70,3188.950002
-19.9,48,3189.031755
-8.8,67,3189.137303
311.2,47,3189.218385
274.5,88,3189.496383
-96.4,61,3189.748622
276.3,78,3190.020422
31.3,77,3190.159327
-6.1,46,3190.234054
255.9,46,3190.321574
312.2,51,3190.416313
281.7,58,3190.522646
275.1,45,3190.643654
13.3,71,3190.839981
290.5,79,3191.073392
-26.1,77,3191.201191
327.2,89,3191.349872
50.9,59,3191.451507
282.2,56,3191.547637
332.2,62,3191.652328
8.8,61,3191.761284
24.1,30,3191.846272
274.8,79,3192.136106
42.4,56,3192.276171
-48.4,42,3192.375666
13.3,62,3192.544536
-34.5,49,3192.660408
-16.4,53,3192.758598
-48.2,22,3192.796404
290.2,76,3192.950249
-43.2,18,3192.992787
-29.0,52,3193.09984
325.0,70,3193.231419
43.8,52,3193.330749
316.0,77,3193.482524
288.9,54,3195.891818
-84.2,31,3195.955701
-86.7,63,3196.057072
65.9,65,3196.165906
61.3,80,3196.336523
38.8,59,3196.571612
279.7,68,3196.812361
-0.4,50,3196.951735
-29.6,73,3197.124216
231.2,85,3197.276535
298.5,58,3197.403026
-53.2,41,3197.483589
43.4,36,3197.553382
312.2,74,3197.730728
297.2,61,3197.93085
35.4,50,3198.043158
-85.5,39,3198.149913
305.8,70,3198.413078
-21.3,52,3198.620553
34.2,54,3198.843889
297.2,74,3199.154588
3.4,67,3199.428092
309.2,70,3199.581755
312.8,67,3199.694026
28.1,64,3199.802369
-14.7,61,3199.905677
266.5,49,3199.992914
292.0,72,3200.142505
278.3,56,3200.245243
31.2,59,3200.347685
290.2,64,3200.457342
283.3,75,3200.60608
61.0,88,3200.771661
19.4,75,3203.221695
55.7,88,3203.363614
-17.8,32,3203.414873
302.2,53,3203.5002
296.0,85,3203.643101
73.7,50,3203.72416
292.2,62,3203.823362
41.8,27,3203.868845
278.6,69,3203.977443
66.5,74,3204.099719
317.2,70,3204.210801
286.2,54,3204.303331
297.3,55,3204.399046
281.9,85,3204.565995
273.0,79,3204.696539
78.9,68,3204.806558
-8.8,54,3204.909942
-1.4,40,3204.980015
74.7,60,3205.080041
296.2,47,3205.166972
40.0,53,3205.252582
263.6,71,3205.369236
-3.2,57,3205.471079
307.2,64,3205.591555
-15.8,33,3205.646028
44.7,69,3205.765327
46.5,57,3205.855923
47.0,47,3205.930962
288.9,61,3206.030895
-7.5,51,3206.119855
-50.6,32,3206.177318
358.0,64,3206.285645
55.4,55,3206.37385
25.9,51,3206.455129
-39.8,86,3206.592522
-84.7,61,3208.781385
-25.9,67,3208.924408
29.3,53,3209.043178
-16.2,51,3209.159584
30.4,39,3209.260554
314.2,68,3209.511858
-35.9,59,3209.718396
76.7,66,3209.831868
-68.7,58,3209.938956
-53.9,37,3210.002596
345.7,63,3210.109224
-20.4,52,3210.203568
292.2,64,3210.319529
-60.6,49,3210.422139
269.1,82,3210.557752
73.3,76,3210.679679
307.2,73,3210.796715
262.0,61,3210.904717
9.4,76,3211.026463
291.0,80,3211.15526
-75.8,24,3211.195551
355.9,58,3211.287428
264.4,52,3211.374258
54.5,50,3211.463317
278.3,70,3211.581231
40.0,66,3211.689816
22.9,60,3211.801819
8.1,56,3211.89714
11.7,59,3211.99665
51.2,47,3212.085179
286.0,55,3212.256901
287.2,62,3212.449636
-16.6,76,3212.578145
-16.3,68,3212.69534
272.9,59,3215.305088
57.7,90,3215.450913
-9.4,46,3215.526601
357.2,70,3215.646647
279.7,59,3215.744298
301.0,68,3215.852958
294.1,72,3215.972839
-105.4,44,3216.044355
271.0,60,3216.140562
277.2,84,3216.285392
279.3,75,3216.40449
-99.6,62,3216.503096
54.8,55,3216.598015
-20.9,48,3216.675191
353.0,59,3216.767911
317.2,53,3216.858445
-69.7,40,3216.922427
-16.4,36,3216.978799
352.2,75,3217.098978
48.2,51,3217.180352
21.9,51,3217.261448
-64.4,47,3217.337609
292.2,66,3217.446937
332.2,51,3217.529017
-54.9,54,3217.619076
62.6,57,3217.711828
-58.5,54,3217.798004
-66.9,44,3217.868522
276.2,74,3217.98478
299.2,63,3218.090237
-100.2,68,3218.19555
290.0,84,3218.326993
-23.3,84,3218.462262
-15.7,46,3218.535298
-68.4,27,3220.726222
284.0,48,3220.80866
80.4,90,3220.94882
307.4,73,3221.070543
-45.3,52,3221.159972
19.5,80,3221.303122
344.0,76,3221.424414
-21.5,72,3221.538449
-2.9,67,3221.651843
33.0,72,3221.770648
29.3,69,3221.888629
-32.2,69,3221.997755
273.9,68,3222.106762
271.2,87,3222.251915
-102.8,49,3222.328166
284.5,72,3222.443535
17.9,73,3222.560683
329.2,60,3222.655266
-62.7,35,3222.713218
8.0,66,3222.822391
5.5,67,3222.946325
270.3,74,3223.062766
-58.2,40,3223.127435
6.4,67,3223.232757
297.2,74,3223.347864
-68.1,42,3223.415226
50.8,74,3223.54115
-58.3,59,3223.632911
18.4,40,3223.697248
327.2,66,3223.801272
68.4,49,3223.878182
40.6,64,3223.978817
264.5,65,3226.601846
297.2,60,3226.697423
-28.1,53,3226.780259
277.5,57,3226.869042
13.6,37,3226.927976
292.1,65,3227.048271
-25.7,37,3227.110296
69.4,70,3227.220433
-30.4,46,3227.291414
279.9,56,3227.380083
-6.4,26,3227.4211
8.1,49,3227.498848
19.9,81,3227.630013
282.0,65,3227.735716
35.4,70,3227.844651
-7.4,39,3227.908868
11.4,52,3227.990633
282.2,57,3228.078917
-67.1,36,3228.136446
8.5,57,3228.230685
337.2,61,3228.329471
-11.7,82,3228.459353
13.7,59,3228.553958
32.5,54,3228.640258
-33.2,57,3228.729902
274.2,70,3228.846322
82.9,72,3228.960628
-15.7,38,3229.02107
322.2,68,3229.133639
-109.1,45,3229.204145
302.2,70,3229.312685
284.7,71,3229.429186
-24.0,46,3229.508986
1.2,51,3229.589067
277.2,55,3229.675926
73.3,52,3229.759749
-64.1,38,3229.820974
307.2,59,3232.056888
292.2,66,3232.16036
-2.4,57,3232.249287
307.2,67,3232.355908
60.4,51,3232.444386
62.4,57,3232.536529
65.4,62,3232.635246
291.0,86,3232.772568
6.4,40,3232.835902
41.0,81,3232.962636
271.4,65,3233.07082
323.4,61,3233.166728
292.2,67,3233.278288
51.0,77,3233.401502
315.0,71,3233.514201
67.5,91,3233.665947
33.7,81,3233.792564
19.6,42,3233.859632
0.5,49,3233.936969
-14.3,48,3234.013115
264.2,66,3234.117374
-120.7,57,3234.207763
75.6,52,3234.308381
-0.7,64,3234.411909
302.1,65,3234.515319
49.6,62,3234.613441
-14.4,56,3234.701189
322.2,89,3234.847583
309.7,58,3234.937972
-61.5,32,3234.990592
28.8,62,3235.088372
9.9,48,3235.164089
44.2,58,3235.256725
224.0,56,3237.481981
7.0,48,3237.559127
286.1,84,3237.692229
-23.2,60,3237.786546
53.0,63,3237.896581
17.6,51,3237.978933
297.9,68,3238.088404
9.1,64,3238.189883
85.4,63,3238.290507
292.2,66,3238.400419
-26.3,55,3238.5024
-2.1,52,3238.584959
56.4,64,3238.688052
34.2,72,3238.802084
45.4,50,3238.882947
293.9,70,3238.992776
-44.2,68,3239.109921
78.4,67,3239.217449
-41.8,42,3239.285663
264.6,62,3239.385574
66.5,65,3239.506123
282.2,61,3239.602918
307.2,59,3239.704515
298.8,77,3239.826846
285.9,67,3239.933315
302.4,76,3240.05313
327.2,65,3240.155832
238.2,54,3240.251418
35.3,69,3240.364104
-14.0,35,3240.422518
-4.9,31,3240.472179
112.8,66,3240.579178
308.9,64,3240.682006
45.7,49,3240.761052
31.6,39,3243.33852
-53.2,28,3243.390012
283.2,54,3243.490448
-78.1,35,3243.555612
-56.9,40,3243.627208
-62.7,67,3243.738966
-5.2,40,3243.804054
7.2,59,3243.913377
24.6,87,3244.050534
38.6,62,3244.147232
107.9,89,3244.28962
307.2,73,3244.406834
288.2,62,3244.513942
286.2,48,3244.590829
13.0,91,3244.734649
28.7,50,3244.813795
333.5,84,3244.947237
-106.4,35,3245.00184
55.7,62,3245.10949
277.1,67,3245.213891
-5.1,69,3245.322474
-23.2,33,3245.379261
-48.4,55,3245.473603
24.4,62,3245.573869
312.2,63,3245.687173
-24.7,74,3245.804536
335.0,71,3245.917238
297.2,42,3245.983984
-117.7,17,3246.011415
-20.4,49,3246.089502
-128.8,58,3246.180746
-37.2,31,3246.237004
305.7,53,3246.329684
306.9,67,3246.439064
-16.8,63,3246.544942
34.8,64,3246.65872
-43.3,55,3248.878255
23.8,48,3248.955057
-8.8,52,3249.03874
259.0,74,3249.15424
83.7,89,3249.306103
312.2,59,3249.400425
-45.8,67,3249.508313
60.9,55,3249.595806
255.4,76,3249.715907
-48.6,57,3249.807733
75.8,66,3249.926552
40.4,37,3249.986342
43.0,59,3250.080347
36.9,58,3250.171983
-45.4,59,3250.265377
-27.2,44,3250.336726
-28.2,39,3250.401997
307.4,81,3250.542526
309.2,72,3250.655365
316.2,65,3250.757404
-84.7,60,3250.86079
-25.0,75,3250.983649
-144.5,47,3251.069629
331.5,68,3251.176605
287.2,52,3251.259541
331.2,53,3251.343246
24.8,64,3251.446413
-156.3,41,3251.514901
59.2,66,3251.619357
12.7,67,3251.733888
36.3,66,3251.838763
315.7,59,3251.946949
296.4,85,3252.082852
-15.8,75,3254.422769
343.3,81,3254.584551
56.6,50,3254.686466
286.4,74,3254.810054
321.0,62,3254.91086
-64.5,37,3254.981416
2.2,37,3255.058224
307.2,55,3255.157768
25.8,43,3255.23127
337.3,59,3255.344298
-10.7,58,3255.455273
31.9,70,3255.57123
6.2,62,3255.706309
-114.3,29,3255.762406
-41.2,41,3255.841286
-88.7,21,3255.882878
8.7,54,3255.968366
322.2,53,3256.059864
287.1,62,3256.169245
-72.0,45,3256.243893
290.2,73,3256.359019
-100.5,22,3256.394747
28.8,45,3256.472311
-37.1,69,3256.581611
301.2,56,3256.675446
71.2,41,3256.743608
-23.3,70,3256.853051
283.9,52,3256.93744
280.7,65,3257.0498
-16.1,40,3257.115961
282.2,48,3257.190843
50.0,69,3257.297532
-22.3,64,3257.399634
308.2,67,3257.506974
-50.0,43,3257.576206
-31.1,56,3257.673253
317.2,75,3257.790115
37.8,57,3257.880709
48.7,74,3260.303599
61.3,50,3260.409289
2.3,70,3260.531639
2.7,53,3260.621725
-69.6,44,3260.706066
-54.7,75,3260.837521
-100.0,56,3260.927618
24.0,59,3261.024467
295.7,51,3261.108465
-67.1,52,3261.191143
300.7,72,3261.311795
63.0,61,3261.410058
-90.8,47,3261.485811
296.6,68,3261.592428
45.4,60,3261.686266
342.2,59,3261.779443
25.5,57,3261.877678
289.8,53,3261.960801
272.2,50,3262.0392
53.8,59,3262.132385
27.5,82,3262.26335
260.9,80,3262.394281
-16.2,65,3262.503219
-111.6,44,3262.571343
-80.5,49,3262.649837
-61.6,62,3262.746268
-38.4,71,3262.859039
48.9,69,3262.967609
3.9,78,3263.097224
-53.2,19,3263.128409
292.2,68,3263.233994
33.6,30,3263.286287
38.9,72,3263.411333
276.9,69,3263.520325
17.3,51,3266.18127
295.0,68,3266.300805
326.7,89,3266.465406
-2.1,73,3266.598541
293.2,56,3266.697163
-26.6,65,3266.803378
31.4,54,3266.890549
-18.7,54,3266.977587
-9.5,57,3267.068811
329.1,72,3267.183788
269.1,68,3267.314208
25.0,83,3267.472976
337.2,51,3267.557749
25.8,50,3267.637727
297.2,59,3267.730843
-42.9,63,3267.839117
310.2,63,3267.943318
262.7,65,3268.060538
40.4,52,3268.154838
304.2,47,3268.238989
327.2,65,3268.34854
-0.2,85,3268.50966
58.5,58,3268.615905
-58.3,37,3268.675575
-19.2,41,3268.739587
-48.8,72,3268.852493
-27.0,44,3268.923066
312.2,71,3269.038192
39.3,62,3269.145021
322.2,53,3269.230193
317.2,63,3269.330369
51.2,50,3269.412047
22.5,55,3269.501323
64.4,56,3269.590432
298.5,73,3271.867732
-15.3,62,3271.965667
64.2,68,3272.081511
36.2,56,3272.171184
259.3,70,3272.281636
-26.0,42,3272.349309
-72.5,58,3272.443584
303.5,82,3272.574368
9.5,56,3272.680677
-46.2,49,3272.76211
-0.7,53,3272.848697
70.4,49,3272.927765
292.2,71,3273.056117
29.2,58,3273.175911
55.2,63,3273.317738
-72.2,44,3273.412186
302.2,63,3273.545619
280.5,70,3273.685257
257.5,65,3273.801975
32.8,56,3273.902952
-15.5,70,3274.01629
-55.4,43,3274.087571
40.8,56,3274.189223
102.3,82,3274.321585
44.9,61,3274.420344
5.3,28,3274.473952
307.2,62,3274.575046
-124.8,57,3274.667455
-47.7,52,3274.760115
11.5,49,3274.83872
4.8,41,3274.90821
51.4,64,3275.013399
-43.3,45,3275.096035
287.7,90,3275.268258
307.2,63,3275.370487
277.4,66,3277.694909
43.6,67,3277.801595
-29.5,55,3277.888337
272.2,66,3277.993931
-22.4,57,3278.096534
36.2,43,3278.168082
307.2,70,3278.290919
238.3,63,3278.398643
16.2,63,3278.504558
306.0,54,3278.592013
-39.7,53,3278.68671
21.3,56,3278.777329
-39.1,67,3278.894679
-57.3,42,3278.968946
-9.2,43,3279.0419
15.8,50,3279.120501
300.2,54,3279.213872
14.0,66,3279.340303
13.3,52,3279.435796
39.3,51,3279.526062
297.2,58,3279.622566
289.8,76,3279.742534
43.0,68,3279.859843
15.2,61,3279.971443
-71.9,75,3280.087882
-48.5,55,3280.177019
54.3,79,3280.30404
-70.6,38,3280.370291
324.7,71,3280.500236
337.2,56,3280.588547
332.2,77,3280.714674
29.7,60,3280.81078
301.2,68,3280.930381
272.2,54,3281.070456
50.4,42,3283.490572
277.9,71,3283.616647
-104.9,65,3283.739563
-15.2,39,3283.810815
42.0,78,3283.951797
33.2,55,3284.058808
285.2,77,3284.201657
56.5,57,3284.290537
12.7,79,3284.416679
-47.2,57,3284.507963
4.5,51,3284.588204
310.3,54,3284.682041
-90.1,30,3284.729928
295.0,58,3284.821496
-117.3,48,3284.898396
285.2,66,3285.00115
-17.3,54,3285.085595
-33.1,40,3285.160446
286.1,65,3285.2722
266.0,66,3285.376155
-126.7,51,3285.458127
95.4,71,3285.571513
29.7,98,3285.726638
-53.2,41,3285.790542
347.2,79,3285.920525
-6.3,64,3286.01913
-109.7,74,3286.149982
4.4,56,3286.244524
74.3,71,3286.371197
-7.4,35,3286.435755
54.3,61,3286.533748
-45.0,52,3286.614487
83.8,62,3286.722283
266.3,50,3286.800683
6.9,36,3286.858922
302.2,63,3289.076887
307.2,73,3289.19234
-49.8,57,3289.288635
65.4,71,3289.417683
-11.4,27,3289.470121
-7.9,63,3289.576473
329.2,52,3289.661847
-21.6,30,3289.710086
47.0,68,3289.817347
312.2,61,3289.914421
33.7,51,3290.011118
295.7,62,3290.128911
59.1,51,3290.214863
306.2,66,3290.33713
-28.6,32,3290.399985
1.7,64,3290.610149
44.4,48,3290.708606
295.7,69,3290.820887
302.2,67,3290.928015
45.4,42,3290.996248
-75.7,36,3291.054099
290.2,58,3291.163467
65.3,70,3291.296704
-55.7,44,3291.377171
-4.5,73,3291.508264
-5.5,67,3291.616075
46.1,68,3291.747908
33.6,54,3291.849744
62.0,49,3291.934616
272.1,56,3292.025779
307.2,57,3292.117932
-39.1,56,3292.207902
292.8,72,3292.33374
292.2,70,3292.467601
-56.2,35,3292.526339
56.7,48,3292.611268
283.4,64,3294.862565
337.2,63,3294.964156
-53.0,75,3295.082428
326.0,74,3295.211313
-4.1,58,3295.313535
287.2,58,3295.413846
-10.6,46,3295.505545
282.2,58,3295.601928
305.6,80,3295.742447
258.0,47,3295.822336
307.2,66,3295.92812
0.1,54,3296.018274
22.3,67,3296.145273
-100.0,43,3296.232257
306.7,62,3296.340867
288.9,63,3296.456169
341.0,87,3296.617619
40.4,49,3296.703382
257.1,52,3296.802371
258.0,61,3296.898548
54.0,45,3296.974771
37.6,70,3297.093703
-53.2,31,3297.146911
36.1,63,3297.258839
284.8,66,3297.362397
317.2,65,3297.468164
292.2,71,3297.601344
5.2,38,3297.669619
-11.6,47,3297.745489
45.2,69,3297.861099
0.7,55,3297.95334
302.2,75,3298.076263
33.2,77,3298.20244
-85.3,31,3298.28912
302.2,49,3298.512352
314.5,70,3301.065376
290.2,69,3301.187646
35.4,55,3301.293372
276.2,62,3301.406997
-88.3,51,3301.507253
-82.4,50,3301.59513
35.4,35,3301.652942
32.8,69,3301.794043
-4.2,67,3301.912539
39.3,45,3301.984226
-53.7,32,3302.042952
267.6,58,3302.134676
-40.8,73,3302.270509
300.2,51,3302.369323
287.8,67,3302.497697
56.6,69,3302.639902
15.7,41,3302.716864
309.2,62,3302.840761
79.5,54,3302.936377
301.0,72,3303.059862
322.2,61,3303.160326
323.6,56,3303.265056
307.2,66,3303.369043
35.9,76,3303.492338
289.0,75,3303.613394
297.2,73,3303.728297
0.6,71,3303.857774
-55.5,41,3303.922553
57.0,55,3304.012187
-15.3,79,3304.142768
305.4,75,3304.265066
-100.0,49,3304.34094
-18.9,64,3304.482118
302.2,65,3304.59613
320.1,82,3306.939163
37.7,71,3307.05131
-34.2,18,3307.081778
-23.2,46,3307.154202
65.4,42,3307.221251
-62.7,29,3307.267986
40.3,53,3307.351233
71.3,57,3307.45254
-45.8,36,3307.512998
51.8,57,3307.604886
256.3,82,3307.731809
327.5,66,3307.835507
292.2,57,3307.926267
287.3,66,3308.044457
306.7,52,3308.128284
287.2,73,3308.243063
302.3,68,3308.349359
-33.3,47,3308.426612
309.2,55,3308.514945
12.4,52,3308.599271
296.0,55,3308.695961
297.5,77,3308.819203
296.3,71,3308.933739
-13.2,63,3309.05011
-53.2,28,3309.095981
-48.5,75,3309.215071
70.9,57,3309.311881
297.2,52,3309.395502
309.9,63,3309.495776
312.2,63,3309.595721
-33.4,62,3309.703053
11.4,38,3309.764965
289.2,65,3309.876577
28.6,58,3309.968127
42.1,62,3310.080933
281.0,44,3310.150265
46.3,62,3312.389163
307.2,71,3312.50175
28.7,49,3312.579326
296.2,63,3312.676549
-19.9,61,3312.773491
-37.2,33,3312.832591
15.0,56,3312.922618
50.4,52,3313.004239
292.2,54,3313.088106
-8.0,86,3313.234925
266.5,61,3313.329561
-25.5,67,3313.442805
46.7,72,3313.556472
319.9,72,3313.669844
297.2,58,3313.761218
3.4,78,3313.883702
-71.7,51,3313.963669
322.9,72,3314.083448
-90.0,52,3314.16765
297.2,46,3314.24816
-7.4,34,3314.303874
-13.3,40,3314.368131
322.2,65,3314.470949
-23.5,25,3314.513421
311.1,77,3314.647069
-31.1,51,3314.732416
-33.0,56,3314.822931
104.8,78,3314.945839
289.3,60,3315.040644
279.6,86,3315.175719
288.9,65,3315.285535
303.8,69,3315.396935
21.4,58,3315.490947
12.4,45,3315.56408
-53.2,63,3317.795131
316.3,57,3317.885084
26.1,63,3317.983909
16.3,50,3318.063673
93.7,75,3318.181354
16.1,32,3318.241206
319.2,56,3318.345739
-61.3,57,3318.440907
319.2,59,3318.53578
2.1,71,3318.648277
3.6,66,3318.751795
295.7,62,3318.858685
24.6,71,3318.970999
266.0,95,3319.129399
278.6,64,3319.242859
-30.6,44,3319.314215
-23.1,35,3319.370568
53.7,41,3319.44842
-11.4,36,3319.509642
300.2,50,3319.590118
-61.0,67,3319.704392
297.2,64,3319.807064
32.7,69,3319.915553
297.3,47,3319.990556
43.8,63,3320.099249
50.9,50,3320.178057
25.1,66,3320.281342
-43.2,53,3320.372179
45.1,69,3320.488758
-31.9,41,3320.555894
14.8,42,3320.627124
-119.6,55,3320.720859
-31.0,50,3320.80267
287.2,49,3320.880179
37.7,55,3320.967404
338.9,71,3321.078413
2.0,52,3323.295474
-4.5,59,3323.389629
319.2,74,3323.50656
280.8,49,3323.584398
75.7,59,3323.684753
15.6,41,3323.750065
293.8,55,3323.83673
290.2,60,3323.929039
288.5,70,3324.038791
238.3,85,3324.172064
-56.1,58,3324.26988
258.8,47,3324.343846
286.0,61,3324.441919
-20.0,52,3324.52534
20.4,41,3324.595422
281.9,66,3324.706443
12.6,37,3324.769821
-31.3,48,3324.854089
312.2,54,3324.938333
-11.1,68,3325.045565
17.6,59,3325.1394
-38.9,56,3325.228887
52.8,71,3325.340794
308.4,77,3325.474112
-89.8,29,3325.522694
64.7,52,3325.612591
17.4,55,3325.703015
297.2,84,3325.83451
10.2,49,3325.910801
80.4,53,3325.994363
287.4,85,3326.136566
-23.8,38,3326.197856
0.6,46,3326.270214
-70.2,22,3326.30666
-42.2,46,3326.378875
-44.3,54,3326.466633
-62.2,50,3326.546985
2.3,63,3328.7739
61.2,60,3328.870005
297.4,74,3328.98531
32.5,58,3329.085827
273.0,77,3329.206266
302.2,64,3329.30716
-16.1,63,3329.408899
-51.1,64,3329.511955
63.2,61,3329.609543
316.3,67,3329.741539
38.0,73,3329.861621
42.2,49,3329.940315
-46.2,57,3330.030328
30.8,44,3330.101019
290.2,62,3330.199961
15.7,63,3330.307261
64.5,66,3330.413009
13.9,42,3330.483099
277.8,79,3330.613621
-4.0,59,3330.708151
-57.9,38,3330.769971
307.2,63,3330.89372
-16.4,48,3330.971997
317.2,64,3331.077412
268.5,71,3331.191202
-62.8,27,3331.236971
290.7,57,3331.327045
39.3,52,3331.412884
10.5,66,3331.531223
-48.0,38,3331.593155
3.0,77,3331.718011
-31.5,48,3331.79556
277.6,55,3331.883952
322.2,57,3331.97523
352.2,66,3334.465901
-70.7,61,3334.586884
-72.8,37,3334.692832
-52.0,71,3334.891537
42.7,55,3335.089746
312.2,48,3335.172865
302.0,64,3335.276677
296.0,69,3335.388404
-64.6,52,3335.475419
292.2,70,3335.60133
297.2,70,3335.722191
312.2,43,3335.794155
292.2,46,3335.866746
297.6,69,3335.973304
38.2,63,3336.073211
301.2,49,3336.1657
248.7,77,3336.315315
305.1,91,3336.472205
19.6,51,3336.564737
-27.5,61,3336.677549
293.4,75,3336.822227
274.5,55,3336.919091
-4.6,50,3336.998196
-7.7,69,3337.114412
35.2,100,3337.294689
107.2,79,3337.471793
44.5,92,3337.666886
258.3,54,3337.78438
302.2,53,3337.879866
-7.9,44,3337.954026
296.0,61,3338.06473
270.5,52,3338.165493
0.2,63,3338.268164
305.2,54,3340.743855
5.7,50,3340.823156
36.1,45,3340.89447
-1.7,65,3341.013439
294.0,61,3341.117028
67.0,78,3341.246534
71.1,77,3341.392152
298.0,57,3341.484736
327.2,73,3341.602539
-17.5,42,3341.677611
284.6,61,3341.773449
24.0,59,3341.866603
275.3,89,3342.006896
-48.2,57,3342.093998
312.2,52,3342.175891
-93.6,48,3342.262594
292.2,58,3342.358678
293.7,62,3342.458346
-89.3,36,3342.518421
281.2,51,3342.598155
43.1,73,3342.713344
74.8,48,3342.796669
278.9,73,3342.919141
25.4,32,3342.970643
-24.7,40,3343.034208
-1.4,34,3343.088121
310.7,58,3343.178998
2.3,35,3343.235007
342.2,58,3343.335225
337.2,72,3343.459889
8.4,68,3343.567919
-43.1,34,3343.622861
18.5,69,3343.730499
312.2,72,3343.842232
72.3,58,3343.933272
24.3,48,3344.008955
-43.3,36,3344.074818
-61.3,39,3346.281189
360.0,75,3346.407782
276.0,47,3346.493289
292.2,57,3346.584582
323.3,57,3346.673766
49.2,59,3346.766854
312.0,93,3346.912425
317.2,102,3347.077908
-77.0,59,3347.170049
-46.3,51,3347.24944
336.4,75,3347.367238
-111.4,20,3347.402726
44.4,42,3347.475409
54.0,44,3347.552699
312.0,88,3347.698641
317.2,63,3347.796631
55.5,69,3347.904628
3.2,59,3347.996504
-62.9,53,3348.079885
-113.5,39,3348.15145
-23.2,57,3348.249253
-90.4,58,3348.339195
322.2,49,3348.419349
281.5,89,3348.561406
46.2,55,3348.647781
-25.5,49,3348.726653
-29.8,35,3348.782389
43.0,82,3348.919498
289.9,74,3349.034227
317.6,78,3349.156939
317.2,70,3349.266588
90.7,63,3349.367537
-29.4,45,3349.448493
4.4,49,3349.534063
17.6,43,3351.764113
327.2,60,3351.867087
42.9,66,3351.96967
291.5,57,3352.057991
-50.4,69,3352.166129
21.0,59,3352.258071
32.6,79,3352.379973
42.7,72,3352.501811
269.2,64,3352.602229
7.6,55,3352.689381
-59.2,30,3352.737678
263.1,68,3352.842587
-10.4,62,3352.939355
302.2,58,3353.038258
-89.8,80,3353.162316
325.5,73,3353.276442
28.2,69,3353.385189
-98.7,39,3353.447815
281.1,61,3353.544826
14.0,50,3353.626181
35.1,60,3353.733585
-21.2,50,3353.813296
-25.9,31,3353.863643
-36.0,67,3353.968255
3.6,46,3354.041289
287.6,75,3354.158359
-101.7,36,3354.214757
302.2,61,3354.32053
30.4,32,3354.371742
267.5,55,3354.461209
-27.3,63,3354.56156
271.3,81,3354.693255
48.3,79,3354.840314
-53.2,32,3354.891554
293.1,50,3354.971124
14.6,53,3357.201284
292.1,74,3357.325994
337.2,58,3357.417845
233.5,93,3357.566084
35.7,69,3357.673999
87.9,90,3357.817698
39.3,55,3357.917456
85.4,52,3358.000199
12.7,67,3358.105347
-4.2,48,3358.180177
279.2,63,3358.278334
282.2,71,3358.387747
11.2,66,3358.501459
62.7,48,3358.579885
-16.7,88,3358.718653
36.2,56,3358.806202
307.2,80,3358.941789
342.2,75,3359.066468
262.3,74,3359.182862
-102.5,54,3359.26721
257.3,64,3359.366796
28.9,67,3359.473262
277.4,69,3359.582577
-71.1,39,3359.653833
15.1,46,3359.727418
-107.0,44,3359.797222
-22.6,41,3359.862524
42.8,62,3359.970581
-40.9,40,3360.035108
297.2,67,3360.14098
293.0,45,3360.21062
301.0,70,3360.32818
61.6,45,3360.401877
268.9,59,3362.654656
17.7,73,3362.769353
-56.8,46,3362.844277
64.5,55,3362.932132
312.2,54,3363.029322
312.2,60,3363.124647
-116.6,38,3363.185174
327.2,59,3363.286218
278.7,67,3363.389319
296.2,60,3363.485268
22.6,67,3363.591779
24.6,52,3363.674762
44.1,39,3363.737087
-32.9,62,3363.841706
35.1,65,3363.944705
48.8,54,3364.030585
307.2,66,3364.145319
-0.4,36,3364.203512
-42.6,58,3364.29508
13.8,63,3364.394999
306.0,87,3364.540784
49.1,64,3364.641413
272.2,59,3364.734762
292.2,54,3364.819655
3.4,56,3364.913176
307.3,55,3365.005002
-70.9,62,3365.112567
13.7,47,3365.18839
289.1,91,3365.331147
-11.9,45,3365.406054
-102.8,64,3365.509989
247.9,56,3365.596842
-100.0,93,3365.74868
26.9,56,3365.838134
315.2,66,3368.575177
72.4,60,3368.739791
279.2,57,3368.971181
317.2,58,3369.170964
290.7,57,3369.320883
-57.5,46,3369.399636
33.3,69,3369.514168
42.6,52,3369.598071
352.2,71,3369.711238
-77.1,49,3369.789898
287.2,66,3369.904618
48.6,62,3370.001907
347.2,60,3370.096968
268.5,56,3370.18527
9.7,61,3370.28322
-100.0,35,3370.340994
-43.7,44,3370.418575
295.2,60,3370.525583
24.8,68,3370.633677
85.0,74,3370.749038
-32.6,55,3370.836592
13.1,77,3370.962698
83.7,63,3371.073367
54.4,48,3371.156422
65.7,40,3371.224008
63.6,69,3371.332613
16.3,39,3371.40653
-49.5,38,3371.47035
29.8,75,3371.588165
287.2,62,3371.694008
15.7,83,3371.826052
285.5,51,3371.906429
37.1,41,3371.972529
319.2,67,3372.077259
43.1,65,3372.17968
22.0,48,3372.264886
237.6,87,3374.472095
70.7,68,3374.586495
321.5,64,3374.695137
-30.5,62,3374.794764
-6.5,29,3374.842283
279.3,66,3374.944716
-17.6,64,3375.045864
307.2,57,3375.136395
287.2,57,3375.232136
-90.3,39,3375.296962
-25.1,45,3375.369684
299.7,62,3375.467764
66.0,71,3375.589243
-46.4,59,3375.682177
307.2,62,3375.779757
-89.3,59,3375.88011
302.2,70,3375.989199
-24.5,54,3376.074447
330.0,63,3376.173976
301.2,53,3376.257276
302.2,70,3376.366811
18.0,70,3376.488433
302.3,66,3376.613739
2.5,47,3376.69009
55.1,63,3376.790698
298.6,72,3376.905042
-17.3,44,3376.975945
364.2,76,3377.115048
10.9,49,3377.21926
-26.4,61,3377.31798
-28.5,48,3377.408525
312.2,59,3377.525961
322.2,62,3377.63943
-83.8,46,3377.714738
71.5,91,3379.980366
70.1,80,3380.116549
301.2,45,3380.187467
16.4,56,3380.276359
253.9,75,3380.445669
24.7,71,3380.558736
298.8,70,3380.688205
290.7,62,3380.889131
-7.1,48,3380.995914
267.0,88,3381.174312
-52.5,54,3381.29024
-10.4,50,3381.451684
18.0,47,3381.54869
282.2,56,3381.642329
279.2,77,3381.783358
296.2,54,3381.883397
320.4,84,3382.070932
2.2,40,3382.148385
88.0,66,3382.260579
-46.5,52,3382.373065
65.1,64,3382.505986
-31.1,45,3382.601133
-82.4,83,3382.73365
-138.2,44,3382.808546
4.7,52,3382.892495
310.8,76,3383.016071
-11.4,47,3383.102367
297.2,58,3383.196207
66.6,59,3383.299031
8.6,38,3383.366565
23.5,63,3383.472185
11.3,48,3383.553287
301.2,62,3383.668996
287.4,85,3385.987547
20.2,66,3386.09985
-64.9,70,3386.22274
307.2,62,3386.349273
325.7,57,3386.441866
-8.5,51,3386.524547
275.2,61,3386.624442
273.4,69,3386.740618
-22.8,39,3386.807343
310.2,66,3386.931109
-49.0,70,3387.064986
302.2,52,3387.149005
-87.1,37,3387.208716
-50.8,52,3387.301754
271.7,65,3387.405002
-18.5,51,3387.48575
53.0,47,3387.565554
-30.0,51,3387.646555
367.2,77,3387.78569
-16.7,58,3387.920294
38.9,54,3388.020526
97.8,68,3388.129557
0.0,94,3388.278703
301.0,51,3388.371562
252.7,48,3388.480282
8.6,31,3388.535539
-58.2,40,3388.598042
-88.9,47,3388.672367
42.3,56,3388.761444
55.4,68,3388.867034
-35.2,70,3388.978757
-7.9,49,3389.08869
292.2,65,3389.199503
-41.0,64,3389.302063
336.2,61,3389.415553
16.3,69,3389.527054
40.3,42,3391.895975
27.1,48,3391.972542
10.6,35,3392.035844
55.6,61,3392.13572
-48.2,50,3392.22416
273.0,69,3392.331522
326.2,67,3392.438617
319.8,72,3392.553146
282.2,56,3392.647736
292.2,68,3392.75494
27.4,77,3392.875117
46.3,59,3392.96709
2.6,85,3393.100554
280.5,70,3393.215907
361.0,48,3393.305432
-53.5,93,3393.453025
-12.2,46,3393.526924
4.5,47,3393.60208
59.1,66,3393.70482
347.2,56,3393.793968
297.0,59,3393.894394
-62.4,47,3393.969079
240.7,83,3394.098306
299.3,87,3394.239098
341.0,70,3394.348549
51.3,82,3394.486671
-52.0,49,3394.56564
302.2,53,3394.650305
-34.8,40,3394.723168
36.8,60,3394.829385
287.2,57,3394.933354
47.9,94,3395.174528
15.4,40,3395.285603
322.2,66,3398.045861
241.3,61,3398.148853
51.5,64,3398.251068
275.0,69,3398.367328
-76.1,32,3398.422366
313.0,64,3398.525154
295.8,66,3398.637565
-34.6,73,3398.755186
286.0,49,3398.836941
281.0,62,3398.938333
312.7,86,3399.077757
76.3,80,3399.202471
-27.2,41,3399.277756
-68.7,38,3399.340816
277.2,61,3399.443444
12.1,72,3399.563124
278.0,53,3399.64833
42.7,57,3399.739892
-41.4,46,3399.815417
19.0,88,3399.963369
-125.0,51,3400.045115
-10.4,58,3400.144355
-54.0,40,3400.213341
287.2,56,3400.303807
-9.2,64,3400.410383
336.8,59,3400.52942
72.8,98,3400.69322
30.4,64,3400.795583
58.6,53,3400.87956
-58.2,57,3400.969652
24.0,64,3401.078313
-8.8,61,3401.177109
-27.9,61,3401.274144
302.2,62,3403.55071
34.3,68,3403.666235
342.2,78,3403.786586
321.2,50,3403.866411
310.2,49,3403.946283
287.2,58,3404.045906
282.2,44,3404.116932
268.5,71,3404.229714
-6.4,25,3404.269796
-125.1,54,3404.35577
267.5,76,3404.476274
266.5,59,3404.571536
307.2,79,3404.714439
-32.4,70,3404.824325
-24.1,34,3404.879527
241.5,80,3405.004239
332.2,66,3405.106512
-86.3,49,3405.183138
292.2,59,3405.283267
-59.6,82,3405.41153
58.1,73,3405.529198
-64.7,22,3405.565645
259.3,87,3405.708573
-19.2,64,3405.8149
295.7,46,3405.894744
-35.8,55,3405.980868
302.2,52,3406.062204
3.0,55,3406.148417
37.3,74,3406.264343
67.9,67,3406.370495
12.0,53,3406.463735
-42.8,55,3406.553563
7.9,45,3406.62527
317.2,51,3406.705172
-76.0,58,3406.794524
-46.7,74,3409.06508
-51.9,60,3409.160694
-30.8,39,3409.222449
307.2,74,3409.336877
262.9,56,3409.428838
302.2,79,3409.558047
-74.6,30,3409.605926
45.4,48,3409.681331
296.2,58,3409.774211
278.2,64,3409.885255
-106.1,55,3409.97353
36.4,55,3410.068037
21.2,68,3410.175826
-1.9,62,3410.274137
23.6,33,3410.327279
314.1,67,3410.43599
231.8,63,3410.534755
288.3,68,3410.649459
48.8,58,3410.743221
50.4,48,3410.822132
-29.9,33,3410.876097
285.0,73,3410.989741
-39.3,84,3411.121909
2.3,68,3411.230856
265.2,74,3411.349597
-38.0,45,3411.424436
122.5,77,3411.546131
51.2,72,3411.659075
-72.2,32,3411.710985
19.0,63,3411.810324
27.9,69,3411.930343
291.0,48,3412.005662
31.0,59,3412.098376
59.6,84,3412.230228
42.2,61,3414.500377
-35.4,34,3414.557333
3.4,53,3414.643101
28.4,55,3414.732959
-69.9,41,3414.799822
276.2,61,3414.906336
242.1,84,3415.039227
-67.3,56,3415.127073
-32.7,78,3415.248546
4.3,53,3415.334032
1.1,51,3415.417854
287.1,56,3415.518685
304.1,71,3415.631952
-16.8,58,3415.725135
311.0,60,3415.820178
49.1,70,3415.929979
282.2,44,3415.999468
1.9,63,3416.112609
-47.7,63,3416.210533
-88.9,40,3416.274511
-16.2,73,3416.387496
32.0,80,3416.512967
-58.2,33,3416.569158
-66.1,43,3416.644232
317.5,69,3416.752137
295.7,76,3416.871285
45.7,66,3416.975196
32.4,76,3417.104454
-52.9,42,3417.172941
282.2,62,3417.277084
-48.2,58,3417.36864
62.1,53,3417.453798
357.2,75,3417.573122
-1.0,72,3417.686148
285.0,76,3419.964388
48.9,45,3420.035837
48.6,70,3420.145615
79.7,72,3420.275025
20.8,60,3420.372011
39.7,61,3420.473441
314.2,77,3420.595338
-20.7,41,3420.661603
58.7,53,3420.744706
37.3,54,3420.831952
287.2,61,3420.931331
307.2,56,3421.019853
34.3,69,3421.128151
-58.2,18,3421.158916
292.2,50,3421.241445
302.2,78,3421.366547
252.4,55,3421.462152
30.5,57,3421.557595
-20.2,50,3421.636344
-48.2,14,3421.660089
60.4,50,3421.738801
6.6,68,3421.845424
310.7,54,3421.930629
-24.4,67,3422.042959
272.1,70,3422.153019
-28.0,39,3422.216727
69.7,79,3422.35162
282.2,57,3422.442183
302.2,46,3422.51493
294.2,59,3422.608791
-127.9,44,3422.686256
66.1,78,3422.808957
-4.5,56,3422.897073
259.0,77,3423.016862
-13.5,50,3423.096707
55.9,95,3423.251518
319.2,48,3425.470511
37.1,66,3425.576133
19.6,49,3425.662014
3.6,49,3425.739275
244.8,82,3425.870019
-48.2,29,3425.915647
-64.8,54,3426.000201
27.5,69,3426.107923
18.5,52,3426.190698
287.3,54,3426.283346
-7.5,85,3426.431432
34.5,77,3426.583884
56.3,66,3426.699436
20.8,48,3426.791728
-43.2,31,3426.860409
280.2,70,3426.978072
-77.8,49,3427.066277
301.0,72,3427.314595
299.7,75,3427.515844
-36.7,59,3427.616088
327.2,73,3427.740106
-52.3,46,3427.823253
280.2,63,3427.928054
25.7,66,3428.041033
292.2,49,3428.123385
36.3,72,3428.246871
56.3,59,3428.342383
40.4,67,3428.452406
-1.7,78,3428.593196
324.1,59,3428.701109
39.2,71,3428.817118
-29.8,38,3428.882894
305.2,67,3429.00042
20.3,90,3431.405564
67.3,52,3431.491849
327.2,72,3431.606922
-60.7,45,3431.687847
309.2,74,3431.804911
-11.4,34,3431.860364
-1.4,39,3431.922059
-41.2,36,3431.982032
-6.5,44,3432.053009
-53.2,34,3432.10672
280.8,72,3432.220306
-60.2,32,3432.280214
25.3,49,3432.359106
-11.4,34,3432.413966
-28.9,52,3432.500361
297.2,61,3432.598677
299.6,67,3432.713166
-25.1,57,3432.805346
35.8,64,3432.917695
285.3,76,3433.037942
-11.4,37,3433.097727
335.5,49,3433.175568
-48.2,18,3433.205648
291.4,71,3433.315531
279.8,67,3433.422657
-8.5,53,3433.51814
306.2,53,3433.666708
-67.9,59,3433.864876
47.4,54,3434.009557
-39.7,31,3434.067192
1.6,45,3434.138836
25.0,57,3434.228229
322.2,64,3434.328682
282.2,51,3434.410007
255.0,69,3434.520438
-74.5,48,3434.59821
104.2,60,3434.702572
-70.8,40,3434.766315
9.5,48,3434.854731
297.2,44,3434.923851
-54.1,53,3437.154321
-55.1,77,3437.275444
13.6,77,3437.396778
29.6,75,3437.514621
115.2,77,3437.646334
27.5,68,3437.753357
-12.8,58,3437.846205
-72.0,46,3437.931404
-18.8,55,3438.018958
30.4,29,3438.066095
307.2,79,3438.187964
-28.1,35,3438.252181
-29.4,62,3438.350345
278.2,60,3438.446023
-11.2,44,3438.515594
-31.8,59,3438.6111
-41.8,46,3438.683491
15.1,43,3438.752028
-3.9,59,3438.85271
-126.0,42,3438.921
-33.4,59,3439.026283
35.4,50,3439.10542
61.2,50,3439.185462
286.2,68,3439.294507
282.2,59,3439.392402
-68.7,44,3439.47338
266.8,62,3439.571968
332.2,58,3439.6652
56.2,71,3439.776181
337.2,53,3439.859205
65.4,56,3439.947347
55.9,53,3440.034308
3.6,28,3440.085272
299.6,87,3440.221758
-33.6,46,3440.293587
335.9,79,3442.584648
-21.5,49,3442.665428
-79.0,55,3442.75206
279.2,55,3442.838799
-11.3,43,3442.910209
-107.7,27,3442.953246
73.3,66,3443.067904
22.9,64,3443.181491
-45.5,50,3443.262692
-31.8,48,3443.339758
314.2,40,3443.402763
301.0,54,3443.489724
-14.8,49,3443.567913
23.7,88,3443.716933
75.4,41,3443.782146
-50.2,53,3443.866161
-0.4,50,3443.944941
272.8,75,3444.064172
32.9,62,3444.162499
297.2,82,3444.301856
74.7,78,3444.424711
312.2,58,3444.518005
322.2,58,3444.612734
-64.8,63,3444.711118
314.7,76,3444.835443
31.1,42,3444.908618
-44.2,77,3445.028572
42.2,48,3445.104826
284.0,71,3445.224719
48.6,71,3445.337268
313.9,62,3445.448317
300.8,87,3445.590117
28.1,74,3445.706841
4.1,69,3445.81727
-25.3,68,3448.077763
284.6,65,3448.17975
26.2,63,3448.278364
4.6,63,3448.377519
6.6,47,3448.464806
314.2,68,3448.574091
321.2,69,3448.684957
-6.4,34,3448.740015
-51.9,60,3448.836226
20.0,75,3448.952365
-21.7,41,3449.018935
-68.1,38,3449.090321
328.7,71,3449.201271
300.2,47,3449.276178
292.2,52,3449.364596
53.9,71,3449.478088
15.5,59,3449.573085
-106.4,72,3449.697219
0.6,53,3449.783141
312.2,62,3449.881105
-74.8,42,3449.94818
287.2,72,3450.06166
278.0,58,3450.152067
272.2,53,3450.24106
-10.4,62,3450.355751
-43.6,46,3450.431362
62.8,61,3450.5303
36.5,50,3450.613216
45.2,75,3450.736507
-45.2,76,3450.867796
34.8,56,3450.955697
-6.6,76,3451.076684
75.4,50,3451.156826
-67.2,38,3451.218824
74.8,54,3451.304341
28.0,50,3451.389624
311.1,66,3453.635688
317.2,74,3453.752667
351.0,59,3453.854856
10.6,60,3453.949911
284.4,72,3454.063801
38.9,58,3454.156496
25.9,72,3454.275924
281.9,59,3454.369473
-43.9,46,3454.45786
287.2,53,3454.552299
-42.5,35,3454.608178
-56.9,29,3454.65525
41.8,75,3454.773813
292.7,60,3454.868882
-1.4,54,3454.954622
299.5,40,3455.019145
295.7,60,3455.124785
13.6,39,3455.192109
-1.4,32,3455.243097
45.4,52,3455.326115
-4.0,39,3455.390843
272.9,65,3455.510915
314.5,72,3455.648432
276.0,67,3455.753598
41.4,55,3455.84078
22.0,67,3455.945633
3.6,44,3456.015677
332.2,55,3456.102396
341.9,68,3456.207767
40.8,57,3456.306065
-20.3,43,3456.374322
29.8,60,3456.472356
-11.4,25,3456.512893
282.6,65,3456.614063
284.1,67,3456.740945
-43.8,61,3456.850124
121.3,62,3459.07379
65.4,45,3459.144958
311.7,53,3459.235827
-46.3,39,3459.300009
4.2,56,3459.388779
333.9,73,3459.504863
-85.8,53,3459.59018
293.1,68,3459.708683
316.4,79,3459.841443
40.4,53,3459.925211
281.4,64,3460.02602
-87.4,41,3460.091768
26.3,47,3460.166601
287.2,56,3460.254227
-11.4,74,3460.372679
312.2,65,3460.485343
281.0,64,3460.58633
-66.9,30,3460.635679
-110.3,53,3460.717905
281.2,72,3460.831677
308.1,73,3460.946512
8.6,51,3461.033995
290.2,63,3461.133765
46.9,98,3461.305355
301.9,63,3461.430519
312.2,72,3461.587437
78.9,66,3461.800121
43.6,56,3461.936234
34.1,76,3462.35215
26.7,48,3462.515775
315.7,57,3462.647938
-36.0,89,3462.920878
-15.0,58,3463.049151
-123.7,32,3463.12313
298.7,64,3465.603626
307.6,51,3465.685559
-8.6,71,3465.815808
-38.2,43,3465.908374
16.9,49,3466.050981
-4.1,62,3466.229821
69.8,62,3466.405469
-3.6,53,3466.520993
30.7,56,3466.615471
267.7,80,3466.741143
93.3,38,3466.815732
287.2,69,3466.927247
17.1,76,3467.067181
-84.5,45,3467.13816
-63.4,63,3467.237288
-49.8,47,3467.311427
328.3,71,3467.422129
302.2,63,3467.521386
44.7,60,3467.61674
12.9,69,3467.737114
-108.8,64,3467.870542
26.3,47,3467.944407
271.3,65,3468.055153
27.4,60,3468.177155
-14.6,56,3468.274658
61.6,54,3468.363357
24.3,67,3468.481099
65.3,85,3468.616962
57.4,62,3468.719685
-14.4,35,3468.778451
-63.2,50,3468.865977
302.2,49,3468.941563
-17.3,58,3469.032798
16.4,61,3469.128615
50.2,61,3469.224888
-23.7,63,3471.557702
-5.9,71,3471.67117
277.2,62,3471.76639
308.7,67,3471.873986
297.2,48,3471.963989
-35.6,64,3472.067682
348.3,91,3472.22953
-58.6,81,3472.363521
62.1,59,3472.472996
-2.4,67,3472.598633
278.7,65,3472.709857
292.2,61,3472.81384
-44.1,62,3472.927134
278.2,54,3473.013663
-28.1,52,3473.11679
-29.1,47,3473.203247
56.5,72,3473.318192
-77.8,48,3473.395089
299.2,63,3473.525814
6.3,37,3473.593903
75.9,49,3473.682764
52.9,57,3473.791122
312.2,64,3473.892119
276.6,57,3473.983454
-18.2,64,3474.097373
38.3,79,3474.231181
66.7,71,3474.37358
-25.6,44,3474.447839
326.2,67,3474.566532
24.5,54,3474.660952
314.7,55,3474.769732
77.6,76,3474.892864
-16.0,55,3474.980173
1.6,75,3477.551532
68.4,60,3477.665002
-3.7,46,3477.738297
316.0,59,3477.835164
-38.9,33,3477.888331
-27.1,56,3477.992909
-53.2,59,3478.087718
278.2,56,3478.177968
29.1,60,3478.290425
-40.1,41,3478.357738
36.3,60,3478.473667
-61.6,58,3478.579034
294.6,77,3478.716989
357.2,82,3478.85153
27.5,53,3478.949077
325.5,84,3479.094943
-5.6,49,3479.172771
362.2,49,3479.267223
312.2,51,3479.367855
38.5,61,3479.482158
-62.3,37,3479.543866
24.3,53,3479.637605
-30.2,57,3479.732384
291.9,73,3479.867419
10.6,64,3479.972125
-78.8,45,3480.053514
25.3,50,3480.147898
50.4,61,3480.246858
-2.5,43,3480.317365
271.5,67,3480.437495
312.2,62,3480.563185
286.5,92,3480.735976
-56.7,41,3480.802286
20.0,73,3480.937154
39.7,69,3481.046329
-136.3,40,3483.262751
-57.9,53,3483.356712
80.3,51,3483.44435
286.5,76,3483.582586
-14.0,57,3483.701184
49.6,58,3483.795686
-46.3,43,3483.866503
288.8,78,3484.00208
58.1,67,3484.109161
-15.3,70,3484.235322
-74.6,38,3484.297528
309.3,80,3484.43729
282.0,77,3484.562989
41.6,55,3484.676573
307.8,64,3484.788947
339.7,76,3484.925795
274.5,59,3485.032017
-6.2,75,3485.158466
12.7,53,3485.24278
-30.5,60,3485.338343
300.2,69,3485.45121
23.7,49,3485.540302
59.2,59,3485.642913
-44.8,47,3485.726261
-10.5,51,3485.818807
76.3,62,3485.917468
272.3,98,3486.085225
42.0,36,3486.142418
282.2,66,3486.257852
-15.7,48,3486.334591
69.4,65,3486.436838
266.6,72,3486.569063
24.7,68,3486.688965
-50.0,49,3486.774787
287.2,57,3489.042127
11.3,60,3489.138067
-48.4,53,3489.222933
-49.9,39,3489.285419
45.8,87,3489.422767
-56.9,31,3489.486044
-86.7,40,3489.551016
302.2,59,3489.645073
-3.3,36,3489.703374
302.2,48,3489.791754
287.8,71,3489.904891
66.5,62,3490.016074
276.1,64,3490.131633
11.5,75,3490.249291
327.2,76,3490.385496
-116.5,38,3490.447614
-7.5,43,3490.520179
58.0,59,3490.62657
67.6,75,3490.743877
-63.7,51,3490.841315
312.2,62,3490.946052
29.4,73,3491.062047
-23.6,48,3491.139262
317.2,53,3491.222973
-8.1,50,3491.301873
5.8,58,3491.406392
36.6,62,3491.508986
320.2,79,3491.651937
-91.3,52,3491.732144
27.7,64,3491.835263
24.7,57,3491.934296
-11.1,40,3492.002516
-14.8,62,3492.111095
70.4,64,3492.229436
6.9,68,3492.353528
11.8,58,3494.707291
327.2,64,3494.809744
297.2,46,3494.880739
-64.6,64,3494.981756
281.3,86,3495.141654
-61.1,44,3495.211498
3.3,42,3495.295246
14.3,75,3495.413879
289.4,82,3495.548137
317.2,55,3495.649788
-9.3,57,3495.759017
316.0,54,3495.84461
58.9,48,3495.940453
39.3,64,3496.052029
317.2,59,3496.164731
13.5,47,3496.246366
-26.9,62,3496.356372
-19.7,33,3496.424171
319.3,68,3496.53666
33.5,109,3496.73088
-13.0,37,3496.790508
13.8,106,3496.955876
35.4,58,3497.047201
-0.7,60,3497.174967
244.3,55,3497.263177
4.8,64,3497.363426
297.2,73,3497.492143
276.6,95,3497.65715
286.2,64,3497.775606
-77.1,24,3497.817428
-54.5,40,3497.893228
-60.3,27,3497.93758
-1.4,34,3498.006278
305.9,79,3498.134155
-16.3,88,3500.532763
41.6,60,3500.630656
38.6,42,3500.698531
-34.6,41,3500.765536
-0.2,59,3500.860699
48.4,39,3500.924414
286.0,73,3501.043403
-32.6,25,3501.088255
31.0,58,3501.179498
307.2,51,3501.26217
312.2,56,3501.377271
-7.5,60,3501.474077
-10.2,53,3501.567187
259.3,69,3501.687403
-19.2,50,3501.773163
-40.4,66,3501.897916
278.1,56,3501.991158
291.1,68,3502.107864
17.4,45,3502.194201
-61.2,39,3502.255807
249.5,60,3502.351912
312.2,69,3502.460613
20.0,73,3502.577991
-45.3,53,3502.662176
-57.6,73,3502.787235
-65.1,34,3502.853374
68.3,50,3502.93351
53.0,74,3503.063313
30.8,65,3503.166086
24.6,68,3503.273698
25.6,45,3503.347236
302.2,51,3503.432742
-42.6,48,3503.509927
-66.7,49,3503.595929
75.4,34,3503.651269
266.4,64,3503.75268
302.2,41,3503.81681
36.6,63,3503.916337
302.2,62,3506.179814
285.5,55,3506.285257
287.9,71,3506.395773
-52.1,31,3506.447083
36.5,58,3506.540549
-106.7,23,3506.578755
281.2,69,3506.685852
-6.3,39,3506.748886
282.2,72,3506.878168
14.7,49,3506.965357
70.0,72,3507.081184
-104.3,32,3507.132995
302.2,62,3507.246931
281.2,53,3507.330961
18.7,55,3507.417885
302.2,46,3507.491927
-39.7,68,3507.606285
25.4,21,3507.640314
-2.2,61,3507.734805
-36.2,48,3507.816965
45.4,48,3507.895209
-52.5,33,3507.948492
-70.2,36,3508.006057
60.0,54,3508.095794
59.2,56,3508.186607
51.3,66,3508.291339
75.6,72,3508.417166
306.1,57,3508.525825
288.4,68,3508.665382
-97.7,59,3508.757696
331.3,87,3508.894499
-5.5,62,3509.008715
-78.0,29,3509.056183
-23.7,58,3509.148544
-5.2,62,3509.262978
302.2,63,3509.363742
317.2,59,3509.472418
79.2,47,3511.779887
15.3,67,3511.899288
3.9,40,3511.963419
-93.6,30,3512.01214
245.5,80,3512.138041
50.6,54,3512.224221
-21.3,41,3512.290356
42.7,62,3512.395776
-73.3,53,3512.480333
11.1,68,3512.589379
53.3,56,3512.682904
80.6,60,3512.79978
323.7,90,3512.944091
300.3,79,3513.083876
275.6,73,3513.199363
-25.7,42,3513.267675
24.5,48,3513.344043
-1.2,64,3513.444217
260.1,83,3513.598462
87.9,53,3513.742696
75.3,86,3514.019263
-4.0,70,3514.143624
-60.1,48,3514.232825
295.9,65,3514.335619
81.4,54,3514.423288
-65.8,31,3514.475585
22.5,59,3514.571056
83.9,71,3514.68202
8.3,77,3514.812948
38.1,46,3514.885103
-8.4,56,3514.973044
-38.0,50,3515.052135
23.4,66,3515.157332
41.7,67,3515.263272
-29.5,57,3517.572935
-70.9,30,3517.623409
322.2,86,3517.776879
317.2,76,3517.904167
337.2,62,3518.027152
299.7,67,3518.133629
265.5,62,3518.253993
12.6,32,3518.318568
3.6,44,3518.391468
303.9,57,3518.482258
287.2,68,3518.611313
66.2,69,3518.737377
68.8,58,3518.83396
292.6,81,3518.974338
-10.5,51,3519.057068
60.5,51,3519.137906
15.1,72,3519.253389
287.2,52,3519.335731
33.0,61,3519.433391
-65.9,50,3519.527529
1.2,39,3519.595102
60.4,38,3519.657765
247.3,67,3519.773525
282.1,74,3519.894018
292.3,60,3520.008889
287.2,69,3520.13889
-60.1,34,3520.194403
292.1,66,3520.31576
-50.5,53,3520.400374
32.0,59,3520.510049
332.2,56,3520.60146
44.0,80,3520.739637
29.4,67,3520.881587
-73.0,45,3520.956454
40.3,64,3521.08577
-67.4,50,3523.41016
290.9,66,3523.534528
276.9,76,3523.670773
24.8,57,3523.766794
28.3,63,3523.883622
-20.9,40,3523.948797
8.7,65,3524.051463
324.2,57,3524.139184
43.6,43,3524.227473
317.2,51,3524.310342
6.8,59,3524.421745
-1.4,36,3524.482852
326.2,73,3524.613514
295.1,69,3524.736559
38.8,51,3524.825983
291.2,62,3524.932153
302.2,55,3525.020421
-125.3,43,3525.089976
28.9,59,3525.18403
-18.0,73,3525.30723
32.6,59,3525.403221
288.2,63,3525.513916
-4.0,56,3525.604348
-42.7,44,3525.674639
-40.9,52,3525.758913
297.2,52,3525.840685
19.1,50,3525.920039
32.1,65,3526.025894
-41.4,56,3526.119555
297.8,50,3526.198355
49.6,50,3526.283531
-22.7,44,3526.359217
32.0,80,3526.488524
282.3,68,3526.595853
319.6,90,3526.745981
-37.9,55,3526.83169
245.0,77,3529.630294
55.4,60,3529.734171
320.7,82,3529.872708
315.1,70,3529.990384
-26.2,34,3530.060132
325.8,76,3530.188213
292.2,59,3530.305566
-1.3,49,3530.388425
320.9,75,3530.534351
285.8,69,3530.645295
312.2,74,3530.760099
292.3,69,3530.878308
-2.0,52,3530.960875
289.6,67,3531.076334
292.2,60,3531.170623
257.8,72,3531.282505
276.2,49,3531.359188
-1.4,54,3531.451765
310.4,61,3531.56361
10.5,67,3531.670926
13.6,31,3531.720577
-107.3,30,3531.767876
83.0,65,3531.869208
286.6,68,3531.977909
15.9,62,3532.093925
18.1,51,3532.175996
-8.4,44,3532.245794
-18.3,56,3532.335258
55.4,50,3532.414448
65.5,76,3532.555169
312.2,51,3532.645623
271.4,73,3532.760384
-24.6,63,3532.86024
-22.8,66,3535.417687
322.5,68,3535.61396
325.2,65,3535.838103
322.2,57,3536.008102
-85.9,40,3536.101004
284.7,43,3536.27281
70.4,54,3536.534828
297.1,69,3536.762106
-131.7,56,3536.928473
270.5,64,3537.095954
-64.1,34,3537.209781
36.2,64,3537.348858
45.4,39,3537.42433
-24.6,71,3537.571236
314.2,59,3537.798095
272.2,41,3537.896911
-37.6,58,3538.013369
322.2,56,3538.11937
55.4,54,3538.238942
55.4,48,3538.486226
46.4,70,3538.760929
365.7,59,3538.99768
274.2,52,3539.135384
-27.5,43,3539.245313
302.7,66,3539.470715
-26.7,75,3539.727025
-55.7,50,3539.809431
297.4,72,3539.936147
296.8,63,3540.03934
-31.4,48,3540.120158
271.1,72,3540.241614
-53.2,50,3540.325523
312.2,66,3540.446363
307.2,64,3540.554541
-34.3,26,3540.599634
-37.0,73,3540.715772
2.4,40,3540.781354
-61.7,41,3542.912333
-48.5,62,3543.013279
-87.0,45,3543.10121
-29.5,61,3543.201849
286.1,66,3543.309255
-104.6,31,3543.364984
73.8,67,3543.485858
17.6,40,3543.552064
73.8,61,3543.654452
-30.5,56,3543.74534
17.8,72,3543.864568
28.8,82,3543.999262
28.8,53,3544.095826
81.3,63,3544.198997
273.5,81,3544.348
282.2,67,3544.459756
-8.4,69,3544.594442
12.0,69,3544.713325
68.9,63,3544.813887
68.2,73,3544.940869
41.5,57,3545.033865
262.2,81,3545.173545
59.4,70,3545.292448
289.1,49,3545.374718
1.7,61,3545.475455
77.8,77,3545.612039
7.3,69,3545.722608
7.7,61,3545.823994
22.7,49,3545.913033
277.2,42,3545.980672
35.3,65,3546.085953
-52.1,58,3546.1908
275.9,67,3546.300295
28.6,49,3548.427998
-31.1,46,3548.510625
-76.2,36,3548.568907
-53.2,55,3548.660169
286.4,74,3548.789414
312.2,58,3548.891138
59.3,61,3548.988877
272.2,62,3549.089519
296.1,67,3549.19747
316.2,79,3549.352227
58.0,74,3549.483088
19.5,46,3549.560335
-75.8,32,3549.624136
-60.3,41,3549.69441
56.1,50,3549.775556
298.5,60,3549.873275
287.2,66,3549.991988
51.8,65,3550.105325
1.0,62,3550.204971
46.0,74,3550.337625
282.2,53,3550.425206
-39.7,37,3550.48987
-24.0,57,3550.583797
44.4,59,3550.687579
-1.4,39,3550.75256
-7.9,74,3550.87157
-113.8,37,3550.930406
-49.8,38,3550.991668
-48.1,45,3551.06461
57.4,29,3551.111942
272.5,79,3551.249185
61.7,62,3551.358404
274.3,50,3551.447666
283.2,56,3551.539908
55.4,45,3551.616406
278.2,69,3551.727748
-31.1,59,3551.827945
100.4,59,3553.955294
-15.5,51,3554.040435
54.4,71,3554.151259
-21.9,58,3554.253772
282.6,58,3554.351083
282.2,49,3554.449064
337.2,69,3554.623758
-14.0,41,3554.748104
39.2,54,3554.908134
-16.4,64,3555.04997
101.2,76,3555.171854
297.2,78,3555.296343
279.1,64,3555.397654
-29.2,62,3555.518983
29.4,63,3555.622228
282.2,47,3555.698869
321.0,64,3555.798944
41.9,59,3555.89261
308.6,74,3556.009907
37.9,58,3556.110055
-63.3,33,3556.163238
12.1,43,3556.231099
302.2,56,3556.320685
282.2,56,3556.409522
50.4,64,3556.512713
297.2,55,3556.602544
39.2,72,3556.726553
41.1,50,3556.806605
-6.5,63,3556.907969
-36.4,32,3556.961428
-80.0,45,3557.032695
287.1,79,3557.157016
328.5,65,3557.273041
31.1,49,3557.351248
37.2,81,3557.4806
293.2,68,3559.652183
20.6,34,3559.725468
253.2,68,3559.834573
297.2,55,3559.921189
-23.2,50,3560.005854
-67.7,46,3560.083181
79.7,75,3560.201543
16.2,66,3560.313807
60.4,82,3560.443171
21.6,44,3560.514268
50.4,67,3560.621002
-5.1,39,3560.682469
345.7,58,3560.773866
-51.7,26,3560.816424
259.7,69,3560.932721
292.2,56,3561.020351
74.9,74,3561.137079
279.6,66,3561.240425
118.1,98,3561.393821
45.8,81,3561.531237
63.4,38,3561.59254
57.6,78,3561.721663
330.2,74,3561.836009
37.1,50,3561.915712
-59.0,50,3561.994565
16.3,64,3562.10341
29.5,35,3562.160574
54.1,56,3562.252091
315.2,70,3562.361395
50.1,66,3562.465223
-42.8,71,3562.577559
40.1,75,3562.70902
-7.6,51,3562.795689
280.2,67,3564.957724
33.6,61,3565.074658
30.6,48,3565.151568
54.0,58,3565.243653
282.2,61,3565.339917
-65.3,47,3565.415238
-52.2,45,3565.487855
23.6,33,3565.543126
46.6,67,3565.658107
-31.7,63,3565.75729
270.5,74,3565.880398
281.9,70,3565.991444
18.4,77,3566.111205
281.1,71,3566.225574
282.2,54,3566.31595
-57.7,57,3566.405016
70.9,47,3566.48052
70.5,42,3566.548772
30.3,64,3566.651148
290.5,61,3566.747078
287.2,58,3566.848278
281.2,65,3566.959597
27.3,50,3567.039649
295.2,55,3567.126323
38.6,58,3567.218303
6.2,64,3567.320399
305.5,60,3567.413795
290.7,60,3567.517143
-11.1,49,3567.597469
287.2,60,3567.692327
-145.9,70,3567.802272
337.2,54,3567.889218
30.3,70,3568.010681
38.7,77,3568.138179
302.2,54,3568.221606
24.5,49,3570.363253
19.0,50,3570.45401
317.2,51,3570.535968
69.9,62,3570.635881
272.2,40,3570.698161
342.4,77,3570.821454
39.0,48,3570.897456
55.4,63,3570.999492
297.9,74,3571.127454
290.1,65,3571.229819
288.8,85,3571.363948
-65.2,47,3571.437885
-9.7,48,3571.516361
48.0,84,3571.657147
-105.6,33,3571.708707
-36.5,62,3571.807161
275.7,58,3571.898459
-21.9,69,3572.005843
14.6,92,3572.165943
317.2,63,3572.272776
19.5,63,3572.371523
-67.8,35,3572.428564
341.0,53,3572.513868
-2.8,29,3572.560686
297.5,53,3572.645022
50.4,37,3572.705135
-6.8,73,3572.820877
61.7,65,3572.929428
-0.5,43,3572.997859
-96.8,68,3573.104672
35.4,36,3573.161363
24.6,81,3573.288265
297.2,70,3573.396076
314.2,52,3573.48658
-84.0,49,3573.567371
13.6,63,3575.742988
-58.2,49,3575.824285
322.2,53,3575.913836
302.6,65,3576.015326
285.6,65,3576.117372
278.0,62,3576.219373
42.4,58,3576.317286
29.5,61,3576.413347
1.2,28,3576.466915
-44.9,68,3576.5752
-7.4,54,3576.660537
55.4,64,3576.761607
52.1,52,3576.844352
330.0,70,3576.953697
-8.2,52,3577.044249
-16.8,67,3577.151563
-25.0,73,3577.266386
-55.3,66,3577.370147
-7.3,52,3577.451524
37.6,74,3577.568657
295.2,62,3577.674422
-107.7,54,3577.759098
300.2,38,3577.8191
292.2,54,3577.904222
275.4,85,3578.037161
-26.5,55,3578.123779
291.6,70,3578.239942
-56.5,31,3578.29653
306.0,52,3578.37923
-16.4,32,3578.430031
355.7,69,3578.540569
12.8,71,3578.65356
-14.8,33,3578.707538
317.2,57,3578.796294
302.6,75,3578.921073
3.6,66,3579.023609
307.1,64,3581.214443
-71.7,55,3581.309441
-17.9,47,3581.38329
277.5,60,3581.477165
21.7,66,3581.581922
30.2,50,3581.663387
282.1,64,3581.764413
339.2,61,3581.868067
317.1,78,3581.990384
313.9,62,3582.087009
-22.3,41,3582.151815
21.8,52,3582.233941
312.2,59,3582.323942
307.2,60,3582.422974
50.4,44,3582.50384
-1.6,50,3582.584977
52.1,60,3582.68014
291.2,72,3582.794666
50.4,66,3582.89816
-4.4,34,3582.953694
56.4,60,3583.056087
46.8,62,3583.153075
302.2,88,3583.291205
300.7,50,3583.36992
290.6,54,3583.464296
37.9,64,3583.570094
-14.2,47,3583.653591
-1.2,59,3583.746686
14.1,59,3583.839361
257.8,76,3583.95813
-21.3,48,3584.034491
279.0,44,3584.104153
-11.0,50,3584.184136
-63.7,80,3584.316761
-28.4,62,3584.412877
19.4,53,3586.608357
24.3,73,3586.732422
317.2,79,3586.855059
-30.0,51,3586.93627
101.6,78,3587.058413
12.2,47,3587.133264
251.3,72,3587.253722
-48.0,54,3587.338522
280.7,50,3587.416829
-92.7,63,3587.517029
-22.2,78,3587.654033
301.0,55,3587.740173
83.9,64,3587.847898
-48.2,27,3587.893405
-76.7,40,3587.955964
24.8,53,3588.03999
15.4,61,3588.13555
256.8,80,3588.259382
322.2,69,3588.36698
290.9,67,3588.47953
-22.2,51,3588.561399
305.2,77,3588.696547
-12.1,78,3588.818377
302.2,63,3588.917511
366.8,73,3589.038329
76.2,74,3589.156121
307.2,62,3589.254048
-17.5,57,3589.343296
-8.6,62,3589.441564
296.2,52,3589.524998
-44.5,58,3589.618123
294.2,78,3589.749069
-11.4,29,3589.795648
282.2,45,3592.266338
5.6,69,3592.377227
-17.3,57,3592.466468
15.9,54,3592.552781
276.4,70,3592.671165
-95.4,52,3592.751705
71.6,60,3592.857883
-4.8,64,3592.959224
306.2,53,3593.042175
308.2,68,3593.148809
-53.2,37,3593.207688
0.4,69,3593.323237
43.9,39,3593.38473
30.4,48,3593.460863
-18.3,52,3593.544485
84.6,51,3593.626869
-16.9,59,3593.720073
52.8,48,3593.796838
296.5,63,3593.903864
271.3,69,3594.012675
43.8,53,3594.096421
296.2,67,3594.201748
89.5,46,3594.275569
8.6,63,3594.375905
302.2,58,3594.474363
35.4,54,3594.561848
-35.2,47,3594.637241
-39.4,43,3594.705281
16.6,58,3594.799591
-96.4,57,3594.896887
-3.6,59,3594.991421
3.5,37,3595.059159
39.7,73,3595.173323
296.2,59,3595.265728
-77.7,53,3595.351451
302.2,58,3595.444552
299.2,56,3595.535184
-38.3,53,3597.727967
282.2,50,3597.80652
-1.5,49,3597.883791
25.0,43,3597.952934
306.3,86,3598.094804
-25.2,60,3598.188344
336.0,68,3598.295272
-79.2,63,3598.394267
27.0,56,3598.48174
282.2,61,3598.579266
24.4,26,3598.624309
-57.0,43,3598.698002
311.2,65,3598.799839
43.5,63,3598.898464
307.2,59,3598.99077
18.6,33,3599.052095
1.0,64,3599.153378
28.6,48,3599.232352
56.6,65,3599.340645
327.2,81,3599.466864
12.2,60,3599.563012
0.0,78,3599.686791
71.4,83,3599.816938
68.7,62,3599.922388
34.1,55,3600.009672
-50.1,68,3600.13036
-13.9,43,3600.199956
39.6,56,3600.289302
15.6,41,3600.356011
40.4,50,3600.443341
275.8,67,3600.551519
72.0,59,3600.647393
-55.1,40,3600.711241
-97.0,50,3600.789348
44.9,61,3600.884362
287.2,56,3603.082148
52.7,59,3603.181264
-61.2,68,3603.288255
2.4,58,3603.37993
-110.3,20,3603.41233
-3.2,47,3603.49488
-6.4,67,3603.600798
266.9,66,3603.705738
65.6,51,3603.785892
292.2,67,3603.890097
273.7,73,3604.005121
-75.6,49,3604.090232
-43.2,53,3604.174378
322.2,69,3604.290159
53.7,69,3604.399069
292.3,62,3604.496866
275.2,81,3604.630264
45.9,56,3604.722466
6.5,38,3604.784186
282.2,51,3604.865432
1.9,47,3604.939843
-116.1,20,3604.972272
340.7,71,3605.08426
-0.5,48,3605.162143
7.3,58,3605.270136
-33.0,43,3605.342713
-112.4,49,3605.419862
-51.8,48,3605.495613
-53.2,38,3605.557694
6.5,53,3605.642497
-109.4,26,3605.684179
45.4,79,3605.807514
4.0,70,3605.925341
32.7,47,3606.000412
286.2,56,3606.087695
248.6,71,3606.198466
-43.7,66,3606.300996
-60.6,46,3606.374609
307.9,65,3608.568137
8.9,56,3608.65902
-11.9,73,3608.774059
62.2,72,3608.898687
318.0,59,3608.992603
71.4,87,3609.131109
347.2,59,3609.224549
305.7,58,3609.316836
282.3,76,3609.46292
-25.1,54,3609.551353
-47.5,51,3609.63427
306.0,62,3609.732061
287.7,80,3609.861017
-50.3,52,3609.94294
26.4,74,3610.069229
-31.1,62,3610.169399
297.2,64,3610.272155
-57.6,64,3610.374896
-16.4,44,3610.447354
31.2,66,3610.553943
-45.1,41,3610.620101
296.0,52,3610.711372
-48.3,40,3610.774642
43.4,57,3610.866488
292.8,65,3610.967543
86.5,56,3611.056558
43.4,60,3611.152361
30.0,87,3611.300718
-3.0,50,3611.379689
279.9,62,3611.484142
34.8,52,3611.569269
-46.1,44,3611.641775
292.2,59,3611.738617
73.1,54,3613.929444
55.9,53,3614.012976
-113.6,21,3614.046876
50.4,39,3614.107962
13.9,64,3614.209808
322.2,64,3614.317634
305.7,59,3614.410503
302.2,61,3614.507305
362.1,72,3614.622943
-17.2,50,3614.703279
316.0,72,3614.817912
307.2,45,3614.897463
45.4,49,3614.975976
284.6,75,3615.093497
42.8,59,3615.186514
268.0,70,3615.295997
51.7,40,3615.361424
-37.6,64,3615.472353
290.3,94,3615.62789
53.4,78,3615.749
-20.8,40,3615.812898
277.2,61,3615.908341
296.2,77,3616.031754
9.0,45,3616.108942
-55.4,40,3616.172555
255.6,85,3616.304727
92.4,81,3616.43142
-36.0,43,3616.500097
278.1,81,3616.63734
286.1,71,3616.757113
-116.8,59,3616.850316
317.2,71,3616.962296
279.2,42,3617.029624
49.8,93,3617.174901
315.7,57,3619.366345
1.9,49,3619.443577
48.7,67,3619.549427
272.3,72,3619.67209
267.9,77,3619.798034
-2.2,45,3619.869899
-16.4,21,3619.903701
21.6,74,3620.020157
56.7,59,3620.112646
-53.0,37,3620.172768
283.0,59,3620.273352
56.0,50,3620.351091
13.5,35,3620.408664
296.2,64,3620.512181
295.5,58,3620.603716
-17.6,33,3620.659006
-14.1,85,3620.798105
1.5,72,3620.922046
25.7,80,3621.046724
-1.4,31,3621.096869
277.2,74,3621.212238
36.4,58,3621.302624
66.9,67,3621.40799
64.2,62,3621.516677
311.2,55,3621.604229
22.5,70,3621.716149
3.6,35,3621.773526
307.2,45,3621.852021
-79.5,61,3621.955359
311.0,64,3622.066719
46.3,66,3622.171683
51.7,72,3622.286731
-27.9,51,3622.368706
-1.4,38,3622.431172
-10.3,57,3622.523953
-23.2,29,3622.569977
-0.1,48,3624.715777
-13.4,65,3624.823324
319.7,72,3624.943197
-17.3,74,3625.067853
-16.3,30,3625.116187
59.3,70,3625.227041
285.3,58,3625.318406
-9.1,57,3625.40947
277.2,56,3625.498301
-32.5,53,3625.583314
322.2,85,3625.725948
-47.8,25,3625.766623
264.6,52,3625.848055
16.5,68,3625.959368
1.1,56,3626.060704
-83.9,54,3626.145343
-42.8,45,3626.2161
15.2,54,3626.309309
54.7,56,3626.398095
64.7,55,3626.485357
287.2,82,3626.617527
11.4,61,3626.712945
284.7,44,3626.783678
27.6,40,3626.856239
-9.2,57,3626.944889
307.2,55,3627.031498
-14.8,38,3627.091935
302.2,49,3627.169152
79.8,43,3627.238381
-0.9,49,3627.316082
37.9,41,3627.380878
47.8,64,3627.490688
272.7,71,3627.604972
50.1,53,3627.690595
-3.8,43,3627.760163
297.2,59,3627.853798
-62.4,32,3627.904714
29.0,71,3628.022528
46.1,68,3630.593613
51.0,61,3630.694275
-2.5,37,3630.752671
272.8,74,3630.86847
287.6,89,3631.033551
-42.9,27,3631.082655
12.2,76,3631.204634
50.4,45,3631.278679
18.6,40,3631.344074
-105.5,38,3631.405564
302.2,71,3631.519397
-22.1,60,3631.616068
-99.6,52,3631.706523
294.2,55,3631.793725
-28.6,47,3631.875263
-61.1,35,3631.933271
335.3,74,3632.068532
310.2,60,3632.161463
277.7,63,3632.273968
287.5,62,3632.370361
-69.9,29,3632.417543
30.4,64,3632.520039
280.5,88,3632.661942
-32.8,53,3632.743387
13.6,50,3632.827303
269.3,95,3632.987623
301.2,43,3633.057503
3.1,73,3633.174279
-66.3,50,3633.266618
322.2,55,3633.352796
25.2,68,3633.469046
-33.0,46,3633.543883
82.6,69,3633.654392
32.0,62,3633.755094
286.2,52,3633.836315
27.6,50,3636.035923
297.2,49,3636.113107
30.1,66,3636.217816
28.9,82,3636.355308
305.2,72,3636.47883
36.6,65,3636.58519
263.6,72,3636.700809
-72.3,46,3636.780733
-56.7,50,3636.861469
255.6,71,3636.976505
66.7,62,3637.087778
327.2,68,3637.196637
-43.0,43,3637.267187
305.7,75,3637.394841
296.0,87,3637.535856
10.7,46,3637.610162
-11.1,41,3637.687593
310.6,80,3637.81497
34.6,67,3637.91995
325.2,48,3638.015653
312.2,51,3638.101716
322.2,65,3638.20907
-5.5,56,3638.305742
321.4,91,3638.464562
-16.3,45,3638.538115
257.3,64,3638.642188
47.0,40,3638.707283
-5.3,54,3638.79251
116.4,50,3638.881162
310.6,67,3638.987639
7.6,54,3639.075547
-21.8,42,3639.142794
322.2,60,3639.23817
21.9,46,3639.311178
-22.6,43,3639.379702
281.2,64,3641.545794
301.2,56,3641.63595
304.0,72,3641.748099
44.0,59,3641.849264
11.3,47,3641.924341
362.2,63,3642.023322
47.8,62,3642.119285
264.4,67,3642.224825
-99.5,50,3642.303774
62.4,55,3642.391201
-49.3,61,3642.494408
60.5,64,3642.611238
322.2,65,3642.714994
-49.9,22,3642.750851
277.0,64,3642.85143
-26.0,52,3642.931298
83.9,59,3643.029527
271.4,77,3643.151904
307.2,75,3643.270534
297.2,80,3643.394242
-60.6,48,3643.469975
-19.5,48,3643.547113
327.2,59,3643.649818
70.7,80,3643.775402
-73.7,43,3643.84356
-39.3,44,3643.912357
323.2,72,3644.024394
354.0,76,3644.144073
294.7,54,3644.235699
-15.0,50,3644.315329
46.0,57,3644.405386
285.2,57,3644.49462
-32.3,52,3644.577849
-49.1,34,3644.640029
302.2,64,3646.841543
334.8,70,3646.954209
42.4,59,3647.047187
-15.0,53,3647.131415
260.8,64,3647.24109
1.7,39,3647.305951
68.0,49,3647.384787
285.7,80,3647.509917
79.1,62,3647.610685
53.3,51,3647.693467
301.1,88,3647.836699
-132.6,60,3647.93707
255.3,88,3648.077245
-39.7,59,3648.170377
297.2,63,3648.270581
30.6,74,3648.387345
280.6,74,3648.512282
20.7,43,3648.584322
-53.1,45,3648.659691
-31.2,62,3648.760109
327.2,70,3648.873943
327.2,59,3648.967937
-91.2,48,3649.05235
3.1,57,3649.144302
-73.2,24,3649.184319
273.7,72,3649.29599
11.2,61,3649.394456
-58.0,37,3649.453871
312.2,65,3649.559114
-100.0,31,3649.607492
307.2,59,3649.711586
307.0,65,3649.826655
69.7,59,3649.921028
1.8,60,3650.016801
54.3,76,3650.137964
243.6,62,3652.476803
75.5,66,3652.583314
45.4,56,3652.681971
282.2,61,3652.778022
-82.9,56,3652.867935
34.8,56,3652.964241
-35.4,33,3653.018919
307.2,51,3653.100091
-1.2,58,3653.191579
257.7,61,3653.296934
286.0,59,3653.390745
-12.2,55,3653.478393
366.2,56,3653.569345
-77.4,56,3653.659032
-58.2,20,3653.69447
299.2,65,3653.797473
282.2,46,3653.88222
272.1,79,3654.02458
299.2,67,3654.131079
-52.1,53,3654.215904
11.2,62,3654.314227
280.2,66,3654.418844
99.2,71,3654.542786
297.5,71,3654.659564
317.2,69,3654.777688
347.2,75,3654.898247
35.0,65,3655.017274
-11.1,66,3655.130672
17.6,37,3655.191499
-26.3,43,3655.277754
283.2,78,3655.413969
316.5,81,3655.554462
11.5,77,3655.688394
-139.9,31,3655.737491
58.6,69,3657.889866
14.5,48,3657.967209
295.2,59,3658.073039
36.5,58,3658.168087
-16.4,35,3658.224571
36.2,50,3658.303966
298.3,74,3658.418563
-2.4,52,3658.499854
-53.3,26,3658.542929
306.2,56,3658.64613
265.3,78,3658.778773
354.1,82,3658.909084
67.8,75,3659.028345
48.6,58,3659.129046
292.2,88,3659.280892
299.4,70,3659.390441
38.9,47,3659.465883
122.2,87,3659.604068
23.9,48,3659.68061
302.3,72,3659.792851
297.2,80,3659.926084
-46.5,41,3659.989182
327.2,62,3660.0854
29.2,43,3660.15427
12.2,54,3660.239665
281.2,52,3660.341138
277.2,57,3660.438709
282.2,65,3660.548715
296.9,59,3660.656149
82.8,72,3660.769569
297.2,65,3660.875646
27.2,69,3661.07344
35.9,76,3661.278527
80.3,65,3661.41339
290.6,77,3663.588635
-119.9,10,3663.606604
-71.1,34,3663.661913
299.9,72,3663.774464
292.2,52,3663.856622
297.2,60,3663.950021
-31.3,50,3664.036386
-1.4,36,3664.094949
97.1,56,3664.183887
59.4,55,3664.271229
-53.2,22,3664.306872
296.1,78,3664.428257
-23.1,52,3664.510785
-33.2,46,3664.584955
292.2,47,3664.667951
311.2,64,3664.767466
-54.7,48,3664.844627
100.4,63,3664.944062
301.4,63,3665.043183
9.9,67,3665.15169
-135.7,27,3665.195804
287.3,59,3665.294573
-2.4,65,3665.420205
33.8,69,3665.538927
-77.3,33,3665.593073
337.2,77,3665.729452
-47.8,81,3665.865417
297.2,59,3665.97103
305.9,84,3666.105824
284.2,47,3666.179927
288.7,81,3666.306645
10.0,39,3666.368458
78.7,85,3666.526782
-1.4,40,3666.590522
307.2,67,3666.697541
-105.0,57,3666.788397
305.2,61,3668.916987
317.7,68,3669.027491
278.8,70,3669.136492
31.1,47,3669.211572
305.2,68,3669.319947
55.4,62,3669.416048
13.4,97,3669.58705
-14.5,57,3669.679247
-11.4,23,3669.718112
277.2,44,3669.785876
-53.7,51,3669.867265
54.0,59,3669.959081
312.2,83,3670.098996
29.4,68,3670.206148
15.4,110,3670.385812
287.2,54,3670.487231
43.9,60,3670.598747
287.2,47,3670.687377
261.2,74,3670.810649
280.9,72,3670.924456
382.2,75,3671.053327
-31.9,46,3671.126717
58.1,85,3671.267837
14.7,48,3671.343704
-21.3,41,3671.409468
-6.4,77,3671.530161
-56.5,33,3671.584554
45.5,67,3671.702267
319.5,77,3671.821437
-6.4,54,3671.913454
339.2,58,3672.005411
-46.7,71,3672.116448
327.2,51,3672.196973
80.4,48,3674.304301
46.6,50,3674.386566
299.3,73,3674.500547
13.1,46,3674.575787
60.4,63,3674.681779
-29.2,59,3674.781326
-41.8,75,3674.905456
322.2,61,3674.999815
-110.4,49,3675.077118
-46.9,49,3675.154397
-62.2,43,3675.221772
4.3,34,3675.276329
281.9,77,3675.398824
-72.9,37,3675.478731
63.6,65,3675.591706
55.0,58,3675.687589
8.4,52,3675.795964
302.2,67,3675.90201
-1.4,40,3675.965139
281.7,77,3676.105844
55.4,58,3676.195958
285.3,81,3676.32275
342.0,83,3676.452505
51.8,71,3676.564365
44.6,58,3676.665315
51.8,63,3676.764897
-111.5,28,3676.810327
49.4,81,3676.936242
347.1,80,3677.061782
8.6,39,3677.124811
267.3,68,3677.238219
296.2,73,3677.353887
-51.4,99,3677.509213
295.7,54,3677.595903
51.5,62,3679.720066
326.2,61,3679.817301
0.1,45,3679.892565
8.8,83,3680.030112
29.3,57,3680.119051
-36.5,64,3680.219984
54.6,50,3680.307846
312.2,61,3680.404917
323.2,84,3680.560445
280.5,71,3680.677299
-78.4,43,3680.746343
302.2,67,3680.875107
-13.9,52,3680.956363
10.3,74,3681.072756
-12.6,82,3681.212236
292.2,80,3681.336573
-14.0,53,3681.420623
24.5,98,3681.584312
27.6,50,3681.664433
257.3,51,3681.744033
-22.2,72,3681.857979
278.9,86,3682.000018
15.0,74,3682.123023
51.5,52,3682.20489
12.6,58,3682.296103
-10.8,67,3682.401394
285.5,52,3682.48338
-7.3,60,3682.580242
82.8,67,3682.694881
332.2,56,3682.783762
76.5,70,3682.894941
-30.2,58,3683.002129
317.4,67,3685.131265
65.4,39,3685.193967
-27.1,57,3685.285603
58.3,84,3685.422072
33.6,56,3685.512017
11.2,53,3685.615869
22.4,47,3685.706317
24.3,54,3685.795163
-23.6,45,3685.87936
286.4,65,3685.982932
-15.4,59,3686.079997
259.5,68,3686.207771
-31.2,57,3686.305384
292.2,57,3686.395255
40.9,62,3686.493839
298.9,73,3686.609292
308.1,67,3686.716641
280.6,89,3686.86591
33.3,59,3686.958115
74.2,58,3687.05039
311.2,67,3687.163969
308.6,60,3687.258311
-101.5,38,3687.319797
312.2,64,3687.420325
285.6,63,3687.527634
25.9,50,3687.608522
45.5,51,3687.692016
41.7,54,3687.778352
305.2,51,3687.859934
304.2,69,3687.968899
12.3,64,3688.079746
18.6,66,3688.198683
297.2,65,3688.301965
68.2,63,3688.401713
-35.3,53,3690.489049
15.9,55,3690.581009
2.4,31,3690.649814
-26.3,32,3690.699967
297.2,72,3690.81785
339.2,62,3690.928689
-53.2,25,3690.971011
10.7,43,3691.046333
277.5,52,3691.129818
302.2,64,3691.251401
75.4,60,3691.350875
44.2,63,3691.450328
36.1,72,3691.567638
60.4,50,3691.657522
275.2,66,3691.76508
-71.4,51,3691.846152
303.6,99,3692.002249
45.4,59,3692.093521
284.2,50,3692.172411
81.8,65,3692.28356
-81.1,40,3692.359097
-45.6,22,3692.394664
8.6,61,3692.489887
52.9,65,3692.59349
79.3,58,3692.688297
292.2,70,3692.798551
302.5,61,3692.902133
-48.2,30,3692.950259
64.7,72,3693.062012
21.5,75,3693.179698
297.8,70,3693.290376
-58.2,19,3693.323877
-58.2,24,3693.365876
11.3,41,3693.437983
-43.9,40,3693.503254
68.9,80,3693.629675
-44.2,27,3693.674988
31.7,50,3693.754076
321.2,63,3696.10133
29.3,77,3696.2244
293.3,63,3696.332916
85.9,70,3696.460581
46.5,50,3696.547402
282.2,54,3696.636122
-100.0,57,3696.726907
332.2,58,3696.819386
277.1,57,3696.909877
-4.7,39,3696.995865
297.7,77,3697.218824
-14.6,37,3697.321113
275.7,53,3697.438874
28.9,71,3697.553226
302.7,55,3697.648149
36.8,49,3697.729321
305.8,56,3697.819551
290.0,66,3697.923583
45.3,64,3698.024074
88.0,80,3698.150169
331.0,66,3698.263081
-3.5,43,3698.333109
69.4,60,3698.427641
287.2,62,3698.529964
301.0,47,3698.607881
287.2,56,3698.69866
-27.9,65,3698.802833
-53.2,20,3698.844244
-85.3,35,3698.901362
-89.5,36,3698.958167
-66.7,34,3699.013357
-14.5,62,3699.112105
-39.9,72,3699.224361
31.9,59,3699.318794
275.9,57,3699.40925
312.2,60,3699.512253
317.2,54,3701.67982
-3.1,49,3701.761974
298.0,57,3701.859794
327.2,74,3701.976572
296.6,87,3702.113689
69.2,48,3702.188385
-63.3,42,3702.255008
-56.8,60,3702.348361
-46.7,68,3702.462615
-77.9,29,3702.510178
-8.5,63,3702.608567
45.4,57,3702.705636
300.2,68,3702.811199
11.0,73,3702.926026
302.3,65,3703.029377
289.2,54,3703.11972
-19.9,51,3703.200672
-16.4,42,3703.266946
15.5,70,3703.37643
297.3,66,3703.478357
-52.3,58,3703.571958
296.4,67,3703.695897
289.1,70,3703.805876
292.2,55,3703.89192
9.2,37,3703.951103
-56.3,50,3704.031229
-59.2,52,3704.112739
-48.5,79,3704.244679
25.6,59,3704.338739
306.0,52,3704.420383
-51.5,64,3704.520558
18.5,55,3704.607854
-11.4,65,3704.715962
291.8,71,3704.844606
323.2,47,3704.919983
-6.9,49,3707.069685
-6.0,57,3707.162316
-54.4,34,3707.216328
45.4,53,3707.308751
-10.0,91,3707.452296
289.3,67,3707.558451
8.5,51,3707.639195
90.9,61,3707.737123
30.9,62,3707.85375
-51.6,43,3707.922491
56.2,49,3707.999491
283.2,72,3708.111131
-53.2,57,3708.200508
-92.9,62,3708.296789
8.6,40,3708.359946
290.7,47,3708.441285
18.0,80,3708.570819
285.7,66,3708.67496
284.1,80,3708.802235
287.2,53,3708.897722
316.2,63,3708.997292
-43.1,50,3709.083267
312.2,57,3709.172245
3.6,41,3709.23873
-86.2,40,3709.30329
50.0,68,3709.410781
307.2,55,3709.497113
-101.3,51,3709.580729
33.6,58,3709.682654
-55.6,60,3709.777725
-92.0,44,3709.848726
55.4,51,3709.930911
-63.7,58,3710.022106
-24.8,61,3710.120171
282.3,60,3710.215497
41.9,72,3710.338704
76.3,73,3712.537923
255.2,71,3712.661735
77.5,54,3712.746721
26.4,63,3712.846856
268.3,59,3712.939451
-95.2,49,3713.029287
-88.7,51,3713.113929
322.2,76,3713.238971
39.7,82,3713.370651
4.4,70,3713.479449
42.0,73,3713.59593
-29.5,32,3713.648424
343.7,68,3713.757795
312.2,67,3713.869632
-1.4,47,3713.943839
327.2,47,3714.019267
302.2,45,3714.08962
286.2,66,3714.193019
-21.0,40,3714.256425
-5.5,34,3714.310049
-1.1,59,3714.403094
284.8,70,3714.520451
30.0,63,3714.621603
-41.8,50,3714.702655
2.5,41,3714.770194
-18.8,65,3714.873073
109.7,81,3714.99886
-33.2,48,3715.089858
-13.4,61,3715.187474
65.4,47,3715.262422
292.2,58,3715.354136
36.1,45,3715.428057
38.7,64,3715.530859
-88.3,45,3715.603923
-81.6,44,3715.681997
-10.5,61,3715.777032
-108.2,39,3717.940673
-13.8,54,3718.029547
45.1,55,3718.12091
55.4,53,3718.204937
-13.1,30,3718.255077
-61.0,43,3718.324106
13.8,60,3718.419101
322.5,62,3718.51751
-16.4,54,3718.605513
8.5,44,3718.685549
24.5,50,3718.766058
277.2,63,3718.866156
306.2,84,3718.997924
-82.5,33,3719.050961
72.5,62,3719.150454
318.3,75,3719.284657
283.0,61,3719.380802
318.3,44,3719.450933
327.2,43,3719.518823
328.9,70,3719.629964
45.1,50,3719.71199
-13.6,60,3719.806467
47.6,92,3719.960449
-33.2,48,3720.034845
58.1,59,3720.128512
57.9,69,3720.242587
-92.8,40,3720.311576
1.8,68,3720.419581
35.9,65,3720.528984
322.9,65,3720.634182
-44.2,42,3720.702287
317.1,61,3720.799607
297.8,64,3720.899079
296.2,50,3720.977869
26.4,62,3721.083985
-59.9,29,3721.131231
84.2,56,3723.297433
55.3,55,3723.392653
32.1,57,3723.489449
44.0,59,3723.584055
-28.7,55,3723.672256
-47.9,45,3723.74429
-26.0,42,3723.811932
55.4,72,3723.923894
-64.9,32,3723.975398
-112.1,68,3724.088765
5.4,66,3724.192419
-1.7,70,3724.301884
-58.2,49,3724.379985
270.7,76,3724.506826
279.0,62,3724.606466
332.2,70,3724.72475
258.7,72,3724.838205
58.3,53,3724.922413
-36.1,41,3724.98841
-87.6,45,3725.063139
-17.9,55,3725.153658
322.2,63,3725.260406
54.3,58,3725.352187
28.9,69,3725.472471
13.6,52,3725.556787
-42.3,19,3725.588516
-32.3,68,3725.697442
-23.7,62,3725.796637
-5.7,59,3725.900409
-63.5,32,3725.952709
-49.2,79,3726.076197
-40.3,64,3726.178133
277.2,54,3726.263719
317.2,78,3726.386833
-86.2,45,3726.46969
270.7,68,3726.579977
1.9,91,3728.828607
-13.0,54,3728.920406
288.3,59,3729.012558
307.2,65,3729.115721
302.4,49,3729.193453
32.3,76,3729.313165
-2.8,54,3729.399588
42.0,62,3729.507461
295.8,86,3729.662782
-87.4,38,3729.722786
282.3,81,3729.850743
-92.1,52,3729.930709
-6.0,59,3730.027411
279.5,50,3730.113154
301.0,57,3730.204493
3.4,40,3730.268985
8.2,75,3730.390621
304.2,67,3730.497339
331.2,58,3730.592693
84.9,98,3730.758364
-22.7,56,3730.845711
277.2,62,3730.943947
307.2,53,3731.028802
-2.2,44,3731.099386
297.2,49,3731.177658
-1.4,37,3731.244066
-25.7,65,3731.348279
40.6,60,3731.442834
-22.8,53,3731.526543
332.2,68,3731.643359
-39.1,60,3731.809342
24.4,51,3732.027941
-29.9,62,3732.146196
303.9,72,3732.258795
65.8,82,3734.496194
80.4,56,3734.587844
43.0,62,3734.686103
-19.2,71,3734.800301
267.9,42,3734.877642
292.2,70,3734.987273
10.6,68,3735.095569
39.5,47,3735.171144
72.8,75,3735.289175
-19.6,46,3735.362984
280.7,63,3735.472261
320.5,70,3735.585556
67.0,67,3735.693756
296.0,52,3735.777334
252.9,57,3735.873587
-33.0,54,3735.958992
36.1,51,3736.049046
286.0,68,3736.157797
53.2,73,3736.272655
270.8,62,3736.370595
31.1,65,3736.473185
297.2,50,3736.552726
-12.5,59,3736.660512
287.2,45,3736.732239
287.2,61,3736.829994
-89.7,57,3736.928941
-116.9,34,3736.984518
90.4,59,3737.077826
-11.4,27,3737.121053
55.8,56,3737.208488
11.2,54,3737.305166
44.3,51,3737.387064
60.4,65,3737.488692
42.8,64,3737.592526
-44.4,59,3737.687996
276.3,62,3739.877609
52.4,50,3739.963039
65.6,47,3740.038776
-25.1,32,3740.090111
312.2,62,3740.190524
33.4,45,3740.26892
61.7,79,3740.39485
-108.0,45,3740.46821
305.2,61,3740.566669
287.2,65,3740.671427
-118.0,32,3740.723237
282.2,72,3740.846628
304.2,74,3740.963301
293.1,79,3741.098374
-15.4,35,3741.155309
61.6,64,3741.258444
-74.3,77,3741.378244
302.4,73,3741.503211
65.4,86,3741.644035
-96.8,44,3741.716898
40.5,59,3741.812185
47.2,64,3741.913055
277.7,64,3742.015972
-6.8,59,3742.132641
38.9,83,3742.265464
276.7,96,3742.416569
316.0,65,3742.517381
277.7,89,3742.672504
67.9,76,3742.791218
302.2,58,3742.883
28.0,66,3742.988739
274.1,55,3743.076648
27.3,83,3745.304886
-157.1,74,3745.420199
300.3,84,3745.552299
-67.7,45,3745.62869
312.2,59,3745.72661
271.4,66,3745.832241
-93.2,72,3745.946059
-20.7,39,3746.009709
19.9,62,3746.10923
-2.4,29,3746.157335
357.2,69,3746.289218
264.6,68,3746.395372
-71.5,19,3746.427959
35.2,62,3746.525729
247.1,71,3746.640702
80.4,56,3746.730974
303.9,69,3746.852211
29.1,46,3746.926846
-22.3,51,3747.009566
-71.9,31,3747.059212
49.0,57,3747.149384
53.9,55,3747.237211
-161.8,23,3747.274609
-57.0,77,3747.395052
297.2,68,3747.50856
292.2,64,3747.610874
23.7,60,3747.708272
271.5,65,3747.811065
297.6,60,3747.905645
-111.8,54,3747.990959
297.2,59,3748.091695
39.7,69,3748.200574
307.2,47,3748.279732
23.5,48,3748.356245
-62.1,54,3748.441328
-36.5,52,3748.523465
312.2,69,3750.711018
-29.9,44,3750.784739
-5.3,70,3750.894035
0.9,53,3750.978998
-71.9,37,3751.045234
-45.1,52,3751.128235
8.5,69,3751.235278
-29.7,32,3751.286773
-12.9,53,3751.369959
0.1,60,3751.463859
44.5,49,3751.541431
-93.0,32,3751.595138
-5.2,28,3751.647584
272.2,44,3751.718713
292.7,60,3751.812165
52.0,67,3751.918666
78.3,76,3752.037807
302.2,43,3752.10607
-88.7,64,3752.205401
326.9,73,3752.326219
-104.2,35,3752.382437
-48.9,64,3752.488146
42.6,51,3752.571537
290.7,64,3752.675023
48.6,51,3752.755535
291.2,47,3752.834344
-84.9,40,3752.902896
75.4,65,3753.005029
-158.9,58,3753.09568
-3.9,38,3753.156924
88.6,67,3753.263321
-10.8,50,3753.342137
-13.3,38,3753.404157
302.2,48,3753.497107
288.9,78,3753.621021
-12.8,58,3753.714732
88.6,70,3753.824003
13.6,69,3753.932779
3.6,33,3756.102367
-11.0,26,3756.144211
33.4,50,3756.224857
-47.1,36,3756.283874
65.4,67,3756.3898
77.4,75,3756.517285
327.2,50,3756.606076
57.1,63,3756.708199
13.8,70,3756.818693
69.2,77,3756.939982
-1.6,61,3757.04523
314.1,60,3757.141531
-60.4,50,3757.222102
300.0,62,3757.31989
264.9,66,3757.4238
322.0,62,3757.524269
-96.2,39,3757.598953
296.2,57,3757.697609
-23.0,75,3757.815662
280.8,64,3757.915897
61.0,74,3758.033012
85.4,55,3758.120221
-38.4,46,3758.193467
272.5,64,3758.301322
252.3,62,3758.396928
-5.0,46,3758.47197
-26.3,48,3758.548953
-84.8,31,3758.603796
0.5,59,3758.710391
52.6,55,3758.797329
332.2,59,3758.89901
13.8,64,3758.999971
-17.7,51,3759.080539
292.1,56,3759.16934
-26.9,58,3759.261489
41.2,53,3759.345921
297.2,52,3761.507933
336.2,66,3761.614151
317.4,64,3761.72627
317.2,59,3761.819811
6.6,57,3761.918162
16.4,70,3762.028707
59.7,69,3762.136455
10.8,79,3762.260888
350.7,88,3762.399279
82.7,54,3762.492163
-58.2,18,3762.522038
-10.8,51,3762.603647
90.5,64,3762.706546
1.8,37,3762.77288
277.2,59,3762.870817
-55.7,43,3762.938901
299.0,80,3763.073066
317.2,70,3763.181517
-30.8,50,3763.261401
86.4,56,3763.350139
-19.7,45,3763.422288
58.8,67,3763.528121
8.1,67,3763.636279
25.3,55,3763.731529
-19.2,49,3763.811089
44.2,65,3763.913706
-32.9,44,3763.983616
3.1,69,3764.092851
13.4,62,3764.189103
302.7,73,3764.314449
-9.4,36,3764.372581
294.2,81,3764.498941
307.9,79,3764.626081
53.9,67,3764.734129
55.0,80,3766.968279
87.4,49,3767.046131
26.5,66,3767.150368
1.8,58,3767.250956
30.0,68,3767.360792
317.8,87,3767.498816
40.7,62,3767.599077
276.8,63,3767.700842
235.3,56,3767.789474
-84.9,46,3767.872734
317.2,76,3767.99157
297.2,65,3768.093732
-26.5,59,3768.187656
33.9,50,3768.269078
54.3,76,3768.390417
-60.1,69,3768.509339
57.4,48,3768.588978
-82.9,63,3768.691188
300.0,51,3768.820216
322.2,72,3769.030762
274.9,58,3769.20034
11.4,68,3769.30721
5.0,44,3769.378261
282.2,59,3769.470981
44.4,49,3769.547772
285.7,47,3769.626674
290.5,74,3769.74937
288.0,59,3769.842879
18.0,80,3769.966535
307.2,61,3770.075153
292.2,66,3770.179356
17.4,50,3770.267378
-29.9,51,3770.348849
28.0,89,3772.581736
291.1,61,3772.687766
65.4,51,3772.767077
92.3,60,3772.861553
52.4,72,3772.974499
297.2,45,3773.045406
19.5,55,3773.138179
282.9,52,3773.219841
-132.0,34,3773.284078
8.6,33,3773.335939
289.2,57,3773.426147
327.2,75,3773.542746
-57.2,57,3773.634367
37.2,66,3773.740109
228.9,63,3773.849598
327.5,61,3773.945566
4.0,43,3774.0144
59.8,85,3774.156714
3.6,47,3774.234396
70.4,59,3774.328006
289.0,51,3774.408532
269.9,57,3774.507596
-53.2,18,3774.538192
301.1,69,3774.648474
66.3,79,3774.774323
280.2,50,3774.853738
78.6,60,3774.948217
12.1,72,3775.070153
327.2,58,3775.161078
24.9,52,3775.258239
252.4,61,3775.354881
-53.8,60,3775.450761
61.5,45,3775.525854
-99.7,62,3775.62955
55.4,46,3775.706896
345.9,82,3775.837065
52.0,57,3777.988331
300.6,82,3778.126529
-21.8,47,3778.200976
-53.7,52,3778.289942
282.2,45,3778.367208
33.4,60,3778.462319
276.9,64,3778.563246
32.1,54,3778.661038
-77.4,61,3778.761372
291.0,73,3778.895487
-5.7,55,3778.982598
264.3,61,3779.080467
312.6,66,3779.185759
-60.9,52,3779.280011
-32.4,71,3779.411758
287.5,63,3779.511533
287.2,54,3779.599111
324.2,70,3779.711983
59.9,75,3779.837881
29.5,59,3779.932529
-15.4,50,3780.012817
-65.7,63,3780.112623
48.1,66,3780.216802
62.1,62,3780.315449
301.3,90,3780.471934
269.4,63,3780.571647
301.1,72,3780.68851
292.2,49,3780.766324
11.2,53,3780.851622
-106.1,17,3780.880054
307.2,69,3780.988165
307.2,77,3781.119885
60.0,69,3781.228391
41.5,59,3783.414226
39.7,60,3783.528144
-75.6,44,3783.599734
292.2,63,3783.701373
-100.0,76,3783.816332
56.1,55,3783.904079
40.4,41,3783.97008
51.0,69,3784.087264
262.8,46,3784.159384
301.2,72,3784.272654
287.2,65,3784.373597
-83.6,76,3784.493042
32.2,70,3784.605637
-9.4,40,3784.679268
54.1,78,3784.801758
23.3,66,3784.905194
40.1,70,3785.015065
310.2,65,3785.119325
277.2,65,3785.22321
93.9,92,3785.37804
265.5,62,3785.476863
292.2,56,3785.571003
69.8,54,3785.657337
294.7,85,3785.792539
297.2,64,3785.899632
16.6,61,3785.995018
311.2,61,3786.091882
-43.5,60,3786.186156
-33.3,45,3786.258847
-38.2,58,3786.348918
270.7,54,3786.439839
39.3,90,3786.591393
296.0,69,3786.703511
47.3,45,3788.873692
29.4,73,3788.988173
-1.4,51,3789.067682
322.2,75,3789.184888
-21.7,71,3789.296428
0.1,71,3789.408073
282.2,46,3789.4897
30.4,48,3789.565668
312.2,62,3789.666214
301.3,54,3789.75928
40.4,70,3789.870135
31.6,60,3789.965184
275.3,59,3790.067369
10.9,50,3790.147355
-12.3,53,3790.23162
28.1,84,3790.364927
273.4,81,3790.49438
-42.3,34,3790.54772
63.7,53,3790.641045
-63.5,38,3790.703429
38.5,49,3790.793591
4.3,57,3790.882863
320.7,64,3790.983298
295.1,66,3791.08689
317.2,63,3791.184829
-44.6,42,3791.262703
-41.9,53,3791.346396
-19.6,53,3791.430463
44.2,45,3791.502512
16.8,66,3791.609415
1.3,78,3791.73308
-7.2,46,3791.819657
60.0,52,3791.911754
-95.3,81,3792.038783
54.7,56,3792.127947
307.2,75,3794.320348
35.4,41,3794.385115
-39.1,65,3794.488643
278.5,56,3794.580005
-22.9,49,3794.65931
-17.8,58,3794.753702
66.8,54,3794.852431
-14.4,68,3794.971346
41.6,74,3795.088502
391.2,85,3795.224453
-27.9,88,3795.364021
247.1,73,3795.492561
-28.1,35,3795.548496
49.5,75,3795.67012
16.4,44,3795.740912
267.9,59,3795.834563
-50.5,32,3795.885971
304.2,43,3795.971863
-20.3,66,3796.084942
307.2,59,3796.178207
327.4,69,3796.28705
-133.3,41,3796.352989
-56.2,47,3796.427724
31.4,72,3796.539613
12.6,66,3796.655829
344.0,80,3796.785286
58.9,75,3796.902989
36.6,74,3797.019566
26.2,60,3797.115064
-53.1,51,3797.196343
287.2,37,3797.262759
-58.0,36,3797.320194
307.2,53,3797.404365
4.6,57,3797.494702
28.3,64,3799.680681
-58.2,36,3799.739456
-6.7,92,3799.884838
37.8,52,3799.967037
42.0,40,3800.031541
14.3,57,3800.136469
43.9,66,3800.248418
229.0,76,3800.369232
18.2,64,3800.472368
302.2,45,3800.544297
60.5,59,3800.640363
302.2,77,3800.761683
-46.7,46,3800.845688
296.0,58,3800.937209
282.2,58,3801.028071
22.8,62,3801.126353
-110.8,43,3801.193516
290.7,67,3801.299249
73.5,87,3801.441922
-58.2,27,3801.485516
-3.5,63,3801.584934
329.4,70,3801.69769
46.2,71,3801.80978
292.2,48,3801.885609
277.2,55,3801.972145
-45.9,48,3802.055074
17.6,66,3802.165912
18.6,48,3802.242661
17.1,52,3802.324551
284.9,63,3802.423883
39.9,68,3802.531275
307.2,60,3802.633462
56.3,51,3802.717493
67.6,65,3802.820388
327.2,50,3802.89963
46.9,68,3805.403599
-51.8,39,3805.467498
2.7,55,3805.557187
67.1,73,3805.685924
316.7,61,3805.78176
-69.9,54,3805.867557
298.7,71,3805.98002
65.7,55,3806.068198
-10.4,59,3806.161872
-46.9,42,3806.237268
-57.9,18,3806.267401
376.2,61,3806.363145
-20.4,59,3806.462256
287.2,69,3806.570087
302.2,54,3806.65703
43.2,56,3806.747078
312.1,70,3806.865911
-6.5,55,3806.952092
-58.6,46,3807.025083
-59.8,42,3807.091236
294.9,58,3807.18152
-16.4,46,3807.254394
-44.1,68,3807.361625
-83.5,50,3807.454094
39.1,48,3807.533577
2.4,45,3807.606738
41.2,85,3807.740254
30.8,59,3807.832813
272.2,48,3807.908186
55.0,51,3807.988566
-115.3,39,3808.057361
-18.9,32,3808.108427
56.3,59,3808.201123
18.1,69,3808.309677
39.9,68,3808.416315
32.9,54,3808.510967
21.5,53,3808.599122
16.3,54,3810.767162
2.4,71,3810.880508
-107.0,70,3810.988466
307.2,58,3811.089958
-2.3,61,3811.187359
32.4,71,3811.298242
-32.1,62,3811.396152
40.4,37,3811.456108
289.2,71,3811.581631
-85.1,51,3811.678224
50.5,81,3811.810109
66.2,80,3811.940425
275.8,67,3812.044576
26.0,76,3812.163805
4.1,50,3812.250544
272.7,73,3812.364409
42.9,48,3812.441515
-53.2,45,3812.512145
-63.8,28,3812.556322
293.9,76,3812.690948
59.1,68,3812.798075
79.0,73,3812.921703
65.4,41,3812.987729
50.4,57,3813.077575
332.2,62,3813.174294
272.5,61,3813.270751
293.3,56,3813.359105
4.5,42,3813.431619
1.5,52,3813.515849
307.6,76,3813.636149
8.8,66,3813.742284
62.4,56,3813.831606
333.1,88,3813.971765
-49.9,50,3814.058125
-53.2,19,3816.181112
301.2,61,3816.278487
22.0,38,3816.339021
32.9,51,3816.421972
78.9,49,3816.505056
285.5,74,3816.622914
-9.8,46,3816.699101
54.2,60,3816.803658
93.9,60,3816.900752
80.4,75,3817.017665
314.2,49,3817.103147
259.2,79,3817.226466
326.2,69,3817.335457
-23.8,52,3817.417984
-71.7,28,3817.463254
-45.2,61,3817.559498
1.3,59,3817.661647
315.7,73,3817.777659
312.2,63,3817.878495
60.4,45,3817.950003
287.2,45,3818.02589
289.2,68,3818.131491
35.1,66,3818.242844
63.9,46,3818.321813
337.2,67,3818.427553
-61.1,33,3818.480778
-38.3,40,3818.545383
301.2,73,3818.66128
-121.7,40,3818.726673
-14.3,76,3818.860573
-37.9,18,3818.890394
268.6,51,3818.970547
-60.4,64,3819.072543
9.4,69,3819.181356
20.5,32,3819.24138
33.4,40,3819.31545
22.6,75,3819.443599
300.7,62,3821.651526
287.2,58,3821.754082
310.2,59,3821.855799
351.0,57,3821.946875
-21.7,48,3822.023782
285.2,63,3822.122989
47.9,74,3822.23924
-35.7,54,3822.325567
291.2,63,3822.429252
290.7,69,3822.544057
306.2,75,3822.664515
4.1,59,3822.760035
282.2,52,3822.84223
-96.7,48,3822.917972
-70.9,21,3822.95154
24.7,71,3823.081306
48.3,62,3823.179365
-2.5,54,3823.264547
-48.5,53,3823.350424
24.4,62,3823.448771
258.0,69,3823.557729
-24.4,76,3823.689146
303.7,73,3823.804373
-39.1,60,3823.899953
277.2,73,3824.023007
285.2,67,3824.134753
40.4,57,3824.229327
19.1,59,3824.328892
51.4,69,3824.438132
0.0,43,3824.508853
-27.3,76,3824.632442
282.2,68,3824.739751
-98.3,57,3824.839068
70.0,56,3824.929466
294.6,69,3827.124601
34.3,56,3827.218125
337.2,62,3827.322318
312.1,59,3827.415263
77.9,79,3827.538343
302.2,67,3827.645997
33.1,80,3827.773674
313.7,63,3827.88061
302.2,61,3827.977242
-38.1,55,3828.06399
-115.7,32,3828.11596
-31.3,63,3828.224402
-28.9,59,3828.316277
308.7,56,3828.405398
42.9,70,3828.52301
51.7,61,3828.622392
354.5,77,3828.74449
-19.4,33,3828.798377
47.8,62,3828.896811
-38.5,38,3828.957504
-62.3,31,3829.00609
327.2,54,3829.099731
-32.9,56,3829.18841
18.6,56,3829.289382
292.2,61,3829.386037
-7.8,81,3829.512342
65.5,70,3829.627582
296.2,65,3829.737997
307.2,84,3829.870402
264.2,75,3829.987236
-102.6,54,3830.072309
287.2,53,3830.156858
54.5,43,3830.228569
292.2,54,3830.318295
13.4,55,3832.487302
-30.1,62,3832.588088
34.5,69,3832.706844
282.2,51,3832.789689
300.2,66,3832.893722
302.2,67,3832.999544
283.9,70,3833.110087
-31.9,50,3833.189553
-69.9,41,3833.264072
285.5,63,3833.367868
19.3,49,3833.452761
-47.4,45,3833.523315
52.9,80,3833.650822
317.2,55,3833.73787
-91.6,51,3833.819182
337.2,49,3833.904406
301.2,53,3833.989619
73.0,72,3834.103014
261.8,71,3834.214621
24.1,57,3834.305508
-111.6,38,3834.365754
69.4,47,3834.447629
315.9,54,3834.532126
-85.0,55,3834.62001
-20.1,46,3834.694499
46.2,63,3834.795234
-9.7,62,3834.891748
57.7,64,3834.993067
1.5,35,3835.057727
301.0,71,3835.168958
51.3,46,3835.241323
277.2,45,3835.312969
3.6,57,3835.402913
50.4,55,3835.498265
39.2,67,3835.619136
287.8,81,3835.761116
42.1,50,3837.915119
294.7,48,3837.990367
51.5,43,3838.067679
51.8,82,3838.198228
33.6,73,3838.312335
3.7,71,3838.423659
307.2,56,3838.511425
95.1,79,3838.645149
328.2,75,3838.764493
-0.3,46,3838.883728
-39.0,76,3839.171798
32.4,67,3839.290128
55.8,59,3839.383292
340.7,68,3839.489692
-77.5,53,3839.578963
256.8,66,3839.686757
264.3,68,3839.794279
282.2,49,3839.879652
42.9,53,3839.964085
50.9,60,3840.058248
-124.3,31,3840.108172
-17.7,36,3840.165701
317.2,68,3840.271682
347.2,60,3840.366219
288.4,72,3840.48931
-50.7,51,3840.579084
280.2,50,3840.675224
-75.6,56,3840.772894
306.0,39,3840.834894
-41.9,49,3840.928825
319.2,70,3841.044252
287.0,74,3841.174893
55.8,54,3841.261056
40.4,42,3841.327628
59.1,62,3841.425833
-62.8,69,3843.572976
282.2,58,3843.666346
282.2,63,3843.772464
322.2,80,3843.897396
6.3,66,3844.001495
31.9,73,3844.12324
321.5,73,3844.238457
301.8,61,3844.3344
-117.9,53,3844.418228
92.1,60,3844.512965
308.0,64,3844.615763
307.2,63,3844.722816
76.0,39,3844.795764
-51.6,63,3844.895749
286.2,46,3844.968618
302.2,71,3845.080184
40.8,45,3845.153265
55.7,61,3845.257447
39.6,50,3845.336195
33.3,65,3845.44009
282.9,54,3845.527041
33.9,59,3845.637653
83.2,62,3845.74299
289.2,53,3845.852809
10.0,73,3845.980981
18.3,60,3846.075171
10.4,56,3846.165026
-21.8,78,3846.299429
-27.1,58,3846.389726
28.9,40,3846.463204
15.8,41,3846.530658
285.7,60,3846.627471
260.0,59,3846.722683
310.5,66,3846.826982
-89.4,31,3848.946763
298.9,90,3849.088617
-12.2,54,3849.173208
86.5,81,3849.299978
55.4,70,3849.409817
6.3,46,3849.49071
-65.0,70,3849.603169
4.6,45,3849.675432
291.4,71,3849.787705
-66.9,70,3849.897247
-94.8,43,3849.972881
33.4,77,3850.106225
295.2,58,3850.196887
29.6,55,3850.283617
-32.9,28,3850.329241
307.1,63,3850.429342
-58.4,57,3850.520398
-24.8,67,3850.629531
60.4,56,3850.737735
-9.5,34,3850.793445
-1.5,53,3850.884014
52.2,68,3851.004333
273.2,58,3851.095891
249.4,81,3851.226295
280.2,73,3851.359668
25.6,53,3851.443102
278.4,68,3851.550113
46.8,43,3851.621847
301.2,80,3851.748274
10.6,46,3851.822274
44.3,76,3851.948662
316.1,69,3852.063704
14.3,57,3852.154133
289.2,52,3852.236639
-82.9,64,3854.385204
286.7,83,3854.515786
-13.8,70,3854.626504
292.2,61,3854.723545
53.9,62,3854.829354
-61.7,51,3854.914874
-100.0,61,3855.00985
45.4,39,3855.073234
1.2,43,3855.141761
22.9,72,3855.254171
288.7,61,3855.351202
-63.3,59,3855.456796
52.4,56,3855.549158
321.0,64,3855.651862
267.9,75,3855.793665
309.2,64,3855.899494
317.2,58,3855.991506
295.2,67,3856.117131
2.1,36,3856.182851
47.5,75,3856.307822
85.4,54,3856.396828
-9.6,64,3856.497018
283.7,69,3856.609414
10.9,61,3856.716965
6.6,65,3856.820152
6.8,56,3856.908727
17.3,74,3857.025223
9.1,60,3857.120758
55.1,62,3857.242189
-53.0,52,3857.32508
55.4,61,3857.422258
54.3,52,3857.504948
-49.4,32,3857.557786
18.8,53,3857.644426
-44.4,68,3859.782027
290.2,65,3859.886683
-21.1,29,3859.932577
-145.2,27,3859.975663
-53.2,22,3860.011928
2.8,42,3860.078602
45.8,59,3860.171365
12.7,62,3860.276245
66.1,51,3860.362677
268.1,71,3860.477987
-99.1,54,3860.564078
-28.2,41,3860.631515
306.2,70,3860.743397
327.2,54,3860.85158
-59.7,39,3860.915836
326.0,68,3861.023213
-59.9,37,3861.092216
-37.8,46,3861.167506
297.2,53,3861.250584
17.7,53,3861.336139
312.2,64,3861.463866
75.4,55,3861.549737
262.0,97,3861.702097
305.1,64,3861.802992
272.2,59,3861.895763
35.5,64,3861.995334
55.8,56,3862.093173
289.3,61,3862.189822
271.3,64,3862.290371
292.2,57,3862.379211
282.2,51,3862.470752
-86.1,24,3862.510077
51.5,67,3862.616685
-115.1,36,3862.682197
40.6,46,3862.757241
-99.2,50,3862.834114
9.9,48,3862.91052
292.2,51,3862.990892
48.7,58,3865.093909
53.4,80,3865.222737
300.2,63,3865.320128
347.2,60,3865.417274
258.6,70,3865.540355
297.2,64,3865.652006
281.0,68,3865.761358
-58.2,38,3865.829177
-3.4,53,3865.920241
308.4,87,3866.061805
40.4,51,3866.152599
22.2,62,3866.257689
8.5,54,3866.342886
21.9,41,3866.414336
-1.6,74,3866.54179
-60.9,58,3866.642834
327.2,65,3866.747323
-62.6,49,3866.831031
22.8,57,3866.92839
282.2,47,3867.003262
285.7,54,3867.088039
276.0,62,3867.185398
43.1,48,3867.262361
33.5,58,3867.35445
37.6,80,3867.491524
-1.6,27,3867.534663
327.2,66,3867.638553
45.4,63,3867.739551
329.2,54,3867.825841
335.2,68,3867.933279
268.9,45,3868.005723
38.0,45,3868.087952
282.2,66,3868.191651
323.2,67,3868.297546
38.9,75,3868.417345
-11.3,44,3870.499206
43.4,49,3870.581765
-71.8,35,3870.640866
45.4,51,3870.737258
-19.9,73,3870.858117
317.1,78,3870.993791
-44.7,39,3871.0668
302.2,67,3871.182779
-40.5,63,3871.283396
-60.7,58,3871.376314
27.0,71,3871.498464
301.0,78,3871.627236
64.0,59,3871.727648
297.2,54,3871.815211
278.6,76,3871.936205
342.2,53,3872.020386
14.7,48,3872.096153
260.5,58,3872.187853
51.2,84,3872.330018
-42.6,47,3872.404802
325.2,57,3872.49457
270.7,67,3872.59821
297.9,77,3872.726145
296.2,50,3872.80931
-51.9,51,3872.89766
297.2,50,3872.976887
-56.2,55,3873.064091
277.6,75,3873.183099
296.2,57,3873.27498
9.8,68,3873.381469
250.7,80,3873.51556
54.5,61,3873.613958
107.5,73,3873.730374
-53.2,49,3873.816175
3.6,60,3876.275859
-28.9,59,3876.368191
61.0,58,3876.468087
-20.7,50,3876.557099
305.7,53,3876.64301
312.2,55,3876.730175
-26.0,60,3876.824965
20.3,68,3876.938199
164.5,77,3877.068224
45.5,62,3877.164913
-42.2,36,3877.223164
-30.2,58,3877.314998
312.2,63,3877.413291
291.2,80,3877.536731
33.3,42,3877.604139
-2.4,52,3877.69875
-78.1,55,3877.786591
31.9,74,3877.906103
35.5,80,3878.040017
287.2,47,3878.113995
-91.4,60,3878.207868
-69.1,37,3878.276588
41.0,65,3878.37866
307.2,68,3878.484598
286.1,94,3878.635156
287.2,79,3878.758069
44.4,46,3878.843309
70.0,78,3878.979439
20.6,60,3879.079099
37.1,60,3879.175493
-23.4,40,3879.240024
-86.3,46,3879.313331
297.2,43,3879.38036
297.2,64,3879.490779
-72.3,34,3879.544928
69.9,61,3881.694869
15.6,36,3881.753419
28.7,92,3881.908812
307.2,46,3881.979937
-13.1,56,3882.079239
0.5,68,3882.185697
33.5,52,3882.268679
50.4,41,3882.334649
37.5,61,3882.43645
-3.1,59,3882.532593
-55.3,41,3882.599242
10.7,82,3882.740617
3.5,70,3882.851235
318.6,77,3882.97289
265.3,69,3883.096374
291.2,69,3883.216763
312.2,66,3883.321327
52.1,75,3883.439775
314.2,69,3883.548935
303.0,68,3883.666883
30.7,41,3883.735761
310.2,74,3883.852583
292.1,59,3883.944882
311.0,68,3884.052726
282.2,52,3884.134732
-16.7,46,3884.208386
295.5,83,3884.348796
-68.9,57,3884.438161
-22.1,40,3884.50321
4.3,66,3884.608101
22.5,68,3884.718631
41.8,44,3884.793458
-39.0,39,3884.866426
0.0,40,3884.930554
292.2,64,3887.104655
-38.7,40,3887.166962
281.9,83,3887.318632
50.4,60,3887.412438
78.3,81,3887.539719
309.4,80,3887.666425
70.5,66,3887.772282
31.5,53,3887.864936
327.2,59,3887.958152
37.5,68,3888.065486
292.2,64,3888.165628
22.2,82,3888.295019
-9.6,43,3888.363916
287.3,65,3888.473391
-51.0,31,3888.522565
-16.4,40,3888.585453
325.8,78,3888.711321
279.8,68,3888.81675
-6.8,46,3888.890132
307.2,53,3888.973
295.2,48,3889.055552
31.9,79,3889.180087
43.2,75,3889.300204
9.1,61,3889.39855
279.8,79,3889.523534
48.9,79,3889.659202
296.1,60,3889.754652
-42.9,63,3889.85374
-49.5,70,3889.962306
312.2,70,3890.072751
316.0,52,3890.155397
-33.7,63,3890.262441
47.3,86,3892.476472
307.1,64,3892.578347
54.2,74,3892.706108
46.4,72,3892.82043
33.3,64,3892.922424
21.7,50,3893.002641
45.4,50,3893.082092
264.6,60,3893.176986
-54.9,26,3893.219621
58.6,68,3893.334106
29.7,79,3893.465105
-33.2,28,3893.510113
-6.4,55,3893.595866
87.1,65,3893.700371
-58.2,26,3893.743667
285.5,55,3893.83281
332.2,61,3893.934609
290.8,61,3894.031117
100.9,63,3894.131323
325.2,62,3894.229201
-43.2,62,3894.326755
55.4,54,3894.412919
-32.4,52,3894.515075
10.7,79,3894.643177
63.1,46,3894.718729
-14.2,46,3894.793432
283.6,60,3894.888144
-35.4,57,3894.978384
-30.4,68,3895.094673
-59.9,65,3895.197711
81.0,55,3895.285419
-40.4,39,3895.347915
26.6,60,3895.443218
-35.4,43,3895.513083
292.2,76,3895.655445
300.8,60,3897.803152
3.6,26,3897.846907
-66.9,55,3897.936107
312.2,55,3898.024857
-29.0,88,3898.170198
63.0,51,3898.251637
27.4,78,3898.373572
300.7,63,3898.47394
2.7,63,3898.57308
40.0,56,3898.68386
290.7,80,3898.811032
60.6,56,3898.90401
277.2,53,3898.994149
17.5,47,3899.070042
276.1,53,3899.153678
-133.3,14,3899.176373
277.3,76,3899.304555
64.3,68,3899.411368
292.2,62,3899.507723
102.9,69,3899.616542
-1.6,50,3899.709317
5.9,40,3899.775717
297.2,63,3899.882719
276.2,61,3899.978012
52.4,53,3900.062187
7.4,37,3900.12175
-31.8,64,3900.223525
-56.8,75,3900.341081
-64.7,37,3900.402889
45.4,44,3900.481857
29.6,60,3900.577459
37.3,64,3900.681521
-33.2,19,3900.7131
49.2,31,3900.763895
13.6,35,3900.820278
288.5,53,3900.904752
-0.8,46,3900.979378
83.3,96,3901.138183
61.7,61,3903.306417
278.2,69,3903.414551
-45.5,54,3903.507602
75.4,45,3903.579825
26.5,57,3903.672868
14.4,50,3903.753079
49.6,87,3903.901928
-46.1,45,3903.972515
-20.4,66,3904.085001
302.2,59,3904.176659
265.6,63,3904.276295
296.2,55,3904.363038
-51.1,72,3904.476506
297.2,69,3904.584359
302.2,73,3904.707312
267.9,64,3904.811075
-127.2,21,3904.846261
37.9,46,3904.919034
-44.8,66,3905.022149
9.0,53,3905.106363
292.3,72,3905.222096
302.2,65,3905.330544
324.3,80,3905.459169
-24.7,62,3905.557607
280.2,54,3905.645154
13.6,43,3905.714262
-76.1,43,3905.784197
-31.2,72,3905.910642
76.0,81,3906.037497
-49.9,31,3906.088045
29.0,50,3906.167079
312.2,69,3906.274751
45.4,53,3906.358392
28.6,57,3906.455985
285.8,64,3908.647423
6.1,62,3908.74831
-5.5,69,3908.866033
54.4,49,3908.94546
278.5,54,3909.031597
2.6,42,3909.100354
-40.1,48,3909.17758
59.9,50,3909.257059
38.6,59,3909.350995
34.9,69,3909.47067
1.6,39,3909.534749
-56.2,48,3909.611023
-3.6,62,3909.710551
33.8,42,3909.779566
17.3,28,3909.824939
-46.4,56,3909.915142
253.7,83,3910.060661
297.2,55,3910.146899
49.5,70,3910.258466
-7.7,63,3910.359735
-27.9,56,3910.448502
334.2,58,3910.543057
-11.4,58,3910.643646
-46.1,47,3910.720931
-0.2,48,3910.846001
8.6,55,3911.079177
297.2,57,3911.213384
288.9,64,3911.320882
294.3,77,3911.440748
306.0,74,3911.557443
272.6,83,3911.691299
260.9,68,3911.79799
306.2,94,3911.954087
32.4,71,3912.064044
-46.0,43,3912.137296
42.7,48,3914.293147
-1.4,34,3914.347906
316.2,55,3914.435527
53.5,81,3914.564447
303.0,71,3914.679424
248.1,57,3914.772166
-61.7,48,3914.859596
337.2,69,3914.970235
29.8,53,3915.055413
60.7,54,3915.14366
41.8,82,3915.288292
-32.9,47,3915.362458
22.9,38,3915.429695
-24.7,48,3915.512984
293.2,53,3915.596399
24.4,69,3915.710221
11.2,74,3915.828933
277.0,53,3915.913594
-30.2,54,3915.999984
-2.6,49,3916.088208
302.2,60,3916.183709
-5.1,57,3916.275507
322.2,85,3916.423302
33.4,60,3916.517918
297.9,60,3916.613599
327.2,71,3916.737303
33.8,60,3916.834245
-86.8,54,3916.919776
290.7,50,3916.999071
20.1,55,3917.087349
307.2,75,3917.204881
11.7,66,3917.320128
362.2,69,3917.429356
301.9,57,3917.521325
29.5,44,3917.59206
277.2,60,3919.772291
29.4,41,3919.836746
-69.5,35,3919.894288
-32.2,76,3920.014164
285.3,82,3920.143564
3.4,62,3920.250412
297.8,75,3920.36909
110.3,83,3920.515856
13.2,64,3920.615112
-91.6,38,3920.677713
-16.8,62,3920.775906
-42.2,22,3920.812577
-53.2,51,3920.899842
29.2,74,3921.014258
101.9,72,3921.127758
77.9,65,3921.23036
-58.0,33,3921.284284
-33.0,72,3921.396428
307.2,64,3921.503644
282.2,60,3921.59772
-72.5,62,3921.69813
9.1,63,3921.798493
308.2,68,3921.906394
-16.5,61,3922.002136
280.4,64,3922.111328
-1.2,80,3922.236039
55.4,52,3922.317829
2.3,62,3922.415602
-57.5,51,3922.501336
-54.4,55,3922.588576
32.6,75,3922.716023
28.6,50,3922.796695
-84.1,53,3922.879245
275.1,59,3922.97221
-102.3,36,3925.134556
49.8,60,3925.229645
-44.8,31,3925.279402
326.2,70,3925.388682
-56.7,58,3925.48189
279.2,53,3925.565118
-27.1,39,3925.63225
341.2,91,3925.782294
328.7,84,3925.914273
330.9,88,3926.051639
302.2,59,3926.143645
8.9,47,3926.219379
297.2,60,3926.322254
33.2,64,3926.422601
302.2,47,3926.496409
-70.6,37,3926.555574
292.5,67,3926.667175
287.2,72,3926.781106
302.2,54,3926.875132
16.7,46,3926.948564
272.2,63,3927.047328
287.3,59,3927.140148
322.2,58,3927.231398
275.2,62,3927.328113
-39.3,25,3927.369641
371.9,65,3927.482204
337.2,54,3927.56784
3.7,72,3927.693397
277.2,72,3927.809116
292.2,50,3927.888354
8.1,69,3927.996422
20.9,70,3928.114581
38.7,52,3928.196822
273.9,80,3928.32169
260.2,61,3930.497123
268.1,61,3930.594734
35.4,82,3930.737562
-44.3,31,3930.792473
283.9,58,3930.887406
302.2,64,3930.988519
273.9,61,3931.092526
292.2,52,3931.177097
300.5,67,3931.28323
32.4,79,3931.410633
38.4,109,3931.582335
279.2,71,3931.703622
-77.1,52,3931.791789
342.2,62,3931.937383
53.9,43,3932.007923
297.6,69,3932.117211
298.0,65,3932.219193
245.0,62,3932.326702
314.5,69,3932.435844
0.2,64,3932.537453
-47.7,48,3932.613517
287.2,59,3932.710334
10.5,43,3932.783124
48.1,56,3932.894053
-53.2,13,3932.919441
-53.8,30,3932.969108
287.2,52,3933.050372
-5.8,43,3933.123582
-70.7,27,3933.166421
329.2,60,3933.262362
287.2,65,3933.365288
-100.0,59,3933.467198
77.4,77,3933.593704
32.2,54,3933.683714
-96.1,34,3933.739426
22.5,55,3933.830942
307.2,43,3933.898537
279.2,55,3936.07691
-18.6,69,3936.186162
302.2,60,3936.279473
-62.5,35,3936.336268
40.4,43,3936.406088
347.2,82,3936.542303
272.8,77,3936.663635
295.7,56,3936.752195
-46.1,54,3936.838091
-9.2,49,3936.915414
48.6,55,3937.005725
-71.3,60,3937.120955
-22.7,53,3937.204888
-67.8,43,3937.273084
-14.4,52,3937.355597
-57.1,33,3937.408037
257.7,60,3937.501713
280.9,64,3937.601177
15.7,64,3937.71223
-44.5,63,3937.813012
247.2,72,3937.925714
12.3,70,3938.035199
-62.8,28,3938.08075
87.8,64,3938.181378
280.1,69,3938.297946
-74.2,36,3938.355748
-43.2,41,3938.419858
267.4,90,3938.562236
38.0,56,3938.650961
271.5,55,3938.737412
7.1,57,3938.833146
292.4,80,3938.964616
33.5,78,3939.091917
331.2,60,3939.185614
-33.2,59,3939.277836
-89.1,63,3941.46893
-77.5,36,3941.526207
-98.3,66,3941.628439
290.9,67,3941.735555
267.9,59,3941.833292
-10.2,36,3941.89711
-6.0,48,3941.973588
-21.4,64,3942.073364
308.5,60,3942.167889
19.0,60,3942.263283
285.2,66,3942.365949
87.3,67,3942.479855
342.2,68,3942.585618
-63.3,85,3942.721895
302.2,51,3942.803752
4.4,61,3942.899426
-11.4,27,3942.943272
-19.3,51,3943.025972
279.9,66,3943.134683
-3.1,34,3943.189665
-15.5,54,3943.281818
22.1,45,3943.35296
31.2,49,3943.430539
286.0,73,3943.542655
297.2,64,3943.653193
-3.5,44,3943.724463
337.2,75,3943.843146
-10.8,23,3943.88034
287.4,70,3943.989499
-15.9,54,3944.075173
45.1,59,3944.167732
5.3,57,3944.275637
342.2,53,3944.362869
302.3,78,3944.483366
268.9,75,3944.60083
275.5,80,3947.117223
-75.9,25,3947.158616
-34.5,40,3947.22787
-25.0,58,3947.327128
292.2,54,3947.41901
13.6,66,3947.525668
30.1,74,3947.645799
55.0,51,3947.727062
73.0,75,3947.860423
292.2,63,3947.959253
-15.8,34,3948.014565
65.3,59,3948.108227
306.0,54,3948.193806
63.8,66,3948.298762
3.7,58,3948.391838
38.9,41,3948.475042
-37.7,58,3948.567443
222.5,73,3948.685754
-12.5,64,3948.790241
4.9,54,3948.876709
54.4,69,3948.985396
312.2,55,3949.082269
-77.9,55,3949.171123
-20.5,42,3949.238855
42.9,57,3949.32956
302.2,65,3949.431343
262.1,73,3949.564784
23.6,62,3949.672931
1.2,58,3949.768447
-36.1,38,3949.829969
13.8,66,3949.934917
35.0,51,3950.015887
297.2,63,3950.114232
-11.3,51,3950.195843
317.2,52,3950.287074
65.4,58,3950.379335
342.2,53,3952.558453
315.2,61,3952.670425
11.9,80,3952.796259
58.5,53,3952.881087
-59.7,36,3952.938761
292.2,56,3953.027912
281.5,58,3953.11902
307.2,63,3953.219122
17.1,71,3953.341497
-71.2,53,3953.427191
-68.6,73,3953.54229
294.2,66,3953.663799
44.6,91,3953.810262
279.2,60,3953.914592
302.9,70,3954.024595
387.2,93,3954.172341
64.0,67,3954.276539
254.3,70,3954.387038
10.3,48,3954.473
42.8,51,3954.55672
274.0,66,3954.664461
8.3,45,3954.738838
43.2,62,3954.840176
292.8,54,3954.924884
59.2,72,3955.048143
-66.1,44,3955.120573
-46.2,48,3955.19812
-25.5,41,3955.263641
0.7,52,3955.346815
57.1,46,3955.422821
-66.8,54,3955.509722
302.9,63,3955.609624
-33.3,33,3955.682043
316.0,77,3955.806234
57.1,60,3958.011099
12.9,63,3958.119629
93.6,81,3958.24636
18.4,80,3958.372729
1.8,51,3958.454218
-16.5,54,3958.540669
270.5,62,3958.647032
307.2,60,3958.743135
-78.1,46,3958.818259
322.2,56,3958.90624
-0.0,33,3958.958792
-64.4,52,3959.04158
-68.8,53,3959.125126
33.9,60,3959.219912
295.2,57,3959.317254
2.0,49,3959.396835
67.6,66,3959.500844
-16.7,53,3959.586523
295.0,65,3959.691091
-8.4,55,3959.779618
17.3,76,3959.914421
315.4,68,3960.020581
-37.2,40,3960.084783
80.4,50,3960.164538
16.0,50,3960.243623
47.3,63,3960.342528
67.7,90,3960.497057
-48.2,32,3960.54826
320.4,102,3960.710879
281.4,53,3960.795921
8.3,76,3960.929741
-4.9,48,3961.005387
305.7,41,3961.080725
265.9,85,3961.215203
12.4,41,3961.279899
-145.2,26,3961.321511
-64.7,57,3963.51127
-54.6,48,3963.587356
312.2,63,3963.689729
9.8,55,3963.779812
25.3,61,3963.877211
6.2,82,3964.015172
301.2,71,3964.133851
4.8,70,3964.243451
310.5,69,3964.351651
-11.2,65,3964.454537
288.3,79,3964.578849
307.2,63,3964.690886
35.7,60,3964.787833
49.3,65,3964.891543
-31.7,66,3965.001333
296.2,85,3965.140953
282.9,61,3965.246431
-92.7,56,3965.334379
60.3,58,3965.427299
21.4,53,3965.512937
290.2,61,3965.609783
271.3,72,3965.725092
-5.1,59,3965.820698
-0.5,47,3965.904636
63.7,58,3965.996902
54.3,67,3966.11673
28.1,56,3966.20714
47.2,84,3966.339573
65.4,64,3966.449388
-18.0,52,3966.532793
306.2,56,3966.621311
-35.2,71,3966.738058
41.4,63,3968.920712
330.7,67,3969.027244
292.5,71,3969.145931
296.2,52,3969.230048
55.4,44,3969.30061
-105.0,59,3969.394773
343.6,62,3969.500048
-9.5,76,3969.620079
14.8,72,3969.736199
60.8,78,3969.861151
35.5,58,3969.953903
-24.3,51,3970.044662
8.5,37,3970.10531
312.5,51,3970.197711
322.2,66,3970.304165
297.2,73,3970.418439
315.1,91,3970.564761
-53.2,27,3970.608365
292.2,74,3970.733906
333.1,69,3970.844269
272.8,67,3970.949407
255.1,77,3971.071152
-53.2,27,3971.11461
311.2,83,3971.254081
27.8,57,3971.344296
-85.3,41,3971.409736
290.0,54,3971.494993
258.2,54,3971.578892
35.6,60,3971.676559
287.2,53,3971.762969
74.6,72,3971.887678
322.9,65,3971.991857
-3.5,37,3972.052094
304.2,51,3972.132753
275.9,79,3974.316895
327.2,66,3974.439303
-21.1,59,3974.532799
-24.9,77,3974.655957
-6.4,38,3974.71842
70.4,44,3974.792961
-55.6,66,3974.905281
35.7,68,3975.014176
-29.7,48,3975.091337
310.0,84,3975.227058
18.3,76,3975.345534
-67.4,22,3975.383008
-39.6,61,3975.491315
-64.4,68,3975.598194
82.6,85,3975.73764
46.1,70,3975.848864
307.2,58,3975.940756
-54.2,47,3976.015796
11.4,42,3976.092757
-16.6,57,3976.182147
302.2,88,3976.322752
-41.8,49,3976.404459
337.2,57,3976.496552
-107.1,58,3976.587744
55.1,73,3976.714927
40.4,48,3976.792778
-39.2,62,3976.890466
28.7,60,3976.985523
-51.9,44,3977.056285
50.9,64,3977.158032
39.4,51,3977.248655
306.0,55,3977.336349
20.7,42,3977.405074
101.1,63,3977.51893
303.6,63,3979.70273
-4.3,47,3979.778921
71.2,70,3979.889567
348.5,86,3980.024884
332.2,59,3980.116721
294.1,75,3980.240886
-49.4,71,3980.353023
292.2,56,3980.44169
-26.0,31,3980.494004
-47.7,61,3980.595745
302.2,63,3980.695652
299.7,58,3980.790143
53.5,67,3980.904355
-56.8,40,3980.968939
30.5,73,3981.085046
301.0,73,3981.197723
18.6,59,3981.291021
268.9,54,3981.376167
303.4,77,3981.507752
-20.2,45,3981.586538
13.9,69,3981.699257
-59.1,32,3981.751454
337.2,67,3981.860085
300.2,68,3981.966452
-19.1,49,3982.054357
24.9,62,3982.151913
290.1,66,3982.257196
297.2,61,3982.353293
307.2,61,3982.44951
-22.7,73,3982.654457
-29.7,39,3982.864223
310.2,55,3982.97956
-14.5,85,3983.11447
275.6,77,3985.28909
50.4,69,3985.404085
-10.9,45,3985.477121
287.2,75,3985.594987
-5.1,61,3985.701609
290.7,73,3985.825111
25.9,71,3985.936085
287.2,76,3986.054765
-6.2,94,3986.20132
3.6,36,3986.266293
26.2,58,3986.357409
303.9,78,3986.477664
68.2,86,3986.613406
-53.2,22,3986.648745
25.6,72,3986.76359
-17.4,75,3986.902068
23.9,79,3987.02402
284.5,73,3987.138223
16.9,61,3987.233773
-30.7,48,3987.310166
-30.4,64,3987.408892
-32.5,64,3987.517326
63.6,74,3987.634561
28.6,50,3987.714676
-12.0,57,3987.805077
67.1,50,3987.885453
272.1,83,3988.016217
292.7,70,3988.133113
297.2,37,3988.191756
252.4,63,3988.290423
27.6,59,3988.382155
-17.0,54,3988.467321
281.6,91,3990.7021
292.2,59,3990.796418
-102.3,36,3990.853621
35.8,89,3991.003802
-15.9,59,3991.112582
310.5,71,3991.224183
307.2,55,3991.310735
27.3,46,3991.38452
81.0,63,3991.484051
30.5,73,3991.596541
-89.8,62,3991.704671
297.2,48,3991.78318
290.1,69,3991.893169
289.2,52,3991.975162
316.0,70,3992.087239
-6.4,32,3992.139495
-42.0,59,3992.240913
55.8,48,3992.317674
292.3,69,3992.426767
288.9,88,3992.566601
28.0,85,3992.704952
292.2,54,3992.794245
277.2,58,3992.895424
301.3,79,3993.019264
-0.9,33,3993.079802
-4.9,73,3993.193334
71.2,47,3993.269103
-22.7,61,3993.366297
292.2,72,3993.488589
55.4,52,3993.571429
94.4,83,3993.706669
277.3,58,3993.799099
307.7,77,3993.921242
25.0,90,3996.153265
24.8,57,3996.243783
330.0,60,3996.3376
35.9,51,3996.419002
75.4,54,3996.514135
-64.6,54,3996.599728
33.4,69,3996.710013
13.6,55,3996.799383
337.2,74,3996.915822
74.4,78,3997.046774
292.2,49,3997.123261
-2.5,43,3997.19524
30.4,28,3997.243381
315.2,78,3997.365401
-6.1,88,3997.50502
50.4,44,3997.576764
9.1,69,3997.69503
322.7,60,3997.790417
-30.7,31,3997.841389
285.8,71,3997.953318
-51.1,50,3998.030634
-134.3,35,3998.086733
250.0,66,3998.189913
30.9,68,3998.315243
-7.2,38,3998.376216
260.1,70,3998.486575
9.3,47,3998.560559
11.3,70,3998.672977
362.2,59,3998.763997
80.8,80,3998.901584
0.3,56,3998.990023
267.7,76,3999.115129
-23.2,56,3999.219336
53.7,68,3999.356061
-49.2,35,3999.411263
253.2,64,4001.636381
16.5,84,4001.772188
-32.5,54,4001.864973
87.9,66,4001.969251
313.9,57,4002.059548
-99.7,79,4002.181329
287.2,91,4002.325678
-17.5,67,4002.45163
-96.6,41,4002.517053
382.2,76,4002.636321
271.2,94,4002.790136
-97.7,18,4002.819935
81.7,61,4002.914674
-49.3,60,4003.008672
97.6,63,4003.116028
297.2,55,4003.203049
257.6,48,4003.278592
259.7,64,4003.378283
59.2,55,4003.479573
-46.8,63,4003.578942
-19.1,52,4003.669057
45.7,68,4003.779837
297.3,68,4003.885864
284.2,63,4003.984586
282.2,48,4004.060711
287.2,80,4004.184704
-90.6,41,4004.256727
245.3,56,4004.344434
343.9,82,4004.472281
324.7,45,4004.542414
287.2,57,4004.63177
276.2,64,4004.732709
310.7,90,4006.960598
275.7,71,4007.075426
-62.4,37,4007.134051
70.4,40,4007.19721
-48.2,44,4007.273634
4.7,75,4007.391192
291.3,67,4007.496136
24.5,72,4007.620586
308.2,89,4007.763734
278.9,62,4007.869833
-14.2,54,4007.954985
292.4,90,4008.096125
281.0,59,4008.188057
-46.4,22,4008.222646
-31.6,54,4008.30781
3.6,56,4008.396183
20.8,52,4008.487474
28.2,76,4008.605725
-28.2,60,4008.702386
-48.3,18,4008.732933
37.5,50,4008.813601
71.7,82,4008.943325
311.3,66,4009.053299
21.9,51,4009.134191
296.2,58,4009.226407
45.4,67,4009.332881
-10.3,52,4009.414993
-23.4,38,4009.476552
-61.7,57,4009.565936
-57.8,39,4009.639893
294.2,80,4009.77067
-14.6,70,4009.878879
-23.3,37,4009.938491
-55.9,26,4009.97947
70.2,72,4010.093916
27.1,47,4010.169655
-58.4,41,4010.241592
45.8,52,4012.413851
17.3,60,4012.50913
268.7,67,4012.614449
4.1,52,4012.708312
15.6,46,4012.784075
294.2,57,4012.874369
347.2,84,4013.009355
96.6,82,4013.138005
31.0,57,4013.236742
69.4,55,4013.325574
-1.4,40,4013.389693
313.9,60,4013.483809
12.1,82,4013.613004
30.5,50,4013.693261
28.6,72,4013.813293
40.2,61,4013.918571
-73.8,53,4014.002191
8.4,80,4014.126779
299.2,66,4014.230097
73.2,86,4014.365262
87.8,52,4014.454805
302.4,72,4014.568056
-7.8,85,4014.703192
-45.7,66,4014.810993
-23.2,37,4014.881793
-110.5,57,4014.97186
3.8,44,4015.048694
294.0,60,4015.143664
4.4,31,4015.193544
-20.7,64,4015.293243
47.8,56,4015.382286
16.2,58,4015.477264
80.3,50,4015.557173
19.2,61,4015.662102
-87.1,49,4018.12046
-71.2,42,4018.185976
282.2,52,4018.267952
312.8,83,4018.398329
-81.9,73,4018.511909
-5.8,39,4018.574541
-115.4,56,4018.672103
41.7,61,4018.769963
301.2,75,4018.888105
-8.4,47,4018.964528
-2.9,51,4019.067498
-38.0,57,4019.159133
302.2,60,4019.262488
292.3,74,4019.378862
39.4,36,4019.436349
296.0,44,4019.505025
60.2,61,4019.600869
17.8,58,4019.695206
-11.4,42,4019.762606
58.4,51,4019.853029
-26.9,78,4019.974536
312.2,62,4020.083055
328.9,60,4020.181245
3.1,58,4020.27392
268.9,54,4020.358382
-86.8,30,4020.407625
-52.0,54,4020.501206
312.2,64,4020.601763
316.0,59,4020.69653
316.4,91,4020.840246
47.1,52,4020.92201
296.2,58,4021.012778
-2.9,62,4021.117523
84.4,32,4021.169528
332.2,58,4021.260638
-69.0,23,4021.298688
332.2,46,4023.435928
282.2,48,4023.513522
-66.7,56,4023.602849
19.8,78,4023.728259
306.2,50,4023.809582
71.9,71,4023.922835
71.4,75,4024.050577
43.0,55,4024.137943
322.2,61,4024.250993
317.5,74,4024.36864
-4.2,68,4024.475527
-26.1,45,4024.54725
-10.0,46,4024.62135
282.2,47,4024.705343
94.7,81,4024.836227
274.1,54,4024.92182
305.2,65,4025.024186
2.1,41,4025.093315
-61.5,27,4025.137429
-118.8,21,4025.173373
277.6,88,4025.324742
292.2,64,4025.427141
20.6,42,4025.498216
-88.2,64,4025.60102
312.8,59,4025.695385
-41.9,54,4025.783122
-57.0,68,4025.900244
-47.9,59,4025.994752
307.2,57,4026.084821
-79.6,47,4026.159785
-32.6,61,4026.258998
58.9,65,4026.367339
-36.7,36,4026.429287
352.2,73,4026.550285
-62.9,48,4026.625864
302.2,53,4026.712381
-48.2,33,4026.769045
272.2,50,4028.953854
-99.7,68,4029.058947
3.6,69,4029.165243
77.0,68,4029.271673
-46.9,39,4029.334181
-48.2,27,4029.377013
-48.2,42,4029.450978
64.4,77,4029.570842
-3.7,60,4029.664633
-43.0,55,4029.75266
25.1,53,4029.838719
-118.7,9,4029.853602
-11.4,37,4029.912994
284.2,47,4029.986414
-81.7,62,4030.090634
18.2,76,4030.209867
318.3,77,4030.329773
42.6,83,4030.467146
332.2,52,4030.549204
-1.9,72,4030.670939
-9.1,54,4030.758068
30.0,57,4030.850074
5.5,61,4030.946141
-3.7,42,4031.012518
3.6,41,4031.077086
59.6,87,4031.212957
292.2,57,4031.307674
32.3,41,4031.373161
-15.0,52,4031.463756
7.3,66,4031.56873
297.2,100,4031.725232
18.4,75,4031.850659
-60.8,39,4031.91354
-40.7,40,4031.977128
337.2,66,4032.079085
327.2,43,4032.147348
-44.1,38,4034.277944
40.3,44,4034.347992
302.2,46,4034.420027
14.1,44,4034.490349
9.8,81,4034.623226
-9.9,60,4034.720366
321.2,84,4034.866363
327.2,59,4034.957871
305.9,75,4035.074979
50.5,45,4035.14759
277.3,68,4035.255283
7.5,60,4035.349435
39.0,49,4035.436453
36.8,59,4035.534862
21.8,62,4035.646122
-34.5,41,4035.715306
13.6,65,4035.820632
302.2,67,4035.944875
45.4,45,4036.04007
315.0,66,4036.151461
271.3,61,4036.276889
43.6,49,4036.376326
0.9,54,4036.463674
79.4,45,4036.546396
337.2,73,4036.749583
30.2,57,4036.841655
-19.1,77,4036.962027
308.9,67,4037.072897
4.7,71,4037.200668
70.4,54,4037.323149
280.5,63,4037.455011
299.2,63,4037.596168
283.2,55,4037.729527
-7.3,27,4037.782448
69.7,71,4037.903404
49.8,62,4040.692954
-72.3,26,4040.74007
297.2,47,4040.826404
18.2,51,4040.937179
272.6,67,4041.045866
20.2,82,4041.176987
-12.4,72,4041.29508
3.9,59,4041.390591
-3.4,44,4041.462052
300.2,53,4041.54621
282.2,61,4041.660394
272.3,69,4041.794022
-34.8,67,4041.898755
286.8,62,4041.997396
271.2,56,4042.086285
-148.6,32,4042.138711
-14.4,59,4042.235677
29.5,63,4042.332601
2.4,43,4042.402737
322.2,74,4042.518867
-22.6,40,4042.582313
310.4,92,4042.72971
-16.3,68,4042.837893
38.0,63,4042.945388
314.2,67,4043.051455
86.6,55,4043.139942
-31.6,44,4043.211068
-129.0,30,4043.257749
306.7,87,4043.395975
-54.6,54,4043.480927
10.4,37,4043.541673
-53.2,53,4043.626576
332.2,56,4043.717696
-4.7,65,4043.822845
264.4,67,4043.931668
16.3,50,4046.296212
-64.5,34,4046.388789
260.5,49,4046.465549
9.3,60,4046.560458
347.2,60,4046.679045
276.4,73,4046.822972
34.0,56,4046.911897
317.2,64,4047.013391
277.2,52,4047.134361
317.2,57,4047.245599
-118.3,43,4047.313754
287.2,64,4047.415975
18.2,54,4047.502704
-88.9,48,4047.58106
260.5,60,4047.67897
332.3,63,4047.781318
90.9,50,4047.863394
-9.7,72,4047.976818
287.2,63,4048.07641
326.9,80,4048.213625
61.2,59,4048.306356
330.2,59,4048.39957
62.4,60,4048.494501
-7.9,86,4048.632079
267.5,60,4048.728409
-87.5,35,4048.787783
291.2,71,4048.952342
6.8,41,4049.017133
296.2,57,4049.108107
-4.0,55,4049.208921
-3.8,35,4049.266691
19.9,40,4049.330455
-34.0,54,4049.422228
42.1,72,4049.536808
10.4,60,4049.632681
352.2,73,4049.782686
-32.9,47,4052.011299
55.4,61,4052.109191
3.6,58,4052.217172
25.5,51,4052.309111
292.2,54,4052.395291
297.9,68,4052.502342
312.2,56,4052.592438
287.2,54,4052.684617
291.0,75,4052.834799
110.7,62,4052.931405
297.2,53,4053.016528
291.1,90,4053.160734
305.2,62,4053.262073
-50.3,49,4053.354085
64.7,85,4053.491697
-5.6,57,4053.581956
296.9,69,4053.691549
257.9,58,4053.787999
-7.5,65,4053.892579
312.2,46,4053.965909
297.2,63,4054.071553
-54.7,66,4054.231884
29.9,53,4054.315643
-95.2,37,4054.376989
65.4,44,4054.4481
284.5,77,4054.627027
277.3,62,4054.731983
268.8,84,4054.868615
-40.5,64,4054.968659
54.9,52,4055.052643
-48.2,27,4055.09827
59.9,55,4055.187919
56.1,68,4055.296496
295.2,63,4055.407203
1.1,70,4058.30988
322.2,69,4058.429925
69.4,81,4058.596471
322.2,48,4058.726649
84.0,72,4058.859466
89.2,60,4058.966372
13.0,48,4059.048383
315.8,93,4059.196266
317.2,62,4059.309124
55.4,48,4059.385993
297.2,53,4059.469069
65.4,52,4059.558311
53.7,82,4059.73035
75.1,91,4059.904542
-83.5,45,4059.974723
-19.4,57,4060.066534
-88.5,45,4060.137424
-50.6,49,4060.215667
293.0,73,4060.332012
227.3,56,4060.421393
-23.4,45,4060.494101
25.6,60,4060.594604
274.2,74,4060.720843
37.1,41,4060.786813
76.9,67,4060.894566
90.4,73,4061.007932
283.2,51,4061.09
306.0,71,4061.201827
-18.0,60,4061.295703
295.2,54,4061.380922
40.5,66,4061.48371
39.3,42,4061.550392
9.0,53,4061.6383
31.1,77,4063.837016
-16.6,69,4063.949453
-55.2,25,4063.989934
19.5,63,4064.087884
269.5,52,4064.17008
50.4,51,4064.251348
273.4,48,4064.327241
23.3,71,4064.440098
-5.8,42,4064.507626
-33.7,50,4064.587585
-89.6,35,4064.643411
-113.7,30,4064.690948
35.8,66,4064.810989
-26.2,64,4064.910843
-16.1,44,4064.981071
-5.8,55,4065.068182
42.9,69,4065.175532
290.7,50,4065.255521
-57.3,56,4065.343888
219.5,92,4065.492601
312.2,47,4065.565844
53.0,86,4065.701334
-130.7,14,4065.727825
53.2,58,4065.832153
297.2,58,4065.924266
49.1,63,4066.024042
-28.5,41,4066.088767
18.6,40,4066.152788
287.2,58,4066.243178
14.4,47,4066.318224
68.4,64,4066.418831
252.6,78,4066.539705
7.5,57,4066.629853
278.9,66,4066.735976
14.6,107,4066.904026
-10.5,73,4067.017789
71.9,61,4069.184218
-3.6,47,4069.263047
-56.9,40,4069.325949
277.2,53,4069.409648
-16.0,71,4069.519979
7.6,44,4069.589984
290.5,48,4069.66485
94.8,65,4069.768116
288.2,62,4069.867063
1.6,55,4069.962722
44.5,76,4070.088376
11.5,71,4070.222323
286.9,62,4070.336718
296.0,51,4070.470766
45.4,57,4070.589201
-42.3,62,4070.738263
-1.2,50,4070.907058
-96.6,41,4071.066267
36.3,53,4071.187127
302.2,54,4071.301619
-56.3,26,4071.398298
-7.2,43,4071.513777
-6.4,44,4071.60272
43.7,61,4071.713171
64.2,55,4071.831039
327.2,68,4072.097807
272.2,72,4072.254181
16.6,68,4072.509963
277.9,90,4072.69535
-11.4,38,4072.84381
-30.8,56,4072.967708
-23.9,56,4073.069016
-21.5,42,4073.213975
307.1,72,4073.395787
-29.7,31,4073.445461
342.2,58,4073.560933
297.2,51,4073.736334
249.7,66,4077.020818
-100.3,36,4077.083889
-17.2,53,4077.174683
20.1,49,4077.26374
-79.3,44,4077.336523
-2.2,51,4077.420109
-43.7,59,4077.513066
276.2,80,4077.651443
54.4,68,4077.7633
57.0,69,4077.875343
297.2,64,4077.977292
302.2,78,4078.100457
-56.7,51,4078.182861
17.0,49,4078.264866
305.1,66,4078.38026
47.2,48,4078.462219
-61.9,52,4078.548456
9.0,69,4078.690707
292.2,59,4078.788008
282.3,60,4078.890805
282.2,63,4078.994654
322.1,92,4079.147514
71.1,57,4079.240112
22.0,82,4079.373071
31.8,83,4079.504546
36.9,44,4079.580255
-72.2,32,4079.6336
292.6,75,4079.76201
59.4,71,4079.882898
303.5,60,4079.982105
-45.1,81,4080.116827
318.7,72,4080.23247
332.2,44,4080.312471
-22.0,51,4080.412198
307.2,65,4082.784402
6.6,36,4082.846328
16.1,44,4082.924069
-26.6,30,4082.97822
291.9,65,4083.094808
-38.2,44,4083.182305
-6.4,52,4083.265127
270.5,71,4083.387792
23.0,52,4083.491188
-82.8,55,4083.582436
-73.6,51,4083.669823
-14.0,55,4083.789589
316.2,72,4083.908613
-12.3,69,4084.054277
-13.1,51,4084.156215
289.5,75,4084.287845
29.4,51,4084.370125
30.2,66,4084.479509
38.6,74,4084.612377
308.0,64,4084.721539
80.6,78,4084.875766
-50.0,64,4084.995472
72.8,71,4085.135326
50.4,45,4085.208262
52.4,49,4085.288299
336.2,58,4085.386935
-47.5,27,4085.457163
278.9,58,4085.563444
-28.2,73,4085.680148
312.8,62,4085.778996
301.2,59,4085.875423
72.1,66,4085.980534
282.2,46,4086.05473
327.2,68,4086.183292
325.4,70,4086.295443
255.6,58,4088.592631
302.2,74,4088.715229
-122.2,42,4088.784939
296.0,68,4088.893358
14.4,63,4088.990951
75.6,61,4089.087621
-53.2,15,4089.112993
277.2,61,4089.209073
24.9,65,4089.311282
101.6,63,4089.411242
312.2,44,4089.481109
-74.7,68,4089.588553
-70.9,20,4089.620601
25.3,64,4089.730022
287.2,60,4089.827813
38.7,83,4089.960434
-52.3,15,4089.985764
269.5,68,4090.0912
-48.0,43,4090.159169
-43.9,66,4090.263191
304.2,48,4090.337812
306.2,55,4090.427911
-116.3,31,4090.477149
292.2,80,4090.602883
54.8,58,4090.69414
-99.4,51,4090.786617
76.9,66,4090.894082
-61.9,41,4090.960172
267.3,66,4091.064764
-125.3,43,4091.134006
317.2,56,4091.222359
-11.7,44,4091.292569
290.7,45,4091.364849
309.2,58,4091.456893
310.2,72,4091.570738
-4.7,74,4091.688594
-33.1,46,4091.77504
-63.7,42,4093.913349
328.2,72,4094.029403
67.9,71,4094.140926
282.2,52,4094.221946
-60.9,37,4094.282002
314.2,64,4094.383775
-45.8,43,4094.450844
-111.7,22,4094.486144
-63.7,46,4094.560582
3.6,42,4094.627252
-58.1,44,4094.697031
321.1,64,4094.810406
-48.7,55,4094.904513
81.4,59,4095.002507
302.2,55,4095.088944
262.4,59,4095.182203
275.1,63,4095.282233
1.4,57,4095.373405
296.8,66,4095.47972
-24.5,65,4095.584771
296.2,51,4095.665555
284.4,72,4095.780566
-82.4,46,4095.854244
-4.8,55,4095.939739
-18.4,60,4096.03362
-58.2,30,4096.082392
-24.8,61,4096.177661
287.2,44,4096.247356
13.7,50,4096.327821
255.9,53,4096.410511
288.2,67,4096.515931
292.2,63,4096.614799
258.9,89,4096.759143
-3.2,87,4096.895977
55.5,62,4096.997832
-41.5,49,4097.07608
8.3,37,4097.135492
260.7,71,4099.875268
301.4,75,4099.996073
-6.4,41,4100.071113
283.8,76,4100.211034
289.4,70,4100.337449
278.4,69,4100.467517
-2.0,43,4100.545774
2.0,58,4100.641926
341.0,63,4100.747376
-55.9,59,4100.872313
40.3,55,4101.032511
297.2,47,4101.135437
321.8,60,4101.287446
285.7,59,4101.394301
-0.9,67,4101.501407
262.6,46,4101.575279
272.2,50,4101.654762
33.6,48,4101.732948
8.5,58,4101.827303
8.6,48,4101.904342
7.2,58,4101.99733
1.6,51,4102.0793
282.5,61,4102.176361
57.7,62,4102.289927
-26.0,56,4102.380064
48.3,67,4102.4865
342.2,58,4102.578737
257.5,68,4102.686221
33.0,66,4102.793444
296.0,60,4102.892855
26.1,45,4102.965523
6.5,65,4103.067761
40.4,34,4103.122179
106.5,61,4103.226253
283.9,73,4103.359624
8.5,69,4106.091318
17.2,54,4106.31249
-45.5,42,4106.404754
16.5,57,4106.514289
21.1,51,4106.61014
272.2,56,4106.739565
-54.8,63,4106.842308
48.6,70,4106.957803
26.2,61,4107.05652
334.2,61,4107.157222
-28.2,81,4107.290508
48.5,42,4107.358916
-27.6,54,4107.457903
-34.9,50,4107.553295
45.4,49,4107.634734
300.1,78,4107.760833
47.1,57,4107.854795
283.8,73,4107.971297
321.5,82,4108.102983
311.2,60,4108.199081
-26.1,38,4108.260873
307.2,64,4108.363364
-92.9,29,4108.409662
63.9,60,4108.506116
271.7,76,4108.645723
289.1,71,4108.794025
55.4,55,4108.895578
-37.3,56,4109.040012
-71.5,37,4109.349031
317.2,64,4109.739777
-78.4,87,4109.978919
8.6,53,4110.102759
-81.8,40,4110.585856
-87.0,39,4110.68335
341.2,59,4110.805701
262.6,70,4114.366389
46.5,66,4114.481215
-83.1,66,4114.636376
85.0,77,4114.978422
35.8,55,4115.172963
20.7,50,4115.464376
96.5,64,4115.591115
-32.3,70,4115.713953
317.2,83,4115.886217
26.1,58,4116.016001
17.2,52,4116.11036
295.1,67,4116.255148
32.3,82,4116.404536
10.6,61,4116.513897
272.3,79,4116.655439
312.2,54,4116.781069
-6.4,54,4116.949656
301.0,60,4117.065579
-75.9,71,4117.203179
307.2,60,4117.312116
-50.3,43,4117.570622
27.0,62,4117.676461
243.7,47,4117.764678
45.0,45,4117.850303
-33.2,31,4117.911031
-1.3,54,4118.020462
54.6,65,4118.135584
63.8,67,4118.253165
57.1,68,4118.372033
48.9,64,4118.527616
290.2,53,4118.626452
91.0,69,4118.750424
312.2,73,4118.882722
60.4,49,4118.971965
37.9,61,4121.442102
302.2,82,4121.582252
60.8,65,4121.728447
309.0,78,4121.864686
299.5,77,4122.01357
-56.2,51,4122.21377
27.8,54,4122.303029
-11.4,25,4122.345464
73.3,68,4122.462615
285.3,82,4122.599128
316.9,88,4122.967867
274.5,63,4123.102042
279.8,87,4123.359213
-39.8,39,4123.432999
-133.6,52,4123.546509
309.0,67,4123.865152
-44.1,56,4124.066069
24.3,76,4124.211942
-39.1,67,4124.351581
55.4,57,4124.464468
281.2,73,4124.610394
291.8,77,4124.752793
-116.6,42,4124.846339
307.2,56,4124.93847
329.1,53,4125.021524
297.2,55,4125.111326
308.2,79,4125.249027
262.8,53,4125.344386
312.5,78,4125.488957
322.2,54,4125.588554
314.8,76,4125.738151
-35.7,26,4125.789083
-71.0,62,4128.140111
28.6,70,4128.31865
-29.0,31,4128.386657
0.6,41,4128.474829
305.7,71,4128.652731
-61.5,32,4128.711389
65.8,61,4128.8678
315.2,59,4129.028785
67.5,59,4129.140976
308.1,83,4129.302388
327.2,53,4129.41891
67.9,46,4129.499241
85.8,81,4129.668799
17.1,56,4129.798287
41.1,54,4129.950406
-19.2,48,4130.099632
302.2,63,4130.237998
-16.4,43,4130.321842
292.5,80,4130.452067
260.9,62,4130.55106
-67.8,30,4130.601806
282.9,92,4130.756244
325.7,56,4130.847089
274.0,69,4130.958205
317.2,54,4131.044275
33.2,63,4131.146371
36.1,58,4131.239332
-45.1,54,4131.328866
-21.7,58,4131.431647
8.6,27,4131.4771
363.4,70,4131.592266
-58.2,50,4131.692742
-42.6,43,4131.763655
331.0,54,4131.875112
307.2,51,4131.966805
37.8,46,4132.064281
306.2,66,4134.883063
289.2,59,4135.003202
307.2,60,4135.126684
307.2,72,4135.31882
75.7,50,4135.501803
28.7,58,4135.639184
30.5,43,4135.778396
285.2,58,4135.927444
52.8,83,4136.203407
-35.7,75,4136.340135
59.3,59,4136.448422
-69.1,44,4136.532239
287.2,69,4136.678864
-35.2,36,4136.754493
-38.7,75,4136.904188
60.4,65,4137.038604
2.6,55,4137.177201
246.5,57,4137.311346
97.1,49,4137.408503
47.1,60,4137.511776
47.7,60,4137.619344
292.2,78,4137.750875
292.2,63,4137.868038
31.1,51,4137.952013
287.2,51,4138.042964
296.3,50,4138.136502
4.1,71,4138.257729
14.1,61,4138.359241
12.6,83,4138.508894
305.8,63,4138.613299
309.2,77,4138.7703
-58.1,56,4138.885425
55.4,51,4138.989165
324.1,85,4139.17563
64.7,74,4141.748407
285.0,85,4141.898859
5.6,48,4141.97992
280.6,69,4142.10164
307.3,82,4142.244464
10.4,64,4142.384914
-39.3,32,4142.437431
17.6,79,4142.571997
-53.4,52,4142.668509
19.4,51,4142.755259
271.6,66,4142.865043
276.8,83,4143.032799
-24.5,81,4143.166969
5.4,44,4143.247793
299.8,80,4143.401041
312.2,70,4143.531998
12.4,64,4143.646006
332.9,74,4143.779227
-6.4,54,4143.890025
302.2,51,4143.97478
307.2,60,4144.082864
-6.4,59,4144.177712
10.8,47,4144.258121
307.2,47,4144.344099
96.1,59,4144.466927
-22.8,38,4144.537391
-6.0,50,4144.626549
307.2,52,4144.738258
287.3,60,4144.845703
-14.6,40,4144.915338
-67.1,65,4145.046214
-44.3,53,4145.152581
269.1,58,4145.281769
5.8,71,4147.722076
10.5,40,4147.796087
-51.5,21,4147.83559
3.7,86,4147.979518
292.2,59,4148.083652
86.7,67,4148.204217
305.7,55,4148.300694
14.6,65,4148.413556
265.0,69,4148.538797
263.6,50,4148.632929
317.2,70,4148.772951
306.6,90,4149.065803
314.2,69,4149.229978
273.1,53,4149.405164
-97.6,37,4149.513389
277.2,55,4149.685618
304.2,61,4149.822713
37.1,63,4149.969951
323.1,92,4150.183393
327.2,65,4150.344584
33.1,69,4150.473859
332.2,61,4150.652256
-47.0,69,4150.800697
52.5,58,4150.910865
-36.3,43,4150.98818
6.1,100,4151.184645
-123.9,25,4151.236386
-11.4,17,4151.272892
297.4,58,4151.388129
-14.1,40,4151.477605
43.1,79,4151.648255
257.9,46,4151.732436
297.2,58,4151.856033
31.8,70,4151.981352
-14.5,33,4152.04231
67.8,59,4154.672504
66.4,54,4154.772134
69.4,44,4154.865758
68.0,51,4154.967975
48.7,55,4155.071717
-33.2,63,4155.191954
286.3,56,4155.309837
262.9,51,4155.400111
24.6,59,4155.499079
289.5,71,4155.617302
-33.0,63,4155.717924
-46.2,51,4155.81754
22.5,80,4155.950866
325.7,49,4156.050216
18.7,64,4156.175718
-110.5,35,4156.232757
286.0,61,4156.329553
-4.9,68,4156.454617
-30.0,33,4156.509938
-22.3,55,4156.607729
14.7,65,4156.724991
-49.4,25,4156.772451
296.0,83,4156.917645
10.9,71,4157.05352
-35.7,51,4157.148442
308.9,71,4157.272605
-2.0,77,4157.400177
-54.1,43,4157.472945
50.6,65,4157.585168
317.2,65,4157.699127
10.5,55,4157.794122
49.1,61,4157.894739
327.2,49,4157.985895
-69.8,69,4158.100669
321.2,58,4158.210597
293.6,67,4160.917032
293.9,73,4161.057179
-27.3,43,4161.164382
-27.8,26,4161.251355
2.3,58,4161.564955
2.0,58,4161.72192
18.6,32,4161.786038
292.1,82,4161.941357
-53.2,29,4161.994187
96.1,82,4162.191427
49.4,42,4162.277928
299.6,63,4162.416015
39.3,73,4162.541838
-29.5,44,4162.620563
311.0,55,4162.726346
0.5,39,4162.811549
307.2,64,4162.928084
0.5,59,4163.040652
272.7,60,4163.172777
41.6,76,4163.309835
297.2,71,4163.446294
6.9,53,4163.545397
-64.6,36,4163.631389
0.7,70,4163.765853
-138.5,55,4163.881715
-53.2,41,4163.95978
-80.7,45,4164.048384
302.2,65,4164.166302
340.7,51,4164.257553
302.2,70,4164.386926
305.2,60,4164.495897
-34.9,42,4164.572298
-57.2,40,4164.63823
-115.2,8,4164.652405
317.6,59,4164.7594
11.6,66,4164.896591
344.2,66,4165.012056
15.0,61,4165.119444
262.5,50,4167.753543
-6.4,22,4167.809665
322.2,45,4167.915564
267.7,66,4168.138683
-41.3,44,4168.284609
315.4,80,4168.447682
-58.2,38,4168.561018
40.3,65,4168.774908
312.2,76,4168.914617
-29.6,52,4169.02274
10.0,51,4169.116603
295.2,49,4169.206255
302.2,59,4169.316792
40.7,72,4169.461435
-0.7,75,4169.602839
286.3,78,4169.763401
307.2,48,4169.860904
19.7,35,4169.931736
-71.2,44,4170.013086
-121.4,40,4170.092293
-16.8,88,4170.265091
-26.9,59,4170.382324
-5.5,74,4170.526675
1.7,59,4170.653536
264.4,65,4170.81305
254.5,62,4170.922239
292.2,48,4171.020087
1.2,52,4171.11917
312.2,65,4171.2605
-1.4,35,4171.322146
-65.4,64,4171.446269
28.4,55,4171.600865
75.4,56,4171.700896
-65.3,46,4171.802896
55.4,52,4171.922713
41.9,69,4172.067368
269.8,84,4174.921672
282.2,64,4175.056179
-47.0,37,4175.121928
290.8,93,4175.279253
266.9,63,4175.411867
-58.2,53,4175.499386
-6.7,74,4175.650281
11.8,67,4175.79313
282.1,56,4175.880525
-78.9,77,4176.020743
8.9,61,4176.127442
-104.3,17,4176.160999
322.2,81,4176.307491
322.7,62,4176.406882
29.9,54,4176.492396
17.5,46,4176.569617
37.7,51,4176.678778
3.6,32,4176.787895
4.7,35,4176.890709
272.9,70,4177.035883
24.7,52,4177.127444
307.5,67,4177.252256
2.6,46,4177.371906
352.2,68,4177.497814
32.5,61,4177.611903
-43.6,55,4177.711691
287.2,53,4177.802302
268.1,78,4177.926011
-122.5,56,4178.025373
-32.8,56,4178.114045
69.3,76,4178.235223
26.1,57,4178.325066
0.9,70,4178.435951
36.0,40,4178.500488
292.2,63,4178.604832
17.4,56,4180.882216
25.7,63,4181.015127
301.0,82,4181.196771
-51.8,18,4181.229404
35.5,78,4181.361801
-5.3,57,4181.452468
-68.3,42,4181.519877
8.6,38,4181.581856
345.2,49,4181.670174
-36.4,42,4181.738952
-6.4,36,4181.795662
332.2,56,4181.885851
302.2,60,4181.993598
42.1,51,4182.078899
85.5,60,4182.199164
-12.8,50,4182.288465
312.2,59,4182.408028
64.8,84,4182.584429
-117.7,81,4182.710738
-41.6,27,4182.757302
323.6,57,4182.855154
-26.5,50,4182.938039
310.7,65,4183.050644
287.2,58,4183.151257
261.8,57,4183.246871
310.1,80,4183.372808
326.3,90,4183.524164
20.7,44,4183.594669
-77.9,25,4183.635267
65.5,62,4183.736423
288.7,67,4183.843024
-48.2,18,4183.873814
-53.2,48,4183.949353
33.0,56,4184.061349
-71.5,61,4184.156685
287.4,59,4184.248786
-61.6,31,4184.299097
-48.2,40,4184.362391
-75.3,35,4186.514771
46.9,63,4186.637578
38.4,66,4186.739661
30.4,53,4186.823891
21.5,78,4186.947887
-26.6,73,4187.078314
-115.9,37,4187.159622
283.2,57,4187.249931
47.5,64,4187.35369
306.2,60,4187.448084
312.2,70,4187.558832
-23.1,38,4187.630781
-66.0,44,4187.703594
317.2,65,4187.80544
-47.3,64,4187.906691
306.5,53,4187.991374
-32.9,48,4188.072059
23.4,70,4188.196704
287.5,53,4188.284991
18.1,43,4188.355635
287.0,78,4188.484573
-36.1,73,4188.598141
306.0,54,4188.683315
336.2,61,4188.780324
300.5,70,4188.901274
277.3,73,4189.03934
263.3,77,4189.159905
321.2,64,4189.260854
287.2,55,4189.348233
302.2,63,4189.465096
-119.7,23,4189.507346
-30.1,71,4189.619293
293.9,68,4189.726972
19.9,60,4189.823688
303.9,53,4192.054828
56.5,50,4192.144995
247.6,83,4192.277223
16.8,45,4192.361899
317.2,64,4192.473565
3.0,40,4192.538304
284.9,65,4192.663551
-53.2,31,4192.712544
-91.5,60,4192.805119
271.3,62,4192.902294
-13.9,52,4192.986781
366.0,63,4193.096597
1.6,50,4193.196304
-8.3,56,4193.370336
-1.3,56,4193.587293
273.2,64,4193.753518
276.9,72,4193.86595
-63.6,53,4193.970337
-99.6,51,4194.063202
-48.0,42,4194.169401
331.0,63,4194.292163
285.7,74,4194.41485
295.7,56,4194.503634
85.2,78,4194.627199
297.2,49,4194.704536
-33.1,63,4194.817272
317.2,64,4194.946424
-13.6,50,4195.05251
319.2,70,4195.203246
40.4,78,4195.352441
-86.4,49,4195.455898
307.2,56,4195.546258
3.6,46,4195.620591
96.1,99,4195.776495
9.0,60,4195.878912
-30.7,50,4198.596001
75.5,63,4198.696162
266.2,63,4198.794144
303.9,70,4198.961353
0.6,55,4199.197778
65.6,80,4199.50007
21.5,51,4199.629685
308.0,68,4199.784331
311.5,62,4199.89603
-51.4,55,4199.984361
328.0,64,4200.090719
18.9,70,4200.247042
-15.1,62,4200.420969
307.2,68,4200.576468
315.0,60,4200.713248
-86.6,54,4200.808192
-40.2,60,4200.903039
-17.5,50,4200.992312
298.2,75,4201.121677
-3.0,36,4201.180997
14.6,50,4201.260635
50.9,48,4201.336201
-46.1,74,4201.461715
14.0,76,4201.582092
28.6,54,4201.667837
50.2,68,4201.79495
6.1,68,4201.916781
26.5,71,4202.120977
272.3,60,4202.253214
317.2,66,4202.363065
-42.7,48,4202.458901
269.6,67,4202.580265
-29.1,75,4202.714679
-38.2,34,4204.926386
-16.2,69,4205.047997
71.0,53,4205.130702
280.5,70,4205.242724
312.2,73,4205.358412
287.2,70,4205.470093
62.4,53,4205.561152
281.1,80,4205.698646
36.5,63,4205.798837
-50.0,30,4205.848633
315.2,80,4205.973803
-56.7,60,4206.07323
327.1,67,4206.182012
78.9,69,4206.301283
3.6,28,4206.347852
289.9,53,4206.433254
286.8,64,4206.544498
-36.1,40,4206.615807
63.5,68,4206.724832
322.2,69,4206.849122
276.2,67,4206.967325
282.2,55,4207.058534
306.0,80,4207.184365
259.5,65,4207.28722
279.4,77,4207.420532
16.6,61,4207.516641
-79.9,37,4207.578095
-12.7,71,4207.691471
70.0,65,4207.793357
-37.5,48,4207.879917
272.6,74,4208.003949
53.6,63,4208.107027
-53.5,60,4208.201152
-33.3,45,4208.27323
85.4,37,4210.785186
37.7,47,4210.859515
357.2,54,4210.94934
302.2,50,4211.055654
7.2,61,4211.16704
54.9,55,4211.271007
337.2,91,4211.466986
-33.8,41,4211.543344
16.1,51,4211.637898
-27.8,27,4211.711292
63.4,72,4211.843403
1.6,28,4211.888413
70.8,80,4212.03344
131.0,87,4212.202468
301.0,74,4212.358747
-12.4,54,4212.482069
-67.2,48,4212.587601
25.2,54,4212.696401
1.9,36,4212.773674
0.7,55,4212.923263
-27.3,35,4213.007829
299.7,64,4213.149464
-12.8,57,4213.297465
-74.3,52,4213.407875
33.0,64,4213.605664
284.4,66,4213.758355
-23.2,11,4213.7856
20.8,78,4213.964285
335.6,93,4214.158608
289.3,64,4214.295472
4.7,48,4214.406244
5.6,43,4214.496192
58.4,70,4214.641893
36.1,58,4214.750196
-25.1,54,4214.869161
51.9,56,4215.009823
6.2,59,4217.547624
-40.3,40,4217.619262
34.4,44,4217.690276
51.4,59,4217.784044
47.6,66,4217.886458
316.2,66,4217.989879
318.5,80,4218.131605
305.2,56,4218.245269
352.2,75,4218.390808
-35.6,56,4218.52158
40.4,42,4218.588363
29.4,78,4218.716782
36.6,75,4218.849155
31.2,48,4218.925328
307.2,52,4219.007412
-1.4,31,4219.060181
279.5,66,4219.17164
16.1,54,4219.257316
332.2,61,4219.360854
-67.9,46,4219.441704
13.6,71,4219.553092
346.2,73,4219.668073
3.9,56,4219.75714
9.7,47,4219.837892
-16.5,54,4219.942176
305.5,68,4220.076387
337.2,75,4220.194262
343.9,70,4220.325095
292.2,54,4220.474175
-8.7,67,4220.594798
-54.7,61,4220.700812
83.6,73,4220.819714
291.7,74,4220.938949
55.6,53,4221.038931
323.3,80,4223.541218
29.7,76,4223.682772
1.4,57,4223.778699
-9.2,59,4223.875431
340.0,70,4224.036731
14.8,66,4224.169849
306.2,67,4224.282124
285.0,52,4224.364897
26.5,70,4224.476155
292.2,51,4224.594943
35.5,57,4224.715365
2.4,43,4224.794789
-7.3,59,4224.940629
94.6,70,4225.100472
329.2,60,4225.245515
73.6,80,4225.399301
-1.2,59,4225.495898
-1.4,30,4225.546682
-22.9,34,4225.620322
25.7,42,4225.723849
289.2,79,4225.855094
60.9,52,4225.939606
-35.5,48,4226.035095
17.2,73,4226.211591
54.3,41,4226.303678
37.9,50,4226.414638
-62.2,38,4226.500707
61.9,70,4226.680181
-19.9,62,4226.797177
322.2,71,4226.932603
306.2,69,4227.055305
-55.8,45,4227.146685
-22.4,59,4227.264843
-55.1,25,4227.321498
307.2,72,4227.495559
281.5,52,4232.62682
62.1,66,4232.747321
-42.5,59,4232.850515
325.2,71,4232.980113
395.2,75,4233.127568
287.1,69,4233.250692
60.7,86,4233.405638
294.2,63,4233.511115
24.8,60,4233.613472
36.1,52,4233.709488
-57.4,30,4233.776975
-75.6,33,4233.84432
38.7,49,4233.96213
-25.4,56,4234.071511
312.2,64,4234.18411
268.4,72,4234.323249
-24.4,51,4234.406565
57.4,52,4234.524902
45.4,52,4234.668077
6.9,47,4234.792623
49.8,41,4234.858578
322.2,61,4234.962204
282.2,51,4235.0649
-43.2,25,4235.113236
96.5,77,4235.270064
70.6,58,4235.367951
7.0,42,4235.438695
280.5,56,4235.533951
317.2,74,4235.658689
-24.0,46,4235.734088
282.2,48,4235.813831
-9.5,52,4235.899279
26.8,77,4236.022758
300.7,57,4236.113937
285.2,50,4236.1949
-4.7,89,4236.338679
75.1,83,4244.020408
66.0,50,4244.312906
-28.0,32,4244.510958
85.5,59,4244.795795
281.2,59,4244.990806
-49.4,68,4245.177543
29.1,50,4245.362466
36.0,55,4245.61924
27.1,57,4245.837355
310.2,78,4246.134125
-10.4,45,4246.281757
327.2,50,4246.422394
292.2,65,4246.527859
53.0,54,4246.62056
292.2,70,4246.736796
314.2,78,4246.861061
295.2,57,4246.960126
29.6,71,4247.079832
40.4,64,4247.20898
16.8,49,4247.290656
39.8,70,4247.403567
-9.4,54,4247.493288
6.5,60,4247.613408
328.6,91,4247.771774
67.9,79,4247.977592
19.4,80,4248.107595
41.3,41,4248.175676
49.8,81,4248.306594
-30.3,64,4248.431539
282.2,47,4248.510113
-3.4,78,4248.641947
292.2,52,4249.743934
3.5,43,4249.814383
320.6,66,4252.147426
2.4,29,4253.512721
335.7,56,4253.619218
3.1,74,4253.797799
310.7,75,4253.928716
317.1,71,4254.056867
322.2,59,4254.168026
292.2,49,4254.269102
304.8,42,4254.344332
40.4,64,4254.542422
24.3,45,4254.708279
61.2,56,4255.088202
327.2,65,4255.389102
-100.0,44,4255.643972
264.5,63,4255.747605
269.2,68,4255.880231
74.0,95,4256.14375
292.2,41,4256.359847
74.4,51,4256.524153
314.2,44,4256.681521
318.2,60,4256.870753
-63.4,49,4257.109687
302.2,58,4257.226523
277.5,59,4257.35219
302.2,52,4257.488181
306.4,83,4257.691924
8.7,78,4257.826348
292.2,68,4257.980229
-43.8,65,4258.124613
-27.9,48,4258.23162
297.5,61,4258.381061
45.4,44,4258.461809
149.7,56,4258.561662
45.5,75,4258.695419
267.3,51,4258.854986
-54.6,40,4262.645954
-79.1,43,4262.71413
-3.0,39,4262.783659
-6.4,25,4262.823986
29.2,37,4262.895692
-7.3,67,4263.105279
-66.5,48,4263.21596
10.6,89,4263.555685
-70.2,24,4263.643236
293.6,60,4263.853016
-14.1,46,4264.03808
285.5,76,4264.352365
38.5,64,4264.577324
264.1,70,4264.782635
307.2,67,4264.962803
-19.3,45,4265.186519
-51.3,43,4265.360781
312.2,54,4265.593153
277.6,55,4265.797522
292.2,57,4266.029572
14.2,56,4266.215158
326.2,54,4266.435992
-94.4,62,4266.878907
292.2,61,4267.151777
45.4,55,4267.397288
270.7,70,4267.695986
44.4,43,4267.838424
274.4,83,4268.133277
-20.2,31,4268.244655
-1.1,50,4268.423885
-11.1,72,4268.662207
324.2,65,4268.87625
47.0,56,4269.070143
19.1,74,4269.351298
2.7,54,4269.551268
35.5,51,4269.712909
11.3,58,4269.952059
292.2,53,4274.507558
-31.5,51,4274.610456
-46.1,31,4274.665256
-52.2,59,4274.774363
59.3,63,4274.881432
53.1,67,4275.018237
332.2,69,4275.13887
280.4,73,4275.266726
324.9,80,4275.411792
302.9,71,4275.529118
3.1,68,4275.640605
-47.2,66,4275.75445
307.2,65,4275.893599
-72.9,48,4275.972165
33.4,70,4276.097298
273.9,76,4276.234603
-15.3,56,4276.339636
292.2,58,4276.456268
-37.5,41,4276.529608
51.9,55,4276.623375
-0.7,44,4276.697649
48.5,71,4276.818699
97.6,63,4276.921501
286.4,63,4277.028261
2.7,71,4277.143593
-29.8,74,4277.268837
290.2,59,4277.365625
86.4,48,4277.444424
312.2,55,4277.538595
25.9,69,4277.654626
-37.4,34,4277.712886
56.5,42,4277.784192
84.8,61,4277.887767
297.2,69,4278.003335
25.6,61,4280.321607
3.1,56,4280.41417
-9.1,45,4280.497103
-9.7,44,4280.576239
-7.7,38,4280.640348
43.2,75,4280.762466
11.4,44,4280.833519
292.2,71,4280.955405
313.7,65,4281.087691
-116.1,35,4281.14567
11.6,69,4281.312653
-33.7,48,4281.390366
-8.4,89,4281.548743
300.4,69,4281.695537
278.9,64,4282.021569
296.2,55,4282.208311
287.2,63,4282.442899
3.6,69,4282.583893
327.6,68,4282.722672
287.7,47,4282.807826
352.2,61,4282.917364
291.0,66,4283.105177
12.9,58,4283.269665
-30.6,31,4283.334677
277.7,72,4283.466613
282.2,55,4283.762556
-16.8,38,4283.847647
8.3,50,4283.95
49.0,60,4284.109442
-58.5,33,4284.233527
33.9,63,4284.3899
63.4,62,4284.613533
-3.1,36,4284.790596
-86.3,61,4284.968707
302.7,67,4285.15911
297.2,54,4285.280584
40.4,63,4287.720904
69.3,70,4287.83807
287.2,58,4287.930502
8.6,63,4288.041997
300.1,73,4288.160401
2.3,63,4288.26857
327.2,67,4288.400447
70.0,61,4288.545503
280.5,57,4288.668812
6.7,60,4288.808773
-5.3,62,4288.960258
69.8,69,4289.100404
276.2,48,4289.222645
-11.0,43,4289.36293
-12.1,58,4289.546323
292.2,63,4289.650334
-48.2,42,4289.723444
-13.7,40,4289.796896
12.4,48,4289.878288
290.3,88,4290.024467
279.8,67,4290.138759
317.2,63,4290.237143
312.2,70,4290.347435
-55.3,35,4290.404415
25.0,48,4290.482114
19.6,87,4290.620091
40.4,64,4290.727836
39.9,78,4290.850824
270.1,62,4290.948226
40.4,45,4291.023152
42.4,35,4291.08757
-60.8,69,4291.196665
332.2,58,4291.295284
40.0,85,4291.432625
-54.5,45,4293.644895
44.6,56,4293.742301
76.6,58,4293.834396
-29.7,70,4293.943605
46.4,66,4294.054135
-30.6,56,4294.142077
54.4,41,4294.210376
-22.8,79,4294.344298
-65.3,30,4294.395395
25.8,73,4294.51087
316.9,74,4294.626091
58.9,75,4294.74647
70.7,61,4294.843439
292.2,47,4294.926909
-22.9,38,4294.992551
3.8,66,4295.097823
-99.6,34,4295.15001
5.9,42,4295.222564
55.6,52,4295.306253
31.3,57,4295.396936
54.1,58,4295.491501
347.2,56,4295.585524
46.6,56,4295.674269
261.0,85,4295.807915
53.3,41,4295.873658
287.2,55,4295.95988
-86.5,33,4296.014445
14.8,64,4296.123564
-4.7,42,4296.190176
309.2,56,4296.292196
302.6,70,4296.40205
55.8,60,4296.498256
-39.8,28,4296.54497
40.1,60,4296.640807
357.2,78,4296.771446
296.2,48,4296.847525
3.6,34,4296.902434
-83.1,32,4296.953879
293.5,74,4299.180225
84.3,72,4299.295589
-21.3,67,4299.405868
258.2,61,4299.501355
-1.4,31,4299.551008
39.1,68,4299.657604
-10.2,68,4299.772049
68.4,57,4299.864279
307.2,40,4299.927731
15.7,84,4300.062394
301.0,74,4300.177702
45.8,79,4300.321049
-8.7,60,4300.425565
50.8,69,4300.535475
342.2,59,4300.628119
271.2,66,4300.732438
315.7,67,4300.837509
307.2,51,4300.935734
14.7,55,4301.032434
40.4,45,4301.108797
317.2,63,4301.208056
31.1,56,4301.296238
342.2,58,4301.38803
330.0,61,4301.502803
-6.1,48,4301.580269
292.2,47,4301.65463
10.9,52,4301.73655
327.2,73,4301.851891
5.3,62,4301.950949
-24.5,40,4302.019465
-83.2,56,4302.114302
-74.0,43,4302.182238
15.5,70,4302.303211
64.1,66,4302.406159
306.2,61,4304.608048
41.8,53,4304.692797
294.7,55,4304.780505
312.2,68,4304.888423
-10.6,46,4304.96184
296.2,76,4305.083758
282.2,85,4305.224056
0.3,45,4305.295562
-60.1,46,4305.368294
16.3,69,4305.475649
315.7,65,4305.577222
301.2,69,4305.703335
60.7,48,4305.782031
331.0,59,4305.877274
-51.8,38,4305.93846
308.9,82,4306.071854
304.5,73,4306.185393
-62.5,37,4306.243987
-116.5,23,4306.280554
281.5,67,4306.393493
-95.4,57,4306.483729
294.1,64,4306.585624
30.4,49,4306.667391
75.4,62,4306.766011
-6.4,41,4306.831299
-9.6,79,4306.965085
287.2,78,4307.089502
90.8,76,4307.211834
293.8,63,4307.311501
34.8,63,4307.415017
67.2,56,4307.511195
292.2,52,4307.592649
-56.9,56,4307.687134
277.4,67,4307.792379
-22.8,70,4310.013647
287.2,62,4310.111836
302.2,61,4310.206556
-42.0,25,4310.248954
71.6,59,4310.341653
57.9,66,4310.447634
55.4,53,4310.540052
319.2,93,4310.687506
46.4,46,4310.759662
277.2,57,4310.849204
307.2,57,4310.939173
44.4,66,4311.047049
55.4,66,4311.160098
-70.5,41,4311.2244
322.2,63,4311.32462
292.2,61,4311.41912
5.0,64,4311.518947
79.7,48,4311.596394
289.4,73,4311.717603
-16.9,60,4311.830752
53.1,52,4311.915194
347.2,71,4312.029785
-30.0,30,4312.07881
-87.6,57,4312.167434
-26.0,50,4312.250443
4.5,63,4312.357686
302.2,53,4312.441866
-61.7,26,4312.483399
291.2,75,4312.599798
25.8,66,4312.703837
285.1,89,4312.853312
-74.4,57,4312.953722
56.4,57,4313.048917
352.2,55,4313.135591
41.2,51,4313.217252
282.9,56,4315.411343
71.8,64,4315.515135
282.2,55,4315.600691
27.2,61,4315.699294
-94.5,37,4315.75844
-17.7,76,4315.878285
-36.5,40,4315.956019
287.2,67,4316.071135
321.2,77,4316.19373
0.5,47,4316.269692
270.6,80,4316.394644
91.0,77,4316.529293
285.4,71,4316.640261
-17.6,59,4316.733707
297.2,64,4316.838149
78.6,64,4316.939988
305.7,64,4317.05551
46.1,51,4317.146629
301.4,68,4317.25649
301.4,84,4317.388953
282.2,57,4317.478894
-34.6,44,4317.550384
61.7,70,4317.662792
51.8,54,4317.758327
53.8,87,4317.899586
55.2,81,4318.035027
-11.3,36,4318.102971
-21.2,55,4318.191303
95.3,66,4318.304888
-54.3,45,4318.378425
-1.4,53,4318.463121
-59.4,55,4318.549608
277.2,56,4318.638235
-16.4,34,4318.694471
286.0,65,4321.191979
273.5,66,4321.302784
-38.9,48,4321.379128
21.8,52,4321.461742
314.6,63,4321.562016
-1.1,76,4321.680442
17.3,49,4321.758121
290.3,95,4321.91492
-16.3,58,4322.006707
65.4,58,4322.097957
-66.0,62,4322.205808
-1.4,38,4322.270564
44.9,68,4322.377728
289.0,53,4322.460126
23.0,60,4322.563497
24.1,46,4322.637143
-10.4,74,4322.752884
323.0,69,4322.862931
287.3,65,4322.964264
282.2,61,4323.063156
28.0,74,4323.18711
318.6,67,4323.29259
-46.6,63,4323.392463
307.2,67,4323.497381
-28.2,38,4323.558899
278.9,70,4323.668643
-49.5,30,4323.724753
1.4,39,4323.786778
-21.0,46,4323.859815
-6.4,54,4323.944534
282.1,75,4324.062465
-28.5,37,4324.12146
60.9,45,4324.192593
-26.3,37,4324.255597
-11.4,30,4324.31099
41.0,58,4324.403586
40.4,40,4326.60031
-3.2,48,4326.677902
72.6,72,4326.803853
47.8,76,4326.924201
40.4,47,4327.004815
-3.6,74,4327.123458
-146.0,43,4327.194168
-57.6,46,4327.267754
286.2,51,4327.35631
-104.4,55,4327.44242
263.5,50,4327.522805
273.3,51,4327.604991
-9.2,65,4327.707793
338.7,73,4327.824179
317.2,53,4327.918747
44.6,38,4327.979976
-12.4,45,4328.054865
300.0,68,4328.159847
68.3,68,4328.267226
18.8,61,4328.363634
-17.2,55,4328.45954
57.6,56,4328.558473
288.9,74,4328.67681
344.2,78,4328.80244
-3.2,51,4328.883725
-69.0,54,4328.96978
290.7,66,4329.077186
-6.4,63,4329.185208
17.0,49,4329.264913
-21.5,39,4329.328987
90.4,54,4329.437794
298.8,72,4329.554645
282.8,64,4329.678237
-34.0,80,4329.975209
-23.4,45,4330.122921
-24.6,60,4332.870808
302.2,73,4332.996399
30.4,39,4333.060794
-23.9,50,4333.150778
307.4,80,4333.341586
-15.6,47,4333.453949
282.2,52,4333.570932
25.4,75,4333.709419
303.3,78,4333.906043
-19.9,45,4334.056967
47.4,32,4334.165026
-34.5,56,4334.343236
-83.0,51,4334.480309
0.1,47,4334.599163
282.2,63,4334.787769
-81.1,45,4334.892959
-19.9,48,4335.018653
277.1,70,4335.183334
27.4,51,4335.314009
-10.8,44,4335.421926
-30.8,51,4335.541264
342.2,64,4335.647605
320.6,72,4335.801149
-7.9,35,4335.865811
-16.3,42,4335.932717
267.3,60,4336.029185
300.2,63,4336.13546
309.5,91,4336.280511
312.2,60,4336.373974
306.2,55,4336.467289
-80.2,49,4336.546422
267.6,50,4336.641869
292.1,73,4336.772389
15.4,63,4336.872552
27.9,39,4336.93571
297.6,70,4337.049616
302.2,63,4339.464252
55.6,61,4339.569551
312.2,66,4339.684028
278.0,79,4339.832826
307.7,63,4339.951189
272.2,59,4340.07175
320.5,65,4340.198647
40.4,73,4340.332253
-2.2,52,4340.428558
-102.2,49,4340.518335
35.1,46,4340.5961
-4.3,77,4340.752605
306.2,48,4340.850863
12.5,75,4340.992943
17.5,47,4341.086538
296.8,64,4341.204462
-100.0,55,4341.294003
246.0,74,4341.434779
-75.4,40,4341.512614
-49.6,55,4341.621438
306.8,69,4341.732406
303.0,69,4341.868096
30.9,59,4341.980354
31.3,55,4342.072176
278.3,64,4342.200939
302.2,70,4342.347512
-1.4,60,4342.470063
41.1,56,4342.580263
264.5,58,4342.692003
256.5,62,4342.807767
356.8,105,4342.98916
48.7,74,4343.153178
56.8,61,4343.272877
-71.6,50,4345.587849
284.7,64,4345.689656
-72.3,46,4345.762893
21.9,71,4345.875611
260.3,63,4346.000941
60.4,67,4346.131405
-3.1,81,4346.257961
297.2,58,4346.351031
-110.8,45,4346.424262
-27.9,53,4346.508119
65.4,58,4346.59994
92.3,69,4346.730323
-65.8,48,4346.816372
62.1,52,4346.902737
70.2,63,4347.007663
-15.5,55,4347.100271
294.2,70,4347.230606
292.2,65,4347.331802
297.2,54,4347.417304
-73.3,72,4347.532298
102.4,77,4347.653516
297.3,55,4347.742056
312.2,55,4347.830077
267.8,48,4347.907805
321.2,53,4348.019704
-23.0,41,4348.114604
-2.5,60,4348.234708
51.1,46,4348.323405
-8.9,79,4348.459193
35.8,53,4348.546448
327.2,75,4348.686641
25.7,72,4348.803023
307.1,72,4348.918394
-55.8,35,4348.975059
41.8,69,4351.552674
297.2,50,4351.632369
30.7,71,4351.750871
291.0,57,4351.873597
74.8,76,4352.037621
-171.8,79,4352.167902
302.2,66,4352.275782
305.9,66,4352.409856
52.3,51,4352.496833
267.4,76,4352.648379
60.4,54,4352.734922
281.4,86,4352.874209
293.6,55,4352.997801
6.3,75,4353.188658
299.2,71,4353.345703
22.5,76,4353.530089
312.2,65,4353.722188
327.2,91,4353.943048
34.4,72,4354.06321
46.6,63,4354.167398
278.5,53,4354.268745
-2.4,36,4354.338668
268.3,64,4354.478547
283.9,62,4354.597323
330.2,78,4354.734772
37.4,73,4354.864016
292.0,49,4354.946076
-65.0,54,4355.040825
62.4,55,4355.131323
-3.3,71,4355.265753
-80.2,40,4355.335724
14.1,61,4355.445302
-17.1,80,4359.158146
-5.7,52,4359.245851
-162.8,54,4359.355075
57.9,40,4359.435086
310.1,80,4359.569191
312.7,76,4359.709439
-112.2,48,4359.807997
-27.8,46,4359.88529
287.2,47,4359.962943
47.9,64,4360.072343
-31.2,46,4360.148536
-43.8,69,4360.267144
37.2,75,4360.456252
36.4,104,4360.727964
-43.2,37,4360.854757
-33.8,58,4361.025019
296.2,70,4361.194863
37.8,43,4361.276434
-97.4,40,4361.365993
57.0,62,4361.542048
-112.4,22,4361.59203
310.1,73,4361.778723
286.0,49,4361.919813
54.8,52,4362.069841
23.0,65,4362.238367
-65.5,53,4362.376579
340.6,73,4362.548344
-62.3,40,4362.625716
321.2,63,4362.728405
-100.3,40,4362.811055
40.4,57,4362.932053
308.2,51,4363.033169
-33.0,61,4363.133854
71.2,68,4363.257506
332.2,72,4363.377222
10.7,46,4363.481508
252.0,66,4365.974286
294.1,72,4366.121358
23.2,46,4366.210354
298.9,57,4366.312387
-52.5,63,4366.474269
5.5,62,4366.718559
40.4,53,4366.887847
295.7,63,4367.029358
-36.9,35,4367.088698
347.2,63,4367.189997
58.4,40,4367.268345
-58.5,63,4367.374821
-71.7,69,4367.505374
-21.9,54,4367.625601
2.8,71,4367.793851
-20.0,54,4367.955126
-31.2,50,4368.108178
56.7,71,4368.322862
-15.7,40,4368.412332
314.2,76,4368.588772
-38.3,86,4368.735493
70.6,63,4368.874137
30.5,56,4368.966659
315.7,69,4369.081231
276.0,62,4369.250353
-57.9,35,4369.329001
59.6,65,4369.496847
-70.7,35,4369.599511
-124.2,44,4369.740675
326.0,69,4369.961206
-4.9,64,4370.150093
282.2,54,4370.290881
21.5,42,4370.396165
69.0,44,4370.509765
327.2,81,4370.759637
331.0,52,4373.396304
14.7,57,4373.528702
325.5,87,4373.691225
46.9,56,4373.793075
282.3,71,4373.918592
16.6,90,4374.063391
-15.7,53,4374.147451
46.5,76,4374.279783
-18.1,59,4374.379048
-22.9,56,4374.478737
45.4,63,4374.581238
-58.2,28,4374.636312
62.3,59,4374.810629
272.3,68,4374.985432
-63.9,58,4375.124838
-61.4,69,4375.2686
302.2,53,4375.405958
-58.2,23,4375.47691
-122.6,30,4375.533415
308.1,68,4375.669816
-75.4,47,4375.781911
20.3,54,4375.868558
-88.7,47,4375.947272
52.5,62,4376.073306
252.3,69,4376.227715
-71.7,42,4376.369167
-99.9,53,4376.560502
6.4,43,4376.715247
292.2,56,4376.874592
-80.8,44,4376.976652
354.2,86,4377.190442
267.8,75,4377.362993
305.7,55,4377.452801
321.2,61,4377.550189
-15.6,50,4377.631429
50.0,70,4381.094933
58.9,61,4381.27109
28.2,64,4381.471447
-28.2,54,4381.598433
27.3,52,4381.713616
297.2,63,4381.820616
24.1,38,4381.8827
321.2,54,4381.967677
287.2,56,4382.059356
293.7,66,4382.174112
13.9,67,4382.28201
-121.5,74,4382.481323
307.3,60,4382.645115
351.2,58,4382.735841
23.4,51,4382.831089
292.2,72,4383.000906
-6.1,83,4383.191241
-3.0,73,4383.319906
277.2,47,4383.404553
-76.5,62,4383.538976
-58.0,36,4383.601092
257.1,59,4383.745112
19.8,62,4383.891784
282.2,58,4383.984689
-65.7,41,4384.057445
42.8,50,4384.144037
-7.4,63,4384.269786
-15.6,37,4384.361231
276.6,70,4384.474526
3.6,42,4384.597885
-53.2,26,4384.6783
-11.1,50,4384.863676
-74.6,39,4385.058317
-3.2,60,4385.221329
-1.8,51,4385.35358
-4.8,61,4385.473783
312.8,65,4388.591446
282.2,54,4388.682008
322.2,66,4388.814572
274.4,61,4388.959948
282.3,63,4389.063341
304.5,58,4389.16406
50.4,65,4389.277516
317.2,65,4389.380046
-76.6,35,4389.43749
287.2,77,4389.559825
61.0,65,4389.665954
55.4,39,4389.729158
307.2,51,4389.810866
4.8,77,4389.932819
40.4,62,4390.034738
4.2,60,4390.132114
-66.3,42,4390.199203
-26.0,32,4390.250189
40.2,61,4390.34957
266.2,63,4390.451847
307.2,59,4390.545899
287.2,65,4390.65
17.6,68,4390.761214
-6.9,60,4390.858032
7.4,60,4390.954158
302.2,60,4391.053661
264.2,79,4391.183053
-35.1,28,4391.234834
-22.8,44,4391.308102
27.2,47,4391.387866
50.6,69,4391.498775
-73.0,59,4391.592772
48.9,57,4391.685145
63.7,54,4391.772431
-60.2,39,4391.836766
-44.3,56,4391.927574
-11.6,53,4394.28493
319.2,75,4394.405615
32.6,67,4394.51162
-40.3,69,4394.623965
1.9,94,4394.776052
327.2,95,4394.929337
282.2,61,4395.025564
19.1,76,4395.149571
33.3,73,4395.26896
65.4,54,4395.35723
304.5,71,4395.48834
-53.6,82,4395.671317
321.2,60,4395.766553
106.0,76,4395.886379
67.2,59,4395.981201
112.2,65,4396.088507
46.8,82,4396.221754
3.6,49,4396.299201
281.3,65,4396.406194
273.7,65,4396.520044
39.8,47,4396.597089
64.2,62,4396.713423
-47.0,28,4396.759696
298.0,75,4396.87787
282.5,65,4397.002241
40.4,69,4397.202413
-21.5,51,4397.36765
-24.7,48,4397.555267
33.7,59,4397.687705
-1.1,40,4397.761402
-70.3,50,4397.845431
75.6,52,4397.928303
267.6,55,4400.704847
84.3,80,4400.892687
77.6,55,4401.003303
-56.8,68,4401.128457
3.6,38,4401.20576
-58.2,33,4401.268374
-36.3,48,4401.349412
-40.0,68,4401.512074
-22.6,32,4401.604076
6.7,53,4401.748164
85.8,63,4401.919724
-64.5,36,4402.024807
312.7,66,4402.245375
79.4,66,4402.426359
9.4,72,4402.598228
297.2,68,4402.733154
277.2,51,4402.845976
63.4,42,4402.920439
-6.4,63,4403.022937
282.2,53,4403.110303
-64.4,62,4403.234692
-42.2,48,4403.41614
-111.4,41,4403.553902
-1.6,48,4403.689113
292.9,76,4403.935293
33.7,57,4404.134184
-6.0,70,4404.362842
75.4,53,4404.50734
322.2,52,4404.59521
-9.8,59,4404.691421
-45.1,76,4404.817502
65.4,49,4404.90404
26.6,64,4405.007281
288.8,68,4405.11887
280.5,63,4405.220032
35.7,76,4405.341254
311.0,68,4407.578543
281.8,64,4407.682198
288.8,61,4407.779054
305.0,65,4407.893507
55.4,68,4408.012284
41.1,44,4408.086917
-13.4,60,4408.185129
15.4,64,4408.286911
-18.1,54,4408.373797
54.0,67,4408.483287
297.2,59,4408.578718
60.1,52,4408.665227
338.9,63,4408.769827
309.7,61,4408.868964
50.8,62,4408.975903
289.4,63,4409.087078
315.7,72,4409.202108
11.9,62,4409.302633
-30.1,33,4409.358091
-52.7,44,4409.430311
69.4,47,4409.507916
-14.3,58,4409.605171
-27.0,61,4409.704143
-41.8,59,4409.798736
314.4,85,4409.93619
30.7,80,4410.082288
300.1,51,4410.163348
246.2,83,4410.300924
-17.5,59,4410.399899
362.2,82,4410.541073
306.0,70,4410.662692
86.7,70,4410.773568
-33.4,63,4410.874121
-47.9,54,4413.061924
-67.5,27,4413.109783
44.4,46,4413.192794
52.0,62,4413.292399
30.5,45,4413.365582
-68.4,58,4413.459073
53.7,50,4413.538678
282.6,55,4413.638156
-100.0,52,4413.779337
-67.9,55,4413.962356
35.7,56,4414.125109
28.7,49,4414.224991
312.2,64,4414.327552
32.2,57,4414.420151
278.3,64,4414.522269
-4.4,53,4414.607386
-36.0,38,4414.671553
48.7,52,4414.75682
-14.6,65,4414.862117
327.7,63,4414.964067
300.5,53,4415.054058
-44.9,53,4415.140554
-19.8,39,4415.206191
302.2,72,4415.321898
-41.7,63,4415.423841
-71.5,21,4415.45995
288.1,91,4415.605383
294.7,54,4415.690503
-48.8,32,4415.744288
36.6,48,4415.824188
66.0,57,4415.915776
-0.5,75,4416.039641
333.8,75,4416.211967
-102.9,55,4416.380939
26.2,59,4416.521433
-56.7,51,4416.620735
-12.7,40,4416.715456
-39.4,66,4416.90922
51.5,48,4420.482652
260.7,57,4420.605022
38.4,50,4420.685004
29.4,51,4420.767136
-38.9,51,4420.876847
288.9,65,4421.054719
280.0,63,4421.247193
-63.7,56,4421.378887
320.2,78,4421.519908
-20.5,33,4421.582975
92.0,64,4421.695061
292.8,62,4421.797085
12.0,92,4421.945553
63.4,63,4422.047194
-8.2,43,4422.118195
-84.7,77,4422.237632
328.7,68,4422.343687
42.5,77,4422.468355
327.2,81,4422.607334
0.5,58,4422.702927
300.0,69,4422.811659
45.2,69,4422.922132
-99.3,59,4423.016852
243.2,58,4423.11202
39.3,74,4423.23381
327.2,75,4423.350783
322.2,62,4423.449522
292.2,64,4423.551023
49.6,89,4423.692731
260.8,62,4423.790753
-38.2,37,4423.851692
51.1,52,4423.934636
335.7,65,4426.134073
290.5,84,4426.26737
-62.3,63,4426.366577
20.9,58,4426.459003
275.3,61,4426.556439
17.9,72,4426.67277
-89.2,43,4426.750995
-11.9,65,4426.859183
31.0,49,4426.938809
11.3,73,4427.072588
-23.5,63,4427.274841
15.5,56,4427.421095
-43.2,40,4427.494833
-98.7,50,4427.584049
73.4,84,4427.726989
70.4,55,4427.817083
-23.8,59,4427.912746
292.3,62,4428.012844
13.6,70,4428.129244
39.2,62,4428.230271
-99.2,41,4428.296531
292.2,50,4428.377942
-71.5,51,4428.459404
36.2,82,4428.592504
33.2,72,4428.705369
31.3,60,4428.806416
320.4,84,4428.940684
307.2,60,4429.03567
-46.5,34,4429.095106
60.4,46,4429.169463
34.4,43,4429.237503
311.4,65,4429.352614
317.2,53,4429.436505
-27.5,44,4429.51465
-16.4,44,4429.589861
23.3,52,4431.820758
-41.6,79,4431.947216
23.2,39,4432.009742
-55.2,55,4432.099981
262.6,53,4432.184124
-11.0,51,4432.268147
-3.0,36,4432.326929
304.0,77,4432.449076
-1.9,63,4432.546909
-23.3,53,4432.632825
280.1,64,4432.734551
-66.7,34,4432.789301
302.2,57,4432.88006
2.3,70,4432.995568
306.0,72,4433.113654
71.0,65,4433.21875
337.3,77,4433.34137
67.3,82,4433.472569
29.1,52,4433.555595
3.3,59,4433.650968
-110.1,36,4433.709011
342.2,63,4433.810068
86.2,75,4433.928917
320.2,88,4434.084529
243.9,66,4434.188177
303.6,63,4434.289773
-12.8,66,4434.395058
326.2,82,4434.607292
40.1,52,4434.758914
-85.7,55,4434.861204
41.8,80,4434.989362
276.5,78,4435.142405
-62.5,23,4435.191608
-89.9,38,4435.271657
-55.2,26,4438.765059
46.6,77,4438.941452
8.6,41,4439.032849
23.0,44,4439.163693
34.1,55,4439.38264
267.6,91,4439.647373
-40.0,55,4439.809365
43.4,73,4439.973192
296.3,61,4440.071755
297.2,58,4440.163608
95.4,65,4440.270768
345.8,63,4440.38125
301.0,60,4440.546633
307.2,66,4440.687561
-29.9,37,4440.751234
-63.5,41,4440.82039
-12.0,60,4440.915722
-48.2,39,4440.980488
276.9,76,4441.124657
31.7,85,4441.265714
332.2,66,4441.375295
53.3,55,4441.471305
-25.3,37,4441.539108
328.9,91,4441.704583
301.3,69,4441.817644
-48.3,34,4441.873333
53.7,44,4441.947226
292.2,56,4442.104852
295.2,65,4442.242641
-12.8,60,4442.357934
301.2,48,4442.481991
-11.3,36,4442.548782
-27.6,28,4442.593284
291.0,48,4442.689973
-13.0,56,4442.811773
16.2,47,4442.926127
279.7,50,4443.022542
282.3,65,4445.840406
261.1,67,4445.94562
-7.0,54,4446.036358
-18.8,68,4446.222608
292.5,61,4446.347918
1.7,59,4446.444008
73.9,57,4446.583251
-14.5,46,4446.747272
-71.8,38,4446.859584
360.2,81,4447.104219
52.2,53,4447.378713
80.8,59,4447.5754
-35.7,55,4447.791406
-26.3,33,4447.89454
3.9,78,4448.113492
0.1,58,4448.269054
-69.6,37,4448.373158
-31.3,51,4448.585973
-46.4,42,4448.765153
21.0,49,4448.985971
337.2,70,4449.305372
326.0,51,4449.506922
6.4,46,4449.993129
53.1,71,4450.442639
5.8,75,4450.648827
279.0,78,4450.86089
-58.2,25,4450.95842
-117.1,21,4451.012887
308.5,60,4451.156944
-98.6,58,4451.318735
63.5,62,4451.535442
279.6,80,4451.777454
295.9,68,4452.035609
292.3,84,4452.309259
274.9,64,4452.506709
-60.1,35,4456.058327
-7.7,75,4456.220608
302.2,62,4456.41605
291.8,63,4456.577869
355.6,79,4456.788117
293.9,64,4456.925434
299.0,62,4457.058923
-0.5,84,4457.228571
-6.5,45,4457.3185
292.2,55,4457.432905
342.2,60,4457.563455
330.2,66,4457.685206
46.2,43,4457.767098
-14.4,60,4457.867401
40.2,68,4457.991997
55.7,68,4458.142074
287.3,83,4458.320378
96.5,69,4458.461393
-34.6,63,4458.590884
10.9,45,4458.696936
41.5,54,4458.86299
260.2,67,4459.146193
78.6,73,4459.325623
337.2,47,4459.436865
292.2,71,4459.738099
282.2,53,4459.906331
24.0,91,4460.212417
312.2,63,4460.55347
327.2,79,4460.966941
95.4,56,4461.404783
245.0,88,4461.870464
45.4,61,4462.118397
31.6,70,4466.204447
327.2,58,4466.339214
90.5,78,4466.525776
260.4,81,4466.71041
75.4,61,4466.84832
-11.4,90,4467.058179
-31.1,48,4467.181682
-53.2,18,4467.224408
279.9,94,4467.427859
-67.8,25,4467.48185
-10.1,45,4467.630464
-86.4,43,4467.796022
249.1,76,4467.97877
50.4,54,4468.11454
319.5,80,4468.293821
316.8,65,4468.451178
-64.5,50,4468.564717
-37.0,55,4468.753396
327.2,58,4469.000823
312.2,65,4469.168933
299.6,72,4469.337799
-73.6,47,4469.441213
278.9,66,4469.588743
291.1,60,4469.696195
-43.6,40,4469.763245
320.5,62,4469.869241
24.9,72,4470.003044
299.5,72,4470.163314
296.8,96,4470.365256
273.9,69,4470.510034
-19.5,71,4470.708117
275.2,57,4470.86077
296.0,68,4471.030844
-42.1,45,4474.021437
297.2,48,4474.132836
-12.9,56,4474.264423
21.1,76,4474.448545
27.8,65,4474.591572
340.2,55,4474.717929
287.2,41,4474.80975
67.9,61,4474.962659
91.0,66,4475.114992
-8.4,55,4475.237636
71.6,65,4475.379245
297.2,63,4475.513709
67.7,48,4475.626359
8.6,27,4475.685369
287.2,52,4475.797607
300.6,56,4475.91288
43.7,46,4476.010044
69.7,73,4476.205941
-69.5,62,4476.366963
21.2,82,4476.793083
270.3,53,4476.964436
-107.2,37,4477.076594
7.2,73,4477.293844
293.5,68,4477.688307
5.7,31,4477.767407
33.7,68,4477.93114
49.0,71,4478.141294
-16.1,56,4478.294973
-40.4,42,4478.413411
321.0,65,4478.613701
34.4,50,4478.7375
274.8,77,4478.962695
282.2,57,4479.119629
297.2,72,4479.330834
25.9,69,4479.509167
312.2,47,4483.519311
-18.5,48,4483.663526
270.0,65,4483.859721
48.5,67,4484.063361
52.4,52,4484.220561
19.6,52,4484.349137
-3.3,67,4484.528807
-48.3,29,4484.607352
-87.3,39,4484.703471
-58.3,62,4484.875017
-19.7,60,4485.038974
11.4,73,4485.226698
17.3,59,4485.400429
-16.8,76,4485.613732
-19.4,47,4485.708159
3.6,38,4485.782719
30.3,42,4485.866346
297.5,71,4486.028208
302.2,55,4486.208006
54.5,70,4486.390462
-25.4,74,4486.580584
40.4,40,4486.678028
1.0,80,4486.865903
302.4,72,4487.036373
-29.8,54,4487.177246
-34.2,50,4487.297276
-52.8,35,4487.378884
37.3,54,4487.512238
-1.8,51,4487.625695
34.6,47,4487.727431
-27.9,37,4487.813565
85.4,66,4487.960377
291.7,52,4488.079427
331.2,64,4488.245102
12.8,51,4488.359945
27.2,37,4488.44358
-65.2,35,4488.530515
11.4,73,4492.014612
317.2,52,4492.140644
29.3,89,4492.374578
-50.5,57,4492.52404
279.2,62,4492.665317
268.9,76,4492.845687
84.0,95,4493.093086
-5.9,47,4493.21828
-22.1,61,4493.377876
287.2,51,4493.518613
7.7,45,4493.611167
311.2,50,4493.703784
10.6,70,4493.831812
0.3,58,4493.939692
302.2,79,4494.13971
53.4,62,4494.298857
292.2,51,4494.42314
-2.3,29,4494.506758
45.5,66,4494.672232
-16.4,76,4494.845556
288.9,58,4494.977682
11.1,44,4495.078406
-94.8,30,4495.157259
-100.0,44,4495.257801
-8.0,58,4495.392571
294.1,61,4495.686265
312.2,58,4495.955005
4.0,63,4496.135742
37.7,59,4496.286154
314.2,62,4496.435421
272.2,45,4496.549825
-110.3,21,4496.622517
325.5,69,4496.796605
294.2,66,4496.981769
307.2,66,4497.180471
51.0,62,4500.82536
317.2,77,4501.016088
269.9,95,4501.261052
307.2,71,4501.420449
313.1,63,4501.557954
72.4,62,4501.672767
-21.3,44,4501.754617
-26.6,56,4501.860235
329.6,84,4502.024422
322.2,78,4502.203011
13.7,69,4502.369647
-114.3,57,4502.504126
22.5,63,4502.636924
338.6,75,4502.806673
54.9,39,4502.91397
-14.4,59,4503.050972
277.2,58,4503.190614
287.2,56,4503.310331
297.2,53,4503.431252
9.3,58,4503.566168
31.9,71,4503.727654
-2.1,65,4503.874027
6.4,69,4504.026885
1.8,53,4504.151932
15.8,75,4504.325897
37.6,34,4504.398604
78.6,79,4504.571208
-26.4,50,4504.689644
72.6,54,4504.807161
-57.9,32,4504.881377
-59.0,55,4505.025994
45.7,64,4505.176605
337.2,53,4505.288881
-47.6,60,4505.431396
29.0,57,4508.429557
7.9,54,4508.567286
272.7,88,4508.765002
3.5,49,4508.876215
287.2,69,4509.032439
0.7,49,4509.15369
2.3,65,4509.318444
14.6,45,4509.433807
289.7,89,4509.622636
-38.1,51,4509.718876
77.4,71,4509.861932
326.2,61,4510.018238
318.0,68,4510.373388
-40.9,66,4510.575903
283.2,75,4510.745503
293.2,64,4510.906723
287.2,60,4511.051231
-135.2,13,4511.088836
49.3,56,4511.242864
-102.2,50,4511.362862
279.8,86,4511.623063
-57.4,20,4511.677792
287.2,60,4511.871352
297.2,57,4512.035005
42.4,36,4512.132408
355.0,62,4512.331753
256.3,93,4512.658726
2.6,28,4512.713979
-81.2,36,4512.791752
29.4,61,4512.942359
-75.6,55,4513.088591
16.4,79,4513.282112
272.2,57,4513.41347
24.3,59,4513.575751
23.9,42,4513.658555
-78.1,38,4516.497642
-92.5,82,4516.662152
-70.8,53,4516.777839
264.9,59,4516.911023
303.9,61,4517.146647
292.2,56,4517.307185
37.1,56,4517.425709
-12.0,67,4517.55991
340.7,58,4517.674943
290.2,50,4517.761409
287.2,62,4517.864658
-22.7,30,4517.929219
278.3,51,4518.060134
287.2,68,4518.334132
-30.4,61,4518.50518
286.8,61,4518.687311
282.9,66,4518.91445
-63.7,39,4519.056559
35.5,48,4519.210368
312.2,73,4519.357788
274.2,73,4519.508403
39.1,51,4519.613274
253.6,70,4519.755921
53.4,75,4519.922175
10.4,56,4520.034682
-6.4,41,4520.125934
-49.3,27,4520.182635
280.8,83,4520.34758
22.4,76,4520.502532
292.4,90,4520.728266
323.6,68,4520.933653
-37.3,46,4521.029694
53.3,56,4521.146332
320.0,85,4521.319265
43.6,55,4524.439401
61.6,74,4524.610861
75.3,56,4524.723431
76.2,54,4524.847169
62.8,66,4525.006723
-28.1,37,4525.097946
-43.3,61,4525.233268
6.2,65,4525.378161
334.8,80,4525.548263
297.5,94,4525.72041
-74.2,51,4525.807983
285.7,53,4525.8942
307.2,78,4526.044387
-49.6,77,4526.214234
322.2,72,4526.366751
52.5,58,4526.495235
67.7,69,4526.642716
-6.4,52,4526.751656
36.3,74,4526.913856
48.8,85,4527.094239
292.7,62,4527.246104
27.2,65,4527.390861
24.5,47,4527.51166
26.7,65,4527.688642
76.2,57,4527.839976
21.0,50,4527.958411
-62.3,33,4528.042435
29.0,73,4528.272146
65.5,75,4528.539727
48.5,67,4528.703505
342.2,69,4528.865346
3.7,49,4528.981205
7.7,59,4531.982908
40.9,48,4532.192123
-35.2,62,4532.432343
-65.4,62,4532.659213
-59.0,59,4532.795994
272.7,70,4532.950826
-7.2,78,4533.131222
317.2,69,4533.27972
300.7,67,4533.42998
-16.4,46,4533.528819
1.9,40,4533.614921
280.1,94,4533.796541
54.0,70,4533.9152
50.4,58,4534.040282
-97.8,44,4534.141627
26.2,33,4534.221843
283.5,61,4534.356412
32.4,59,4534.485857
-100.6,27,4534.545374
-31.5,55,4534.665527
278.4,81,4534.848436
20.1,70,4534.98832
-20.1,61,4535.111809
58.2,90,4535.292219
297.2,66,4535.425241
22.0,78,4535.586938
-93.8,33,4535.653962
3.3,46,4535.761099
294.2,55,4535.906515
265.4,78,4536.066969
301.2,67,4536.214929
297.7,60,4536.340394
327.2,62,4536.463249
278.5,60,4536.581727
279.8,72,4539.536074
357.2,67,4539.667799
-67.4,30,4539.728301
271.7,70,4539.868633
309.7,61,4540.005721
12.7,70,4540.158328
46.3,74,4540.306382
296.4,69,4540.450308
48.6,61,4540.580625
-33.0,57,4540.711211
-28.9,41,4540.792283
50.9,66,4540.923244
-4.0,59,4541.070554
-5.4,49,4541.207913
22.5,65,4541.343331
6.6,47,4541.456203
223.6,67,4541.619231
310.6,68,4541.745254
39.0,63,4541.855
271.9,81,4542.0162
302.1,62,4542.153838
306.0,65,4542.29259
-85.8,33,4542.361632
321.8,83,4542.535529
262.6,68,4542.669244
292.1,67,4542.801325
63.3,65,4542.936007
23.7,48,4543.038459
-11.7,50,4543.158496
9.0,33,4543.232317
3.6,38,4543.310014
-48.5,28,4543.365944
-18.2,44,4543.456695
25.3,53,4543.574636
73.5,73,4543.722151
288.3,73,4547.023582
370.0,77,4547.193395
-72.2,23,4547.2445
-92.6,67,4547.397848
86.8,69,4547.575878
301.0,80,4547.798155
14.9,46,4547.905806
345.2,70,4548.076703
293.0,57,4548.201101
263.3,59,4548.331574
62.9,56,4548.458459
-20.3,50,4548.563873
281.5,77,4548.726715
18.8,59,4548.85739
253.9,77,4549.027707
1.1,32,4549.105691
292.2,67,4549.257954
-1.2,71,4549.416551
-133.1,23,4549.477792
-25.2,66,4549.608799
-65.9,21,4549.655946
274.4,75,4549.828735
41.8,73,4549.966811
326.2,69,4550.112457
9.3,82,4550.317956
-38.0,44,4550.448437
-59.1,59,4550.602742
-39.9,43,4550.725227
283.3,64,4550.944954
317.6,66,4551.208243
-1.5,56,4551.361745
289.2,70,4551.541211
285.8,68,4551.710368
-48.2,38,4551.794884
307.3,69,4554.642035
316.5,65,4554.785846
19.8,40,4554.8751
26.5,51,4554.988692
299.2,80,4555.160236
-22.8,66,4555.30075
87.7,56,4555.422709
-9.4,44,4555.51852
21.5,86,4555.714835
320.4,63,4555.899063
45.4,53,4556.1632
8.2,63,4556.355675
39.3,69,4556.511164
-5.5,40,4556.624681
-13.9,61,4556.896407
292.6,71,4557.082533
321.2,72,4557.244024
312.2,56,4557.367582
310.7,54,4557.489344
305.9,65,4557.625063
292.2,75,4557.771221
318.9,64,4557.922698
49.6,78,4558.121751
33.3,56,4558.267198
43.3,49,4558.392134
69.3,62,4558.537672
338.2,83,4558.730149
23.5,66,4558.878523
342.2,61,4559.012172
-65.1,38,4559.097405
286.2,58,4559.251627
112.7,76,4559.522079
-5.1,55,4559.647496
-114.2,42,4559.745041
321.4,78,4563.250303
-87.9,28,4563.319652
25.3,56,4563.446171
307.1,66,4563.587792
-19.0,43,4563.678849
284.4,77,4563.843838
-6.5,38,4563.925791
277.2,63,4564.060652
302.2,65,4564.200304
-17.1,54,4564.325228
281.2,62,4564.4607
-35.0,53,4564.573924
-48.8,53,4564.684752
-62.6,43,4564.779938
8.6,48,4564.882828
-53.6,38,4564.96584
288.6,61,4565.098745
-59.7,37,4565.178133
71.1,77,4565.356147
305.7,54,4565.467137
37.9,67,4565.604212
44.2,55,4565.701847
17.8,68,4565.814965
310.2,59,4565.911398
-5.2,48,4566.004632
-2.9,54,4566.1141
287.8,74,4566.275912
-46.3,38,4566.373389
337.2,58,4566.484089
-44.7,50,4566.583471
6.5,51,4566.684602
-0.5,56,4566.794133
-38.1,48,4566.890399
-30.3,60,4567.007823
-40.7,47,4567.10036
288.5,77,4567.25937
38.8,41,4567.345154
52.4,58,4570.306321
6.1,54,4570.447248
306.5,79,4570.632738
283.7,79,4570.793741
316.1,63,4570.922403
59.0,57,4571.041545
279.6,76,4571.201846
15.5,55,4571.318363
-20.0,70,4571.462348
58.7,59,4571.58178
-66.9,53,4571.692727
347.2,55,4571.808105
-26.1,70,4571.950523
321.2,64,4572.16656
15.7,37,4572.248396
266.2,79,4572.410257
-47.4,63,4572.542748
327.2,52,4572.714867
-41.8,71,4572.863914
70.3,54,4572.978265
-1.1,59,4573.102319
-1.4,60,4573.233288
310.8,78,4573.39993
24.7,70,4573.546093
-5.5,72,4573.683138
81.3,80,4573.821212
312.2,65,4573.968168
5.1,72,4574.161953
-66.0,44,4574.248839
55.4,56,4574.366538
27.1,46,4574.459845
-21.6,72,4574.604373
-25.5,56,4577.612889
31.6,48,4577.703114
272.3,59,4577.809236
277.2,43,4577.881106
302.2,62,4577.995756
-71.0,43,4578.09676
11.4,70,4578.264746
299.2,69,4578.422171
277.2,55,4578.532794
297.2,67,4578.667371
-3.6,45,4578.77263
257.0,78,4578.979083
108.4,62,4579.114854
295.7,62,4579.245091
55.7,55,4579.355401
60.4,56,4579.469174
22.7,72,4579.618037
40.4,79,4579.777821
303.0,63,4579.902345
277.1,65,4580.035714
11.6,47,4580.131825
43.1,78,4580.29514
-53.2,61,4580.419508
-36.5,34,4580.489228
305.3,85,4580.660387
-1.2,47,4580.75466
302.8,66,4580.885994
330.7,70,4581.038057
32.6,61,4581.175756
-29.5,50,4581.2856
44.1,54,4581.398448
-58.2,29,4581.461017
27.6,63,4581.585837
72.3,85,4581.733232
40.9,43,4581.807121
-71.8,63,4584.991949
38.6,65,4585.187994
51.3,58,4585.314741
-13.4,59,4585.465527
297.2,56,4585.60438
50.5,74,4585.745198
-9.3,61,4585.850152
282.3,60,4585.974402
45.7,69,4586.146934
39.8,54,4586.28739
-60.4,48,4586.398959
45.3,56,4586.530247
-16.1,65,4586.678421
308.7,62,4586.820617
15.0,56,4586.945406
-69.2,63,4587.085297
277.2,45,4587.186987
292.2,53,4587.326275
-99.2,59,4587.465378
58.1,80,4587.647376
-65.8,51,4587.797426
-111.8,36,4587.91528
49.4,82,4588.117414
-2.9,57,4588.241657
-9.8,56,4588.369943
287.2,54,4588.491502
62.3,63,4588.624709
-24.4,42,4588.709014
-19.9,58,4588.826411
64.8,71,4588.968311
310.5,74,4589.131155
90.4,45,4589.225571
294.4,71,4589.373106
-11.6,59,4589.496528
314.5,62,4592.596214
-53.2,61,4592.765592
280.2,67,4592.927042
293.9,63,4593.068554
-2.6,31,4593.150279
337.2,44,4593.252851
-0.8,52,4593.36394
23.6,80,4593.530219
277.2,73,4593.668175
29.7,51,4593.751901
129.6,51,4593.83702
312.2,72,4593.997138
-1.2,67,4594.205239
68.2,65,4594.35554
49.1,71,4594.513649
1.7,46,4594.62571
295.2,56,4594.780258
-49.0,48,4594.89704
-129.6,47,4594.999773
302.2,74,4595.15437
307.7,72,4595.303772
305.7,68,4595.446558
6.4,52,4595.56607
-41.9,64,4595.729923
40.4,66,4595.906331
-65.4,24,4595.959498
305.2,58,4596.076291
-88.9,59,4596.227143
327.2,68,4596.393998
47.1,65,4596.842704
263.9,66,4597.116264
71.1,46,4597.214598
316.2,52,4597.323048
257.9,73,4597.483425
8.4,79,4600.68999
-7.5,73,4600.866965
0.0,47,4600.979588
-15.5,57,4601.116056
269.3,94,4601.448777
-32.8,74,4601.599844
27.2,52,4601.696613
386.0,69,4601.826688
294.7,47,4601.910741
70.4,47,4602.009246
-82.0,55,4602.143993
-37.0,39,4602.233629
47.8,68,4602.379788
33.6,45,4602.476347
-92.3,80,4602.671016
294.4,78,4602.859809
303.3,79,4603.046597
0.1,56,4603.187401
36.6,86,4603.371803
282.2,86,4603.551614
314.8,66,4603.692666
-47.9,41,4603.777662
16.2,59,4603.900886
49.2,44,4604.007502
-20.0,29,4604.075835
278.7,77,4604.288512
273.7,77,4604.462949
307.2,56,4604.575701
302.2,67,4604.713075
-13.5,51,4604.818832
10.8,42,4604.908681
341.0,78,4605.067551
51.6,67,4605.213387
297.1,61,4607.981029
302.3,58,4608.104299
1.6,72,4608.262168
29.4,54,4608.389645
-53.2,20,4608.443626
-90.7,59,4608.578161
287.2,56,4608.698286
307.2,69,4608.860001
30.4,47,4608.983849
296.0,57,4609.134537
298.6,68,4609.299718
-6.4,39,4609.427175
70.2,88,4609.724307
-9.9,44,4609.799106
-11.2,54,4609.907528
309.7,55,4610.050049
60.4,66,4610.268431
-29.5,67,4610.436134
-45.7,68,4610.59608
285.3,56,4610.740885
332.2,59,4610.899367
-109.2,36,4611.000541
61.8,54,4611.134841
285.2,80,4611.329458
-4.2,75,4611.53383
302.2,76,4611.716168
327.2,48,4611.833067
55.4,49,4611.947685
290.7,61,4612.085892
0.5,37,4612.174446
-74.2,46,4612.281553
19.5,47,4612.394663
12.8,60,4612.528624
15.0,56,4612.683875
-98.5,40,4612.783668
7.7,37,4612.876955
-22.3,76,4613.051569
26.8,43,4615.957553
31.4,83,4616.131083
8.7,34,4616.206839
-2.0,76,4616.366886
-2.8,46,4616.463278
-139.1,65,4616.600464
270.1,75,4616.77645
-19.1,50,4616.881501
-47.2,38,4616.959729
-41.2,57,4617.07865
307.2,59,4617.208298
-0.6,82,4617.380725
-116.1,39,4617.46479
287.2,78,4617.616152
47.1,79,4617.756323
-48.2,35,4617.814699
44.0,63,4617.919672
23.6,54,4618.032365
317.2,51,4618.141842
302.2,59,4618.274329
285.0,77,4618.433682
-53.3,52,4618.542384
294.4,63,4618.685988
77.9,63,4618.830613
23.3,68,4618.979681
32.1,59,4619.102858
15.5,52,4619.218299
-22.5,78,4619.384061
266.5,99,4619.593253
315.7,55,4619.713211
313.2,69,4619.876848
270.8,65,4620.053097
9.8,41,4620.144244
-103.2,61,4623.242886
238.9,59,4623.377561
-5.8,47,4623.481832
282.2,39,4623.568255
-11.4,30,4623.638186
93.7,61,4623.774189
-21.9,57,4623.949882
291.0,67,4624.225225
282.1,68,4624.395872
27.0,45,4624.499156
302.2,50,4624.613007
277.2,64,4624.754142
338.2,69,4624.896679
-28.6,51,4625.009163
-7.4,49,4625.124386
-137.8,64,4625.318393
-17.5,40,4625.417517
274.8,49,4625.524157
-43.9,40,4625.610002
9.0,50,4625.703981
102.8,78,4625.842082
297.2,64,4625.961939
275.5,66,4626.093169
29.9,56,4626.216671
-27.9,29,4626.278139
297.2,56,4626.400248
367.2,65,4626.547144
302.2,51,4626.698139
63.9,89,4626.991681
303.4,67,4627.164121
-93.0,40,4627.251195
295.5,74,4627.415276
324.4,59,4627.549731
88.9,92,4627.737082
308.0,55,4627.85232
269.7,58,4627.976636
301.2,74,4630.849449
-27.4,49,4630.948669
-22.1,43,4631.034996
-27.8,36,4631.109789
88.9,50,4631.215421
13.3,45,4631.310776
301.0,53,4631.421575
263.6,64,4631.561581
307.2,50,4631.664025
272.2,50,4631.775299
285.7,51,4631.882447
28.6,30,4631.946659
-28.7,50,4632.050843
-31.5,68,4632.19388
-68.1,25,4632.24584
-0.4,63,4632.378324
258.9,75,4632.549879
-35.6,26,4632.653388
38.6,47,4632.813215
9.0,57,4633.038955
51.9,96,4633.278926
286.1,52,4633.389084
33.7,48,4633.486052
-4.6,72,4633.629676
289.4,100,4633.814384
24.6,43,4633.88672
39.2,50,4633.979547
-32.0,75,4634.134226
293.8,67,4634.273648
288.1,70,4634.410354
-57.1,31,4634.470088
-33.2,47,4634.567974
-4.2,30,4634.630409
306.3,62,4634.753231
317.2,45,4634.843184
75.1,74,4634.991647
-49.9,58,4635.105369
-120.4,54,4635.216251
302.2,89,4638.114651
299.2,58,4638.232111
305.6,76,4638.38502
280.3,55,4638.503346
281.0,72,4638.651059
-94.9,54,4638.766696
2.1,41,4638.851609
63.5,91,4639.069139
296.2,63,4639.202553
58.8,72,4639.373456
-14.3,81,4639.621931
62.1,55,4639.762837
-53.2,45,4639.854638
-48.2,59,4639.979069
12.3,53,4640.086508
-31.6,79,4640.249317
75.9,56,4640.363583
268.9,68,4640.510836
50.4,87,4640.764205
304.2,62,4640.893746
-9.6,42,4640.980555
-63.0,48,4641.095603
311.3,67,4641.241961
277.2,52,4641.344215
8.5,62,4641.469927
49.8,57,4641.581794
94.4,67,4641.700768
290.7,69,4641.820259
281.2,61,4641.92292
15.8,60,4642.044026
308.5,62,4642.191269
59.4,70,4642.327858
43.2,49,4645.04712
284.5,70,4645.202698
63.9,56,4645.322592
-28.8,38,4645.407469
-17.6,41,4645.496419
283.2,56,4645.609448
311.8,88,4645.778585
-1.4,50,4645.865012
267.5,68,4645.993275
20.9,54,4646.100704
22.6,53,4646.217454
45.9,63,4646.361908
-46.0,45,4646.454401
302.2,75,4646.610306
21.1,52,4646.715028
294.2,60,4646.835855
-0.3,38,4646.913546
267.5,75,4647.063212
272.2,80,4647.25814
333.5,68,4647.445762
321.1,73,4647.634829
-43.2,32,4647.712357
5.0,48,4647.832969
309.2,74,4647.984418
-6.4,67,4648.120911
75.4,48,4648.219197
8.9,51,4648.328999
273.2,57,4648.462361
284.6,84,4648.65567
-69.8,35,4648.734896
294.3,74,4648.886628
0.0,76,4649.041502
354.2,72,4649.189582
292.2,53,4649.294115
287.4,66,4652.442188
-40.0,60,4652.622348
28.6,50,4652.807752
-15.5,47,4652.900445
14.5,51,4653.006136
270.9,65,4653.147935
80.4,50,4653.2592
-83.0,70,4653.408186
6.3,57,4653.541427
75.0,83,4653.723537
-11.4,54,4653.833833
89.6,74,4653.995655
-96.6,56,4654.119521
47.3,44,4654.230836
-18.1,34,4654.327708
56.8,73,4654.482917
55.5,63,4654.653308
-70.9,53,4654.78418
24.3,67,4654.956579
-135.0,52,4655.074439
296.2,58,4655.209468
-6.4,54,4655.325629
41.7,67,4655.485228
25.0,49,4655.584971
79.4,68,4655.745004
-14.6,61,4655.882806
-9.4,61,4656.034263
13.6,66,4656.19619
-12.4,83,4656.40242
-10.3,51,4656.525764
292.0,53,4656.654191
43.1,65,4656.813216
24.5,55,4656.948308
317.2,72,4657.117872
296.1,77,4660.165124
-90.6,51,4660.308134
34.4,55,4660.428967
46.3,44,4660.529022
-9.7,51,4660.645247
293.5,72,4660.833205
43.2,64,4660.992898
340.5,77,4661.149933
-63.6,48,4661.252677
302.2,45,4661.350565
69.5,59,4661.482388
49.4,60,4661.60208
100.0,70,4661.738819
247.4,64,4661.853024
311.0,63,4661.989785
55.4,66,4662.142012
4.7,60,4662.281971
304.2,69,4662.440235
-83.0,54,4662.562828
10.8,60,4662.695813
-103.9,26,4662.761837
331.2,72,4662.921577
-52.4,51,4663.069534
-61.5,38,4663.183869
-39.5,49,4663.311174
302.2,62,4663.515984
17.8,60,4663.698803
-66.8,33,4663.771884
297.2,54,4663.885661
13.0,51,4663.997029
326.2,74,4664.180351
312.3,55,4664.308396
283.9,97,4664.52745
-43.2,50,4664.699872
-30.7,60,4664.856541
-2.3,50,4664.977904
-99.1,34,4668.469498
287.8,59,4668.63514
293.6,80,4668.808912
322.7,69,4668.979547
-104.6,39,4669.076815
305.2,50,4669.192354
327.2,64,4669.377665
19.4,64,4669.517425
259.9,64,4669.639371
75.9,67,4669.772262
46.6,58,4669.87219
-8.0,80,4670.035776
-127.1,40,4670.123983
277.6,73,4670.293955
317.2,67,4670.465772
8.6,44,4670.572217
-80.7,38,4670.652829
298.0,72,4670.801596
12.4,57,4670.936775
21.1,83,4671.135664
317.2,66,4671.289425
79.5,55,4671.421283
14.1,32,4671.515079
76.6,79,4671.69368
307.2,58,4671.821291
297.2,76,4672.011288
48.8,50,4672.120378
7.0,66,4672.274267
-46.9,47,4672.376952
321.7,73,4672.532168
37.4,46,4672.630517
49.8,48,4672.736868
14.2,59,4672.869938
-60.4,62,4673.007922
293.8,74,4675.957412
267.5,54,4676.07636
10.2,68,4676.229927
277.1,66,4676.370054
281.3,79,4676.5568
315.7,62,4676.750756
-61.2,38,4676.830139
-61.2,50,4676.929729
41.4,67,4677.064942
3.4,59,4677.188527
271.2,75,4677.340294
270.3,74,4677.494589
-54.6,58,4677.608612
-63.8,60,4677.720073
78.8,93,4677.999794
312.2,60,4678.134125
23.1,69,4678.277776
-1.2,72,4678.420969
58.4,75,4678.579604
292.2,61,4678.702011
291.2,66,4678.844563
-10.7,58,4678.968932
40.9,58,4679.088878
10.5,60,4679.219365
-101.7,53,4679.332817
47.8,57,4679.452929
57.4,61,4679.58772
327.2,50,4679.68602
68.2,60,4679.808713
33.1,75,4679.987299
270.2,57,4680.099555
3.1,35,4680.173168
302.2,73,4680.324235
-100.1,45,4683.981125
274.6,67,4684.156835
-26.1,32,4684.245435
49.2,56,4684.395164
291.2,46,4684.520813
327.2,58,4684.659075
284.2,51,4684.762681
-20.0,47,4684.86552
-32.4,54,4685.002836
369.2,77,4685.201574
285.5,69,4685.350914
23.4,77,4685.508797
283.4,79,4685.663076
-58.2,49,4685.745431
277.2,46,4685.820654
-66.9,34,4685.879078
-96.3,38,4685.946797
74.6,87,4686.128619
-34.4,28,4686.186276
38.2,62,4686.33039
327.2,71,4686.471843
312.4,55,4686.581898
-5.3,46,4686.676368
40.4,54,4686.785774
42.3,58,4686.902513
27.6,73,4687.053181
33.0,62,4687.184997
-109.6,36,4687.280416
288.7,61,4687.402673
17.7,34,4687.478619
-131.5,25,4687.532621
301.2,68,4687.671877
-11.4,47,4687.768254
284.7,62,4687.898462
282.2,71,4688.046891
314.6,86,4688.300606
289.8,60,4690.99684
287.2,46,4691.087661
302.2,43,4691.173701
85.4,74,4691.326603
-68.7,30,4691.383657
57.2,66,4691.526881
28.7,54,4691.630208
-21.9,58,4691.745873
311.2,77,4691.897988
-39.1,57,4692.010411
261.8,42,4692.095537
-45.3,62,4692.223037
-31.5,56,4692.333259
12.0,65,4692.465824
85.7,54,4692.590998
63.8,74,4692.737988
30.4,48,4692.834246
55.7,63,4692.958302
322.2,66,4693.088547
38.7,56,4693.210981
69.2,52,4693.320793
-45.8,60,4693.450215
83.5,69,4693.595369
104.1,72,4693.725355
303.5,65,4693.8363
298.3,61,4693.941777
308.9,50,4694.049898
307.2,65,4694.190102
-62.2,49,4694.295588
-94.3,43,4694.38787
3.6,58,4694.515384
76.6,68,4694.669812
327.9,68,4694.815023
292.9,58,4694.935698
72.0,80,4695.110431
-67.9,51,4697.844648
-10.0,56,4697.943468
30.8,73,4698.096506
-53.9,44,4698.18408
-47.6,57,4698.301373
45.4,62,4698.423455
2.1,58,4698.541345
83.2,56,4698.65206
297.2,52,4698.769441
337.2,74,4698.916313
-1.5,37,4698.99146
277.2,53,4699.09864
89.4,71,4699.247823
-9.3,42,4699.334172
-53.2,37,4699.409434
20.3,68,4699.549911
-83.7,44,4699.646821
63.4,54,4699.832154
-0.2,56,4699.959328
-30.6,79,4700.117448
13.2,70,4700.259994
338.1,62,4700.383668
312.2,55,4700.493133
-1.4,38,4700.570055
22.4,65,4700.70147
22.7,44,4700.789824
322.2,55,4700.912162
272.2,55,4701.026337
4.6,74,4701.177816
-55.7,44,4701.268979
44.9,64,4701.401892
275.4,78,4701.562383
46.3,67,4701.682587
94.3,70,4701.803223
85.9,84,4701.950964
316.2,68,4704.721431
-71.9,61,4704.849512
-87.5,34,4704.920602
283.7,53,4705.034508
302.2,72,4705.200652
35.1,63,4705.33193
-70.5,45,4705.420335
-66.2,58,4705.540427
40.4,79,4705.676857
49.0,63,4705.782498
296.2,66,4705.892889
277.2,59,4706.005841
-13.7,39,4706.087808
0.1,33,4706.158803
82.2,52,4706.270325
327.2,60,4706.392307
-10.5,73,4706.548329
-6.4,68,4706.696044
312.2,60,4706.820776
274.0,66,4706.962963
56.3,65,4707.101246
-36.2,50,4707.219435
265.6,77,4707.3878
-59.5,73,4707.543676
-21.9,52,4707.653788
284.1,72,4707.806399
57.5,76,4707.967694
-114.8,70,4708.128246
-5.1,32,4708.21691
27.1,72,4708.375565
-23.6,31,4708.440856
-57.8,51,4708.547538
272.2,52,4708.649903
271.9,74,4708.822466
345.7,65,4712.074866
273.9,57,4712.189248
287.5,54,4712.297456
281.1,73,4712.45366
287.3,45,4712.542885
-18.2,64,4712.672174
-42.5,78,4712.825458
316.2,54,4712.934153
-0.8,56,4713.048151
-73.5,68,4713.190598
9.3,81,4713.361723
321.0,59,4713.50286
-56.8,36,4713.580176
7.5,63,4713.692291
-46.7,40,4713.760139
22.9,60,4713.857528
11.6,62,4713.965498
258.1,59,4714.082242
45.8,61,4714.207571
308.4,72,4714.360643
261.9,71,4714.500985
297.2,65,4714.628181
-101.5,69,4714.764724
-29.7,64,4714.89196
297.2,48,4714.987453
277.2,62,4715.113547
-135.9,50,4715.215304
-75.2,54,4715.325603
0.5,45,4715.417084
-53.2,20,4715.461108
21.4,77,4715.624236
50.9,59,4715.740725
210.2,76,4715.894913
49.4,59,4716.011246
-65.1,42,4716.094504
293.9,98,4718.971713
303.1,82,4719.135782
-34.4,71,4719.27894
-45.4,26,4719.332773
-47.5,56,4719.439988
370.7,72,4719.582768
35.5,76,4719.740236
89.8,64,4719.86975
297.2,69,4720.003005
28.0,54,4720.110355
322.2,57,4720.219557
322.2,69,4720.360433
-10.3,45,4720.449563
-12.8,50,4720.549197
46.3,59,4720.691992
304.2,58,4720.879084
16.8,62,4721.000937
-26.5,33,4721.069056
-21.6,42,4721.155947
8.6,51,4721.263998
281.2,53,4721.375595
46.6,67,4721.521436
301.0,68,4721.663826
49.6,74,4721.798119
45.7,76,4721.951232
-84.5,68,4722.097975
52.7,55,4722.210238
0.3,53,4722.320038
-112.6,68,4722.456344
-23.6,46,4722.545251
6.2,54,4722.653302
-75.0,48,4722.750205
317.2,53,4722.853389
74.4,53,4722.957399
291.0,65,4725.771087
36.7,46,4725.850358
281.2,58,4725.95436
-73.0,76,4726.127383
298.2,61,4726.273034
-48.1,56,4726.391119
289.2,57,4726.503364
322.7,67,4726.637002
320.8,62,4726.761616
302.2,57,4726.875553
327.2,55,4726.987379
-100.0,54,4727.095018
297.2,63,4727.2244
308.5,92,4727.428177
0.3,48,4727.534004
51.0,55,4727.654906
34.2,65,4727.796286
-2.4,71,4727.949473
337.2,68,4728.097198
316.0,59,4728.236151
-1.4,45,4728.332699
63.4,46,4728.433626
293.2,53,4728.54935
294.9,58,4728.675324
-57.4,52,4728.790375
322.4,76,4728.966253
-62.4,62,4729.098092
308.2,72,4729.272647
280.7,47,4729.376268
372.2,76,4729.542187
-93.1,56,4729.649038
297.7,53,4729.746662
278.4,79,4729.884023
-10.4,36,4729.950607
287.4,65,4732.908204
-20.2,66,4733.041941
310.7,61,4733.164925
301.1,75,4733.330746
-105.3,45,4733.435369
-78.1,39,4733.518163
40.4,55,4733.62105
-68.0,44,4733.695263
267.3,61,4733.801408
322.5,50,4733.886767
-70.2,67,4734.016225
-38.4,69,4734.152474
39.2,43,4734.242904
292.2,62,4734.364613
-1.5,44,4734.469458
285.0,60,4734.594449
-2.4,49,4734.694595
-99.3,41,4734.77827
-40.4,35,4734.850034
287.2,56,4734.964093
-35.4,75,4735.114951
9.7,46,4735.207739
-29.8,54,4735.317972
13.4,77,4735.471237
-129.8,38,4735.54612
296.0,67,4735.678906
40.4,52,4735.781909
307.4,81,4735.939941
312.2,50,4736.041279
-16.4,67,4736.180795
283.2,62,4736.313953
297.2,50,4736.413198
23.2,66,4736.555215
306.4,73,4736.70429
271.5,54,4736.814805
-74.7,59,4736.935881
272.5,69,4739.686823
54.2,39,4739.76578
20.8,42,4739.849288
22.4,79,4740.002444
50.5,70,4740.170434
314.2,76,4740.335411
279.9,72,4740.476174
278.6,61,4740.624316
-34.2,60,4740.824039
307.2,63,4740.955132
71.0,64,4741.088621
5.4,54,4741.202968
-15.6,51,4741.31946
-22.0,52,4741.431141
16.6,38,4741.518141
82.9,68,4741.642403
312.2,67,4741.766443
30.2,57,4741.861626
282.0,64,4741.975957
302.2,72,4742.119881
11.9,69,4742.267372
279.0,87,4742.445091
-4.1,85,4742.615919
46.9,56,4742.728682
282.2,53,4742.86186
292.2,58,4742.985615
297.2,58,4743.115145
25.3,73,4743.27459
-104.2,51,4743.384814
8.8,59,4743.509793
-29.0,71,4743.656641
64.8,69,4743.802272
-54.7,38,4743.883207
34.9,50,4743.990841
62.4,67,4746.715466
287.2,34,4746.784535
312.2,64,4746.911723
280.6,67,4747.060947
-19.4,40,4747.147543
271.5,77,4747.30994
45.1,53,4747.414971
48.2,78,4747.570259
-26.0,47,4747.664198
13.5,52,4747.768081
40.5,90,4747.948203
288.3,65,4748.082721
-21.0,55,4748.194776
4.7,61,4748.318501
32.5,49,4748.417737
-6.0,30,4748.480862
365.5,63,4748.608779
67.5,109,4748.836754
307.6,56,4748.951427
-5.9,81,4749.120294
-118.5,61,4749.249127
20.6,69,4749.396754
-52.9,48,4749.497244
307.2,63,4749.615939
289.2,55,4749.712893
1.2,61,4749.815426
271.2,79,4750.027326
1.6,76,4750.333284
287.8,58,4750.596333
318.4,70,4750.756655
-114.5,36,4750.831163
267.7,75,4750.981576
277.9,59,4751.099599
274.2,80,4753.922299
310.7,61,4754.046895
58.7,70,4754.184236
41.1,66,4754.317575
-14.9,73,4754.480297
317.2,59,4754.596353
35.4,49,4754.700018
318.7,64,4754.831085
18.5,34,4754.899122
297.2,71,4755.038131
24.9,86,4755.209154
7.1,83,4755.439765
15.8,60,4755.584295
277.2,81,4755.745968
25.4,42,4755.851237
302.2,76,4756.007134
70.1,58,4756.1241
279.3,74,4756.284473
32.9,62,4756.409044
85.7,43,4756.501528
286.2,77,4756.659854
48.3,47,4756.756161
-11.7,45,4756.851606
-34.6,46,4756.948341
55.4,58,4757.06524
263.8,52,4757.175916
-1.1,43,4757.268498
312.1,77,4757.424286
297.2,57,4757.543046
45.3,91,4757.700799
71.4,50,4757.783843
6.3,29,4757.836255
-112.9,55,4757.927881
337.3,70,4760.886239
312.2,55,4760.998772
-80.2,75,4761.148667
26.9,51,4761.263072
301.2,52,4761.367654
27.9,58,4761.485807
-52.5,22,4761.531856
-15.0,67,4761.658351
39.2,41,4761.73506
-27.0,40,4761.805599
317.2,57,4761.899669
292.2,52,4761.995229
-7.2,47,4762.088829
282.2,62,4762.217581
9.6,47,4762.317115
268.6,57,4762.431828
21.0,58,4762.550046
-45.5,25,4762.600127
283.4,72,4762.757782
315.4,71,4762.899328
45.4,49,4762.997416
40.6,41,4763.083578
297.2,59,4763.203309
55.4,64,4763.336981
276.0,42,4763.425707
-42.0,65,4763.5632
284.9,72,4763.713918
11.4,57,4763.846241
77.7,60,4763.970469
255.9,81,4764.135292
295.7,51,4764.236509
-16.4,76,4764.390279
312.8,67,4764.524281
326.2,79,4764.682741
-29.0,58,4764.801898
-53.2,84,4767.578617
297.2,51,4767.682088
-50.9,54,4767.789546
312.2,70,4767.929453
-32.1,81,4768.1139
-54.6,42,4768.199804
51.7,69,4768.34334
-12.2,47,4768.440316
-32.7,51,4768.548915
-52.6,42,4768.634914
48.5,62,4768.762437
-56.1,46,4768.855831
54.2,54,4768.970632
284.7,63,4769.100938
-119.7,22,4769.149308
59.2,66,4769.297636
-85.9,68,4769.435014
88.9,71,4769.576689
-6.1,66,4769.692317
-95.1,59,4769.79194
296.2,59,4769.890664
290.4,73,4770.037859
289.6,55,4770.153798
-32.6,58,4770.273505
319.0,65,4770.406292
280.8,71,4770.58466
-19.7,50,4770.725426
-60.7,48,4770.818665
39.0,65,4770.952702
-40.5,54,4771.067143
55.1,66,4771.208532
316.0,52,4771.318866
-110.3,35,4771.38882
300.9,58,4771.50621
5.9,61,4771.633762
332.2,66,4771.764229
282.2,60,4774.529223
25.8,44,4774.628537
31.5,78,4774.789093
52.4,59,4774.913845
46.2,65,4775.051017
-41.5,45,4775.141609
277.3,47,4775.241188
-1.4,34,4775.327992
-12.9,39,4775.407001
332.2,72,4775.554551
-13.2,90,4775.742889
84.7,68,4775.882999
299.7,67,4776.016059
-91.2,46,4776.107885
314.2,76,4776.266517
294.2,64,4776.413931
14.1,58,4776.529737
8.1,61,4776.652244
-79.0,71,4776.797155
297.2,65,4776.92977
-29.3,54,4777.036884
295.1,65,4777.168603
296.9,65,4777.314495
40.7,61,4777.436722
-13.7,57,4777.556452
295.2,69,4777.675588
282.0,70,4777.790374
-52.8,39,4777.856035
21.7,72,4777.983691
317.2,68,4778.120692
-22.3,67,4778.257101
-85.5,27,4778.31774
260.9,65,4778.456383
22.7,55,4778.570788
34.3,56,4781.529893
102.7,54,4781.633201
-90.5,47,4781.712375
83.0,82,4781.848238
297.2,52,4781.93531
269.6,83,4782.099447
-37.6,36,4782.171311
-10.3,60,4782.297631
331.2,63,4782.433002
-64.4,35,4782.50771
-4.5,43,4782.607154
6.9,63,4782.739099
271.2,65,4782.87726
324.2,80,4783.046153
292.2,58,4783.168893
-112.0,19,4783.210813
278.4,64,4783.35134
22.1,72,4783.502311
300.7,68,4783.662801
275.6,64,4783.800755
268.3,59,4783.92423
302.2,61,4784.054603
292.2,51,4784.162894
286.0,56,4784.285867
-42.0,32,4784.355678
56.1,53,4784.472229
-52.3,32,4784.547291
62.0,54,4784.667849
-57.0,45,4784.784084
-20.9,60,4784.916432
274.3,56,4785.035531
45.0,55,4785.152847
-114.9,24,4785.207937
43.4,46,4785.314178
260.7,87,4785.504432
40.6,40,4785.581131
297.2,61,4785.68198
303.2,65,4788.447108
286.7,68,4788.595018
270.3,91,4788.800046
60.3,77,4788.987633
294.6,72,4789.144114
-13.1,49,4789.252414
-20.2,35,4789.333859
287.2,81,4789.513377
-5.6,48,4789.602646
33.1,74,4789.737366
32.0,60,4789.837243
5.2,74,4789.964759
298.2,84,4790.13403
3.5,48,4790.229853
57.9,72,4790.378249
283.6,43,4790.46784
292.2,59,4790.585694
-33.8,60,4790.710403
357.2,81,4790.875879
15.5,40,4790.964638
-47.8,63,4791.09147
218.1,88,4791.275177
282.5,59,4791.39268
35.4,62,4791.534582
46.8,55,4791.700848
292.2,47,4791.795297
284.4,70,4791.933193
-99.9,51,4792.047342
26.8,65,4792.175089
-0.7,73,4792.327908
312.2,74,4792.474502
50.7,47,4792.567189
-16.4,37,4792.642958
297.2,53,4795.765004
52.9,67,4795.904271
62.9,78,4796.060139
292.2,71,4796.205273
317.2,67,4796.357724
11.0,89,4796.535359
-0.9,68,4796.668795
68.6,59,4796.793182
2.3,52,4796.896972
-19.6,63,4797.023169
13.3,85,4797.194561
-91.7,39,4797.279826
-66.8,52,4797.401787
16.1,61,4797.532403
283.7,80,4797.672419
69.2,67,4797.781985
-3.5,54,4797.870501
31.7,75,4798.005961
305.2,73,4798.159465
-55.3,34,4798.229944
-53.5,66,4798.365714
34.0,48,4798.466003
-12.3,59,4798.586558
283.3,61,4798.709762
-24.0,48,4798.805062
-71.4,52,4798.915058
-47.5,44,4799.006225
295.3,60,4799.133955
-50.6,56,4799.254124
48.5,71,4799.410215
246.3,61,4799.533337
311.4,76,4799.687377
21.3,51,4799.789959
-47.8,60,4802.601503
42.9,80,4802.831026
-4.1,56,4802.948843
302.9,57,4803.068519
297.2,75,4803.231127
287.2,43,4803.327575
-3.8,45,4803.425225
286.4,68,4803.579903
-1.4,31,4803.647671
274.4,57,4803.763758
257.3,55,4803.872083
-6.4,49,4803.972211
-127.6,36,4804.046905
-7.6,31,4804.111905
-0.8,60,4804.232388
307.2,70,4804.393505
301.0,66,4804.669291
302.6,79,4805.048514
317.2,70,4805.269217
5.1,59,4805.472633
-32.7,45,4805.601327
322.4,70,4805.769122
-98.6,44,4805.852221
-60.9,36,4805.921438
59.8,65,4806.065239
301.7,82,4806.242042
-56.4,68,4806.393582
307.2,56,4806.51233
-2.6,70,4806.66847
-100.0,49,4806.770986
64.3,71,4806.928057
96.1,62,4807.06918
1.0,53,4807.184731
16.2,69,4807.344434
283.9,77,4807.516986
300.0,65,4810.32569
-8.4,44,4810.416873
279.6,74,4810.564143
82.7,43,4810.650976
25.2,64,4810.779562
36.6,64,4810.908177
260.6,53,4811.019017
1.6,58,4811.150089
13.5,64,4811.290236
301.0,57,4811.409945
39.3,57,4811.523778
28.0,82,4811.688376
-53.2,33,4811.756278
-0.3,54,4811.864543
281.3,90,4812.050216
4.7,64,4812.179083
287.2,67,4812.313833
322.2,42,4812.396607
32.0,73,4812.54241
21.8,70,4812.686232
-7.3,83,4812.854299
18.2,93,4813.054147
16.1,70,4813.203145
17.1,54,4813.318991
-56.0,101,4813.540023
327.2,52,4813.635243
52.2,66,4813.751108
-10.3,83,4813.88908
27.6,50,4813.98085
266.9,77,4814.158663
-8.8,56,4814.272594
32.5,53,4814.44535
287.3,75,4817.288512
332.2,48,4817.383965
55.4,54,4817.487198
283.6,66,4817.610264
19.9,64,4817.716064
93.9,62,4817.819865
297.2,63,4817.926046
327.2,67,4818.06106
264.9,85,4818.236383
-91.0,60,4818.370843
302.2,53,4818.475438
52.3,65,4818.602595
287.2,61,4818.721827
4.9,58,4818.837831
-24.4,72,4818.981145
277.6,57,4819.093534
261.7,69,4819.231642
292.1,76,4819.382577
62.5,70,4819.526391
-57.0,72,4819.671791
281.5,72,4819.821071
-40.5,62,4819.950733
30.7,81,4820.117804
321.2,51,4820.221404
-38.6,65,4820.361444
292.2,62,4820.485044
-11.3,56,4820.592225
-51.1,47,4820.68456
287.2,52,4820.787172
300.6,63,4820.915898
286.2,48,4821.011499
277.8,65,4821.141656
283.3,57,4823.997087
297.2,64,4824.125441
64.2,52,4824.235314
275.6,61,4824.371885
297.2,71,4824.535866
8.4,40,4824.624898
19.2,58,4824.75918
76.5,49,4824.866693
-80.7,32,4824.93844
278.0,61,4825.071876
40.3,77,4825.245923
-4.6,100,4825.464682
-3.8,44,4825.569078
-23.3,63,4825.690905
15.0,43,4825.764788
271.3,55,4825.862019
319.1,61,4825.973773
240.7,64,4826.09962
27.9,56,4826.215336
16.2,75,4826.375565
35.4,62,4826.520797
61.4,71,4826.754892
276.3,71,4826.899728
-2.9,50,4826.997828
287.2,57,4827.110982
-19.2,55,4827.221641
-49.8,76,4827.379266
306.1,78,4827.537446
-14.3,52,4827.643712
291.4,70,4827.785217
15.3,70,4827.922816
-15.0,53,4828.029614
40.7,36,4828.103444
312.2,62,4828.230205
-51.8,44,4830.93828
308.7,63,4831.072873
28.0,54,4831.185642
-22.7,56,4831.310869
23.1,41,4831.396328
334.2,52,4831.500268
39.5,71,4831.644956
-58.2,49,4831.744208
-57.9,53,4831.852776
-13.3,67,4831.987354
322.2,75,4832.140613
-7.2,88,4832.327989
4.7,63,4832.505003
306.0,74,4832.666228
275.5,81,4832.836426
282.6,53,4832.942948
285.7,56,4833.065618
25.8,63,4833.201718
69.9,87,4833.389652
311.2,49,4833.487326
258.6,59,4833.602361
16.2,70,4833.727161
306.2,53,4833.81625
60.4,41,4833.886474
307.2,53,4833.988079
-55.7,43,4834.087311
-34.2,38,4834.167521
3.9,71,4834.329731
265.7,67,4834.463031
302.2,59,4834.580918
307.2,67,4834.715184
64.0,53,4834.821027
71.0,59,4834.939359
-18.1,89,4835.139925
52.4,43,4838.309577
46.7,54,4838.42482
-11.8,53,4838.535975
-67.0,61,4838.699722
-37.9,65,4838.863558
11.9,48,4838.957165
55.4,41,4839.036898
-63.0,57,4839.149212
43.7,70,4839.308055
33.7,60,4839.430925
292.2,65,4839.565431
-58.4,37,4839.646241
308.7,90,4839.829988
276.9,98,4840.032018
46.7,49,4840.133628
272.3,83,4840.304825
340.7,69,4840.448668
308.2,92,4840.636347
13.6,39,4840.719815
90.4,39,4840.802891
-64.5,63,4840.933552
359.2,72,4841.084408
-63.0,37,4841.156323
34.8,58,4841.275658
2.5,70,4841.431002
8.6,39,4841.507461
96.9,86,4841.659227
321.2,66,4841.765746
280.2,68,4841.878721
-14.6,75,4842.022698
19.3,31,4842.087695
312.2,66,4842.21956
13.7,71,4842.382207
-39.2,44,4842.46944
18.4,68,4845.231733
301.4,54,4845.352772
53.4,51,4845.461905
261.9,64,4845.594437
-63.7,40,4845.662199
27.0,73,4845.786063
-88.3,43,4845.85935
-34.3,81,4846.009606
-23.2,35,4846.085098
208.7,83,4846.260007
296.2,52,4846.370192
302.2,64,4846.503954
20.5,60,4846.639067
-84.4,55,4846.754426
-41.0,55,4846.869772
61.7,59,4846.993029
40.9,51,4847.10304
279.2,66,4847.240859
312.2,54,4847.350684
65.1,64,4847.487319
302.2,62,4847.633423
275.7,55,4847.744349
71.9,72,4847.892107
266.4,71,4848.03632
302.2,79,4848.195148
286.4,59,4848.318442
-20.3,57,4848.439883
99.3,53,4848.54844
-86.8,56,4848.656202
-43.2,64,4848.789425
53.1,73,4848.938637
285.7,54,4849.046715
28.8,39,4849.12559
43.2,54,4849.236965
53.9,62,4852.088367
-7.4,53,4852.199652
277.5,42,4852.288012
-66.2,50,4852.398943
300.7,63,4852.534625
-50.8,37,4852.612005
42.8,46,4852.710831
-1.3,65,4852.85193
-19.1,46,4852.949692
-2.6,51,4853.055122
31.0,51,4853.162701
45.4,54,4853.278131
306.2,64,4853.422877
11.1,67,4853.566442
54.2,53,4853.655916
9.6,52,4853.74726
68.5,61,4853.859378
50.4,41,4853.939109
297.2,50,4854.049634
292.2,70,4854.202021
52.4,69,4854.352784
291.4,74,4854.513799
274.3,58,4854.635441
-81.3,33,4854.710344
-74.8,29,4854.773968
-86.6,41,4854.859826
292.2,54,4854.98693
-35.1,48,4855.087877
292.5,60,4855.217147
52.0,74,4855.374156
9.8,72,4855.531621
297.6,75,4855.695217
282.7,58,4855.816714
4.1,53,4855.928607
-50.2,55,4856.067731
64.4,60,4856.20169
300.3,63,4856.345991
320.0,67,4859.13795
48.1,76,4859.292386
-11.8,46,4859.386458
292.2,63,4859.515366
308.0,86,4859.694949
-1.1,37,4859.769414
42.7,77,4859.921728
-50.0,23,4859.96918
49.4,45,4860.059589
329.6,77,4860.240983
5.0,41,4860.340367
254.1,52,4860.445278
309.2,65,4860.622278
-28.9,49,4860.749926
271.9,59,4860.86659
53.8,76,4861.017953
42.9,80,4861.174711
-15.8,68,4861.320304
58.6,58,4861.432754
36.8,69,4861.569643
322.2,59,4861.671617
24.4,69,4861.79015
-14.3,60,4861.892876
277.0,67,4862.016366
336.7,82,4862.17917
299.0,59,4862.304773
4.8,69,4862.443834
296.9,77,4862.595995
7.6,47,4862.68824
288.2,66,4862.822124
355.7,71,4862.968442
38.5,63,4863.088633
-82.4,74,4863.242392
76.6,52,4866.077672
-60.8,33,4866.142577
274.3,64,4866.269329
286.0,90,4866.457934
55.7,77,4866.606245
317.2,65,4866.74016
9.5,56,4866.856205
-55.7,42,4866.945162
279.1,78,4867.100085
294.2,49,4867.199799
28.0,53,4867.308923
-49.6,68,4867.45187
0.9,56,4867.575331
-100.0,44,4867.664914
9.4,48,4867.769309
291.0,62,4867.900032
327.2,74,4868.049008
24.5,53,4868.153944
282.2,58,4868.27127
-98.4,49,4868.375367
298.0,72,4868.532699
-22.5,60,4868.657711
-90.4,65,4868.78927
19.5,52,4868.894045
9.4,38,4868.971856
123.0,63,4869.101602
-82.4,27,4869.157453
292.2,74,4869.309308
-25.0,62,4869.435676
-100.0,56,4869.545614
-6.5,48,4869.636435
315.5,77,4869.766447
56.6,47,4869.843514
50.4,56,4869.938473
111.2,79,4870.10092
8.1,77,4873.066615
-20.7,55,4873.186157
-7.2,54,4873.305751
282.2,65,4873.447626
31.6,66,4873.588814
-47.5,35,4873.649459
105.4,55,4873.749022
313.6,59,4873.846651
-47.7,64,4873.962317
306.0,69,4874.10828
274.9,69,4874.250669
287.6,57,4874.369342
279.0,63,4874.504788
296.2,53,4874.611391
47.3,73,4874.766539
-52.1,62,4874.905764
-4.5,39,4874.989941
118.4,65,4875.133817
-32.7,40,4875.217749
19.8,53,4875.333323
-22.6,50,4875.438766
-103.7,53,4875.552139
322.2,63,4875.686792
45.4,48,4875.789751
306.2,66,4875.953532
277.0,66,4876.097914
272.5,66,4876.238636
313.4,73,4876.400372
-74.0,55,4876.518631
54.4,66,4876.658122
270.5,71,4876.81108
296.2,54,4876.939102
-94.8,28,4876.998786
312.2,72,4877.152722
294.7,69,4880.29901
287.2,70,4880.447527
18.2,39,4880.530388
289.9,88,4880.708833
276.1,63,4880.840592
33.4,54,4880.947575
-33.9,31,4881.011941
272.2,64,4881.162352
327.2,68,4881.311301
7.4,48,4881.414033
292.2,53,4881.538027
281.6,79,4881.731707
37.3,56,4881.825874
-34.8,46,4881.903759
-114.8,46,4881.992632
268.9,92,4882.181268
319.7,60,4882.301085
287.9,71,4882.453377
7.1,49,4882.555207
15.8,39,4882.636882
47.6,73,4882.784718
108.1,70,4882.92606
19.2,73,4883.072094
-21.2,50,4883.181795
4.0,40,4883.264227
3.6,48,4883.365028
292.2,53,4883.469203
25.4,67,4883.59824
-45.3,51,4883.697613
317.2,62,4883.819567
319.2,61,4883.940986
322.2,65,4884.073573
291.3,74,4884.235427
46.6,71,4884.377848
-11.8,44,4884.466319
8.6,62,4887.187457
-31.5,64,4887.31974
312.2,59,4887.444462
297.1,73,4887.597739
20.7,68,4887.733904
-22.5,38,4887.811822
-38.4,45,4887.903341
79.4,78,4888.061731
307.2,65,4888.18574
297.2,72,4888.327621
71.3,56,4888.457019
292.2,55,4888.569453
-8.6,62,4888.695836
63.0,55,4888.807814
355.5,85,4888.990393
288.3,68,4889.135105
60.4,47,4889.236682
281.1,82,4889.431407
-51.0,54,4889.566973
-43.3,59,4889.679267
-61.6,33,4889.737518
20.9,49,4889.823901
297.3,77,4889.969823
325.7,73,4890.134537
-69.9,58,4890.260976
3.6,46,4890.364113
322.2,62,4890.498857
-8.1,58,4890.621579
309.2,53,4890.740157
19.3,90,4890.939105
13.6,31,4891.012727
-47.0,56,4891.13944
307.2,48,4891.245632
-6.6,88,4894.208825
-11.5,41,4894.303693
279.0,57,4894.42788
80.5,37,4894.506747
236.7,81,4894.679576
337.1,73,4894.832195
289.6,77,4894.989308
-11.9,35,4895.064731
-9.0,53,4895.170282
248.3,80,4895.331245
282.2,60,4895.447816
-72.5,29,4895.505622
306.5,67,4895.639784
-11.4,46,4895.737153
309.2,68,4895.870864
53.2,65,4895.997576
241.3,59,4896.114335
-55.3,55,4896.224757
69.4,58,4896.347904
302.2,59,4896.464337
56.6,71,4896.607835
-9.7,48,4896.702125
297.8,96,4896.908096
60.1,77,4897.064297
-57.8,41,4897.148443
292.2,66,4897.281333
72.4,69,4897.422782
-36.2,66,4897.552597
252.3,78,4897.695459
259.6,70,4897.821627
-80.1,27,4897.86916
19.3,68,4897.991474
9.7,66,4898.123772
266.4,81,4898.287067
44.2,68,4901.063425
-51.4,45,4901.163838
62.9,56,4901.289104
3.0,76,4901.45616
27.0,75,4901.614151
307.2,66,4901.723318
11.9,68,4901.839486
-7.3,39,4901.90645
-69.4,61,4902.04167
70.2,66,4902.174749
301.1,70,4902.321023
320.2,68,4902.457769
-33.0,20,4902.499496
-66.5,38,4902.574046
315.1,77,4902.732101
350.9,76,4902.897878
-127.3,42,4902.989297
-100.0,66,4903.13544
-40.7,50,4903.247354
-4.8,37,4903.332992
319.5,56,4903.456736
39.9,55,4903.580708
-51.4,33,4903.649173
302.2,67,4903.78646
46.9,36,4903.858769
-160.1,39,4903.94056
-58.6,55,4904.063942
-67.6,42,4904.153159
40.4,69,4904.294567
292.2,55,4904.407256
74.5,62,4904.540814
302.2,44,4904.63004
302.2,54,4904.734433
41.3,74,4904.887225
292.2,51,4904.989771
312.7,69,4905.14917
262.6,65,4908.038383
291.4,58,4908.164704
-33.4,60,4908.320911
77.7,68,4908.472054
352.2,80,4908.64025
-43.9,33,4908.709219
342.7,84,4908.884434
-16.4,21,4908.927965
287.3,45,4909.021969
-53.2,41,4909.111229
317.2,80,4909.297115
272.5,72,4909.45224
-50.2,66,4909.58906
-33.0,48,4909.671263
293.1,65,4909.780863
-22.5,57,4909.885041
55.4,33,4909.947783
31.2,59,4910.07317
302.3,68,4910.218538
-47.4,81,4910.405314
295.7,84,4910.580162
279.6,71,4910.727127
-43.2,32,4910.793243
66.9,92,4910.972528
11.6,56,4911.085014
11.1,52,4911.189348
-60.1,72,4911.337222
312.4,63,4911.464139
317.2,67,4911.599664
302.2,69,4911.737072
282.5,73,4911.885657
-64.9,74,4912.034235
288.6,62,4912.155539
-39.2,66,4914.915351
-33.9,95,4915.115058
-28.9,59,4915.239747
16.9,59,4915.375923
-38.8,64,4915.51436
-28.2,45,4915.606374
267.5,62,4915.739689
40.8,57,4915.868843
-2.8,46,4915.966093
330.7,69,4916.117159
60.2,73,4916.282947
-62.5,38,4916.366631
-36.6,44,4916.460837
25.0,64,4916.606909
39.7,48,4916.707122
101.0,67,4916.85065
34.3,44,4916.939349
307.2,62,4917.071035
-23.1,68,4917.207743
295.4,70,4917.355042
321.2,51,4917.460423
312.3,69,4917.609933
286.4,75,4917.819194
12.0,66,4917.935344
38.1,59,4918.055173
42.0,67,4918.188527
30.0,60,4918.312692
302.2,88,4918.504299
292.2,70,4918.652206
311.9,73,4918.822422
317.2,60,4918.946735
316.2,65,4919.088005
-84.2,64,4919.22429
-87.3,64,4922.389303
-37.3,40,4922.47405
302.2,53,4922.579131
322.2,51,4922.679508
275.5,80,4922.841592
13.1,73,4923.006102
2.6,52,4923.112229
-66.6,52,4923.214384
4.4,63,4923.343947
16.8,76,4923.497715
306.2,79,4923.651254
282.8,80,4923.81074
322.2,40,4923.893665
41.0,57,4924.013894
70.4,79,4924.171597
302.2,60,4924.287549
274.8,55,4924.399931
327.2,67,4924.535251
-17.2,79,4924.689094
60.9,59,4924.809736
-0.5,59,4924.93099
-4.7,78,4925.09892
302.2,70,4925.238047
3.5,52,4925.351545
67.3,70,4925.505075
301.2,67,4925.637254
322.2,51,4925.731319
43.2,75,4925.857361
31.8,64,4925.977509
25.0,52,4926.097049
41.9,44,4926.186886
35.4,60,4926.311181
13.3,53,4926.41881
-15.8,32,4929.121797
75.7,65,4929.262117
45.4,40,4929.344283
47.6,52,4929.451874
62.7,77,4929.602021
-69.2,22,4929.638935
50.4,43,4929.709998
300.5,80,4929.841208
357.2,71,4929.967391
302.2,62,4930.096211
55.7,41,4930.17766
-8.5,47,4930.293648
306.0,69,4930.498699
38.7,56,4930.612636
320.5,74,4930.764527
289.2,56,4930.873357
46.4,75,4931.031734
35.4,86,4931.20459
-52.5,38,4931.300277
16.1,66,4931.439754
307.2,71,4931.584742
58.4,57,4931.703691
296.2,65,4931.837396
52.7,57,4931.954592
44.0,83,4932.121004
-7.4,34,4932.188993
24.7,63,4932.315024
-36.8,46,4932.407552
-11.4,46,4932.50004
-61.0,46,4932.589121
317.2,50,4932.688584
-56.2,39,4932.768924
0.2,58,4932.885417
-14.9,39,4932.966072
-55.5,53,4933.073935
-0.5,71,4933.22249
44.4,82,4936.038424
-119.2,20,4936.080449
-49.7,39,4936.160058
34.4,57,4936.276522
291.2,66,4936.416607
297.7,53,4936.525265
-9.8,46,4936.623327
93.9,47,4936.720311
-111.3,65,4936.849751
-0.9,60,4936.968236
44.7,46,4937.057738
302.2,63,4937.187786
13.2,48,4937.300997
25.9,74,4937.47306
57.5,45,4937.57427
36.0,79,4937.730263
-11.4,41,4937.799586
327.2,66,4937.912085
-116.7,48,4938.012597
-2.0,54,4938.135217
257.3,46,4938.233759
298.2,58,4938.365871
89.6,57,4938.493285
59.1,91,4938.709533
-31.2,48,4938.821767
332.2,65,4938.961907
-17.5,49,4939.068619
-4.6,56,4939.190889
330.5,71,4939.357166
322.2,60,4939.487006
292.6,84,4939.674978
332.2,64,4939.816893
-71.5,40,4939.903028
-28.4,69,4940.055166
-25.3,59,4940.187123
-78.8,62,4942.996428
-45.3,60,4943.169563
267.1,65,4943.321824
328.7,58,4943.44601
-48.2,18,4943.485868
0.2,42,4943.570937
27.3,86,4943.754055
47.0,52,4943.881858
-20.3,58,4944.00453
2.6,85,4944.185283
297.9,78,4944.353677
61.1,61,4944.483498
332.2,52,4944.592759
-23.4,40,4944.680808
-69.5,23,4944.732046
342.0,74,4944.886215
19.4,37,4944.965558
16.3,40,4945.050884
289.8,72,4945.204175
309.3,87,4945.393595
368.7,89,4945.580945
21.3,51,4945.673024
60.4,55,4945.773942
-95.8,37,4945.837054
282.9,54,4945.932902
-22.8,34,4946.00027
317.2,64,4946.12675
292.2,92,4946.313795
-16.0,47,4946.413265
32.0,68,4946.554103
279.8,58,4946.679195
39.5,58,4946.801667
-68.5,52,4946.918708
56.9,48,4947.028168
44.1,61,4947.164703
45.4,46,4947.260317
45.4,48,4949.957269
65.8,55,4950.083231
-38.0,48,4950.178994
317.2,56,4950.298095
277.2,51,4950.403379
352.2,71,4950.555593
278.2,57,4950.672229
292.4,67,4950.826686
317.2,60,4950.959829
38.2,71,4951.124206
295.7,62,4951.250292
357.2,80,4951.414397
-109.8,63,4951.540413
33.4,38,4951.620403
313.9,64,4951.755771
52.3,65,4951.889306
282.2,55,4951.999176
275.3,84,4952.178351
351.2,49,4952.286169
14.0,49,4952.391739
8.9,62,4952.517371
41.7,78,4952.671527
37.3,80,4952.830386
332.2,57,4952.942104
-73.2,66,4953.078916
2.7,64,4953.205892
-6.1,39,4953.288957
-68.0,26,4953.351008
-30.8,40,4953.433873
-52.1,62,4953.566376
-13.6,56,4953.660995
42.4,59,4953.762722
-100.0,47,4953.844276
-6.0,70,4953.976799
277.2,62,4954.105109
-50.9,51,4957.020816
6.6,41,4957.10814
-11.4,30,4957.172903
44.9,60,4957.30208
297.2,62,4957.437112
24.2,44,4957.529893
342.5,77,4957.676958
45.4,55,4957.770318
251.2,58,4957.865649
51.1,80,4958.018858
297.1,84,4958.195992
272.2,68,4958.338299
41.1,57,4958.468531
-58.2,36,4958.540514
296.2,67,4958.679316
-24.1,51,4958.787647
6.6,58,4958.90905
287.2,49,4959.008793
322.2,81,4959.174928
19.7,65,4959.305373
324.5,72,4959.458583
322.2,58,4959.587893
-30.4,54,4959.698002
332.3,67,4959.834686
-27.6,54,4959.939668
45.4,48,4960.036489
322.2,82,4960.194883
53.9,41,4960.280722
297.7,69,4960.421608
15.5,54,4960.530513
248.4,67,4960.67713
49.3,57,4960.787427
-27.8,48,4960.884684
28.5,70,4961.024492
-68.6,65,4964.179388
-37.5,63,4964.308379
302.2,68,4964.448536
-119.4,32,4964.512793
58.9,93,4964.699326
-97.6,41,4964.805374
288.7,87,4964.991472
-44.9,27,4965.051344
47.4,50,4965.15865
294.0,70,4965.304988
300.6,78,4965.472497
300.2,59,4965.587592
-5.9,86,4965.739076
-57.0,63,4965.846601
11.2,71,4965.979881
322.2,69,4966.123873
49.4,59,4966.253235
-48.2,35,4966.325073
323.1,72,4966.479329
23.4,51,4966.591032
294.1,70,4966.734698
268.7,75,4966.89762
284.3,69,4967.034723
282.3,62,4967.16041
-100.0,83,4967.327017
-100.0,44,4967.418025
297.2,50,4967.51998
282.1,67,4967.652519
312.2,73,4967.796471
314.6,74,4967.960569
302.2,52,4968.067771
-53.2,39,4968.15196
-9.2,56,4968.264961
-46.7,25,4968.317513
10.6,56,4971.080728
14.3,64,4971.214726
-72.3,14,4971.248056
35.1,58,4971.369785
-19.3,67,4971.507414
-99.5,54,4971.617969
-51.0,30,4971.683281
60.0,61,4971.809365
17.3,84,4971.989831
307.6,79,4972.164581
2.0,81,4972.31818
327.2,57,4972.43369
45.1,48,4972.53231
279.2,72,4972.676349
14.7,51,4972.776601
-30.8,61,4972.899565
53.5,65,4973.033137
18.7,53,4973.156641
282.3,73,4973.298894
-8.8,62,4973.433846
42.7,46,4973.526446
43.1,71,4973.658161
-24.8,58,4973.755665
11.1,72,4973.872791
11.0,65,4973.990949
312.2,54,4974.104239
8.0,43,4974.191857
332.2,62,4974.319081
60.1,69,4974.456855
65.4,67,4974.589277
13.4,73,4974.736145
-115.8,10,4974.759472
49.9,83,4974.924607
14.2,21,4974.966057
304.1,68,4975.099517
11.6,65,4977.948872
-29.9,73,4978.096274
-4.0,43,4978.181884
272.2,58,4978.300303
275.1,51,4978.406008
267.5,71,4978.550924
351.7,108,4978.767164
38.7,71,4978.909728
-17.6,68,4979.04191
281.0,56,4979.152196
273.7,45,4979.243797
311.2,69,4979.388674
322.2,51,4979.499353
52.2,54,4979.610387
91.0,55,4979.722852
265.0,64,4979.852795
292.2,54,4979.958004
4.3,32,4980.022488
30.5,49,4980.120459
33.6,50,4980.22178
9.8,61,4980.349539
21.4,74,4980.54528
-32.9,37,4980.622134
42.3,74,4980.774212
-23.9,50,4980.874753
28.7,54,4980.989614
302.2,51,4981.097101
-20.9,63,4981.225749
13.6,54,4981.335808
280.7,51,4981.445707
-28.8,87,4981.634446
-12.7,54,4981.730088
44.7,61,4981.832349
-53.4,68,4981.950071
7.2,47,4982.052154
304.8,75,4984.954203
-58.8,63,4985.079658
-29.6,47,4985.173463
291.2,64,4985.30423
-53.2,30,4985.367663
-42.8,62,4985.495612
-30.6,75,4985.643583
97.4,67,4985.772433
-6.1,37,4985.835313
-13.5,48,4985.916398
296.0,49,4986.011556
302.2,49,4986.107912
-1.8,58,4986.223227
340.0,82,4986.396355
-110.1,54,4986.503517
35.5,57,4986.619909
272.3,56,4986.732178
317.2,59,4986.852587
299.2,47,4986.946115
4.2,64,4987.075664
7.2,61,4987.195593
-6.4,84,4987.361502
29.9,74,4987.513266
63.9,71,4987.658101
-58.4,37,4987.737861
295.8,76,4987.898974
-50.6,49,4988.000834
68.4,73,4988.153625
31.4,58,4988.272876
297.3,59,4988.396205
-3.1,46,4988.492532
331.9,78,4988.655611
287.0,74,4988.821908
48.1,61,4988.945163
57.9,77,4991.685078
67.8,67,4991.819661
288.7,65,4991.957173
302.2,53,4992.06551
282.2,64,4992.201035
346.0,88,4992.372722
-111.2,49,4992.473613
30.8,64,4992.601227
-69.1,27,4992.656248
-9.3,60,4992.776508
-71.8,71,4992.915342
304.2,78,4993.089015
307.2,56,4993.202133
-23.1,52,4993.306249
-110.0,48,4993.412672
33.2,74,4993.560719
39.7,79,4993.694798
-30.7,66,4993.803264
62.5,89,4993.959073
30.4,37,4994.051646
45.4,66,4994.185843
289.9,72,4994.334203
27.1,72,4994.479722
33.1,67,4994.614035
100.4,58,4994.732546
-67.1,37,4994.809173
-93.1,30,4994.873104
294.9,63,4994.996683
269.6,67,4995.131094
22.4,74,4995.288458
-44.7,67,4995.436941
277.2,75,4995.602828
-9.4,69,4998.515593
287.2,76,4998.662505
307.3,61,4998.786545
-39.9,60,4998.902587
263.9,49,4998.997778
29.0,77,4999.151115
292.2,45,4999.24505
67.9,75,4999.40565
291.2,59,4999.532669
-67.4,44,4999.629513
292.2,60,4999.754338
4.5,47,4999.852493
251.9,72,5000.004089
-11.4,40,5000.086321
57.4,51,5000.194516
-88.2,32,5000.268213
-24.8,38,5000.349019
307.2,50,5000.451916
290.7,74,5000.609767
280.2,66,5000.752454
14.6,32,5000.82072
-136.9,62,5000.951366
316.0,62,5001.076785
-11.7,75,5001.239155
237.5,64,5001.389575
297.6,73,5001.547748
13.6,76,5001.686148
-57.2,46,5001.764093
-40.4,37,5001.827058
58.6,50,5001.91393
326.2,62,5002.036431
332.2,56,5002.154922
-14.1,46,5002.250891
287.2,62,5002.396447
65.4,55,5002.514103
293.6,77,5002.6656
302.2,60,5005.81158
-73.6,26,5005.85612
275.3,86,5006.021738
96.8,63,5006.166098
278.1,58,5006.30817
28.4,80,5006.487572
-102.3,77,5006.689231
40.3,79,5006.865398
45.4,50,5006.989835
307.9,53,5007.106531
302.2,63,5007.244814
63.4,60,5007.366561
307.2,70,5007.509047
292.2,75,5007.673959
12.5,59,5007.796984
108.5,65,5007.924998
301.2,69,5008.064127
3.2,47,5008.163105
-11.6,53,5008.274334
64.4,55,5008.3859
-53.0,57,5008.506167
1.9,60,5008.630452
25.7,85,5008.806297
-14.9,37,5008.883917
307.2,71,5009.023343
8.9,57,5009.13589
300.2,46,5009.23087
5.7,53,5009.336806
23.6,54,5009.487824
75.4,58,5009.629614
307.2,75,5009.773521
30.4,68,5009.885338
287.3,65,5010.004851
297.3,66,5012.689186
-49.0,32,5012.75684
-21.8,53,5012.877974
1.2,43,5012.968934
74.1,81,5013.137178
-16.5,49,5013.236319
14.3,79,5013.406757
273.5,77,5013.568715
287.7,68,5013.69264
46.5,60,5013.800399
13.6,44,5013.887223
3.8,51,5013.985995
-76.8,42,5014.075598
11.1,59,5014.207983
62.2,59,5014.332505
48.7,63,5014.46805
-14.5,87,5014.643802
292.2,57,5014.759462
-2.8,55,5014.87547
62.5,69,5015.04068
56.3,50,5015.143723
-38.6,53,5015.259076
297.7,74,5015.42533
-15.2,54,5015.542603
-7.3,66,5015.68884
333.1,83,5015.863841
-36.9,75,5016.020688
32.2,53,5016.131788
287.2,67,5016.277369
46.1,55,5016.392078
-40.2,31,5016.46238
-3.1,45,5016.55972
8.5,45,5016.654143
97.2,89,5016.836966
25.2,54,5019.920017
4.7,66,5020.065725
-30.2,52,5020.180676
3.9,75,5020.344623
-43.9,46,5020.449384
-23.2,38,5020.53622
-12.9,50,5020.648811
-50.0,48,5020.758453
331.9,57,5020.892324
31.5,59,5021.023139
293.1,67,5021.179972
27.4,66,5021.337961
307.2,58,5021.474271
301.2,66,5021.619537
277.5,61,5021.729641
53.8,66,5021.844102
-20.0,43,5021.9213
40.4,51,5022.032841
292.0,54,5022.14276
272.6,76,5022.323017
283.1,70,5022.471964
-10.1,48,5022.574834
-63.1,54,5022.690302
-61.8,45,5022.786659
322.2,64,5022.931955
-57.3,34,5023.035948
252.2,73,5023.204262
-39.1,31,5023.26853
55.4,42,5023.371863
297.2,58,5023.489269
-123.9,45,5023.581086
71.7,75,5023.732463
322.2,54,5023.83819
299.2,55,5023.949311
345.2,64,5024.079098
286.9,69,5024.213167
294.2,56,5026.904036
12.2,60,5027.02147
15.6,42,5027.111271
60.9,86,5027.308599
5.8,58,5027.454725
307.2,59,5027.630513
5.2,54,5027.771861
78.1,57,5027.916157
302.2,47,5028.025375
-45.6,28,5028.096377
307.2,49,5028.214163
-8.2,42,5028.313176
-14.9,68,5028.465589
317.2,60,5028.594681
-38.9,57,5028.734584
301.2,60,5028.870753
-44.2,50,5028.977852
44.5,54,5029.10265
277.4,56,5029.234892
292.2,49,5029.342475
38.6,79,5029.528278
-57.5,59,5029.651466
317.2,65,5029.779931
44.8,44,5029.857521
272.5,51,5029.950914
-43.2,45,5030.050984
-68.3,51,5030.158281
287.2,58,5030.283845
-17.3,41,5030.369851
-6.4,39,5030.452301
317.1,67,5030.588605
-12.0,65,5030.737275
69.0,69,5030.877521
69.4,70,5031.023207
15.5,68,5031.16973
285.1,86,5031.371415
20.5,50,5031.495095
252.5,66,5034.541498
45.4,53,5034.65313
31.2,68,5034.800756
359.7,58,5034.927231
69.7,60,5035.049623
-56.9,35,5035.122396
-24.2,72,5035.274069
302.0,71,5035.417041
276.3,86,5035.63561
-53.1,53,5035.774225
287.2,57,5035.893312
-86.9,64,5036.030997
278.2,70,5036.171111
-121.3,52,5036.281431
-32.0,37,5036.357548
-119.0,36,5036.434108
329.8,46,5036.524658
332.2,59,5036.648399
268.5,77,5036.802149
17.8,49,5036.901766
297.2,60,5037.020336
10.7,52,5037.126246
-45.5,55,5037.239746
-15.7,36,5037.313346
323.4,62,5037.440223
70.0,60,5037.558406
317.2,53,5037.652411
301.0,57,5037.748704
65.2,53,5037.835342
46.8,53,5037.922593
-32.3,56,5038.050292
63.4,56,5038.167601
6.6,55,5038.273181
56.3,50,5038.381567
50.1,52,5038.489594
306.2,63,5038.615268
332.2,68,5041.409621
-14.3,44,5041.504466
302.3,67,5041.62796
2.1,47,5041.716435
45.4,51,5041.802593
-48.7,43,5041.875145
-1.3,62,5041.990172
-96.6,39,5042.066755
272.5,44,5042.161783
273.9,69,5042.30152
-9.3,59,5042.422388
-7.6,69,5042.562459
311.0,61,5042.682239
44.1,53,5042.787242
322.2,61,5042.909022
23.6,54,5043.020555
337.2,71,5043.16853
-38.1,60,5043.357379
-39.2,40,5043.609588
68.5,62,5043.801773
-77.8,46,5043.892953
287.2,54,5044.000976
47.5,68,5044.147748
-22.8,41,5044.239738
278.1,72,5044.400963
292.6,63,5044.540799
-36.4,71,5044.696629
331.2,52,5044.805495
24.8,58,5044.930728
287.2,58,5045.054718
-100.0,62,5045.187914
66.9,71,5045.338879
36.5,64,5045.48052
316.0,69,5045.618324
297.2,51,5045.713298
-58.2,32,5048.372729
271.5,74,5048.547011
45.4,48,5048.648068
347.2,66,5048.794861
300.2,52,5048.957072
-30.9,56,5049.083828
32.6,50,5049.18381
-72.8,68,5049.316152
-15.7,53,5049.430462
287.2,52,5049.532462
277.2,55,5049.634205
254.0,119,5049.83702
60.8,63,5049.942077
34.8,87,5050.117054
-46.8,41,5050.197167
63.6,65,5050.326352
290.0,87,5050.508553
27.5,53,5050.61513
43.3,69,5050.758113
20.6,41,5050.840658
98.3,69,5050.979473
307.2,65,5051.103879
342.2,71,5051.243265
267.5,62,5051.362237
239.2,65,5051.5003
37.3,73,5051.658651
-79.7,57,5051.771791
75.4,41,5051.854764
267.2,58,5051.969977
302.2,64,5052.100981
268.0,57,5052.216024
-114.1,46,5052.307183
9.4,53,5052.414308
313.2,74,5055.236212
337.2,58,5055.384469
31.1,56,5055.518834
273.9,74,5055.66974
277.2,56,5055.808095
-20.7,70,5055.986667
20.7,55,5056.154085
307.7,74,5056.362753
56.1,52,5056.49907
-58.0,56,5056.623732
287.2,53,5056.730444
-22.1,78,5056.90137
-58.2,46,5056.994691
279.4,76,5057.147433
31.5,66,5057.283215
-107.1,39,5057.363565
55.1,75,5057.531303
53.3,50,5057.619715
34.8,46,5057.710255
-53.2,21,5057.75217
-5.7,44,5057.825623
289.8,70,5057.943957
287.2,58,5058.056926
302.2,77,5058.211227
34.5,46,5058.303418
287.2,55,5058.411128
312.2,60,5058.536966
44.7,70,5058.682701
-16.8,62,5058.813193
-3.9,40,5058.900621
-11.5,44,5058.989504
60.6,58,5059.105325
310.7,86,5059.2743
18.5,84,5059.441866
75.9,77,5059.593726
-42.7,46,5062.449927
297.2,58,5062.563398
-0.6,78,5062.720508
280.0,80,5062.873361
-22.5,63,5063.003076
8.7,48,5063.10802
317.2,62,5063.231691
49.2,39,5063.30786
9.6,42,5063.394202
25.4,52,5063.50328
57.2,73,5063.649083
335.2,69,5063.783628
312.2,67,5063.915822
7.4,42,5063.99604
-10.7,65,5064.135634
36.2,79,5064.289521
-48.2,22,5064.332895
306.2,73,5064.482343
331.2,53,5064.589435
23.8,60,5064.71071
20.7,49,5064.808932
45.4,63,5064.934503
-0.2,59,5065.054457
35.7,48,5065.157222
-58.2,31,5065.231625
302.1,79,5065.392589
20.8,68,5065.533273
17.8,39,5065.605868
307.2,65,5065.722523
-1.3,69,5065.837143
-116.3,16,5065.866306
39.6,57,5065.968737
6.6,59,5066.088183
43.3,48,5066.183576
50.9,81,5066.346672
-113.8,46,5066.444066
312.2,65,5069.254618
-47.8,34,5069.33325
27.6,63,5069.487831
-31.5,48,5069.588896
311.2,80,5069.732751
4.0,62,5069.835792
7.4,36,5069.900774
48.6,69,5070.048568
302.2,70,5070.201135
-1.4,39,5070.282213
-71.5,25,5070.338156
69.2,45,5070.43965
-40.1,51,5070.549798
-16.4,63,5070.684998
56.4,67,5070.826317
372.2,65,5070.97425
-16.4,66,5071.122522
-111.5,22,5071.173722
61.4,50,5071.290779
293.3,86,5071.481995
-56.9,78,5071.650697
-5.7,42,5071.740872
95.6,64,5071.879324
-16.6,41,5071.968936
-43.2,83,5072.150652
-44.5,32,5072.218845
271.8,64,5072.354012
332.2,56,5072.485918
48.6,44,5072.583311
279.2,73,5072.745916
18.6,40,5072.839582
295.7,56,5072.968171
32.1,59,5073.100966
321.3,58,5073.224581
-11.4,30,5073.292378
322.2,60,5073.427034
337.2,71,5076.241915
-96.7,18,5076.284024
286.1,65,5076.420306
-57.5,63,5076.557018
91.9,81,5076.744172
301.2,97,5076.953654
-26.6,57,5077.073346
268.7,77,5077.238681
309.6,80,5077.405189
70.4,54,5077.527283
-57.3,45,5077.611838
-24.5,50,5077.712149
314.7,93,5077.880232
-12.4,58,5077.989894
74.0,64,5078.127633
-1.4,37,5078.205223
-100.6,66,5078.343153
51.7,58,5078.463641
287.6,61,5078.578991
66.1,53,5078.683574
-16.3,56,5078.798039
303.9,67,5078.9337
300.6,77,5079.083855
297.2,84,5079.249559
346.0,64,5079.373044
291.2,63,5079.503911
292.2,48,5079.599309
277.2,56,5079.708068
292.1,72,5079.860797
-51.6,68,5079.999295
-40.2,45,5080.086661
-60.8,45,5080.174402
-14.8,45,5080.264736
254.2,63,5080.385296
40.8,73,5083.105539
47.2,65,5083.235073
282.1,91,5083.416856
20.0,69,5083.559739
38.7,73,5083.720172
-59.2,49,5083.821888
20.1,87,5084.01591
312.2,60,5084.139802
30.4,79,5084.307918
-27.1,58,5084.43517
310.8,91,5084.624327
-6.7,62,5084.751402
308.1,71,5084.903234
305.7,53,5085.025999
307.2,67,5085.159348
29.3,82,5085.319344
66.4,65,5085.466769
-40.0,34,5085.538152
-23.4,51,5085.642641
342.2,57,5085.745276
-96.0,51,5085.839722
-9.3,49,5085.929759
321.2,57,5086.087224
-43.2,22,5086.138972
290.8,66,5086.352958
26.5,88,5086.742089
282.2,61,5086.981285
-44.0,52,5087.09096
-100.8,24,5087.14187
-118.3,16,5087.17809
266.9,72,5087.330146
37.0,77,5087.493268
51.0,73,5087.648264
291.7,72,5090.467061
7.1,64,5090.601636
-8.9,64,5090.723784
-10.5,41,5090.807585
287.2,56,5090.921016
239.8,55,5091.035811
286.2,58,5091.154089
284.2,70,5091.300568
289.2,82,5091.492994
282.5,57,5091.657585
-32.3,35,5091.734704
17.4,73,5091.917725
-18.7,79,5092.100714
40.4,41,5092.193011
-66.5,25,5092.255202
263.7,56,5092.418855
-31.6,88,5092.642516
49.9,53,5092.766597
20.5,47,5092.888367
262.8,60,5093.03809
301.0,49,5093.163336
60.7,44,5093.271759
-15.6,41,5093.400585
307.2,60,5093.54261
12.9,65,5093.690271
315.2,82,5093.856592
24.0,55,5093.953841
32.4,53,5094.06685
-12.6,50,5094.172871
-1.7,53,5094.285644
77.3,68,5094.440252
320.7,64,5094.582474
273.9,70,5094.725053
-86.8,48,5094.82512
74.8,75,5094.981749
-46.6,42,5097.876335
20.4,59,5097.986268
-6.4,60,5098.110882
80.7,64,5098.23769
274.2,95,5098.426355
-70.7,44,5098.517047
-66.6,61,5098.648365
297.6,60,5098.777858
-20.1,84,5098.948675
-5.0,69,5099.086915
-5.3,59,5099.204348
272.7,78,5099.357364
-77.1,50,5099.457973
292.2,68,5099.592073
287.2,52,5099.694652
50.5,52,5099.801394
-138.5,16,5099.836914
47.1,66,5099.967135
284.2,69,5100.100529
31.2,83,5100.261251
257.0,61,5100.381539
289.2,93,5100.572304
292.3,51,5100.685644
255.4,55,5100.807714
-37.8,51,5100.91621
59.5,75,5101.080094
-29.3,60,5101.206613
-17.0,49,5101.316364
-2.0,78,5101.488762
31.0,48,5101.587512
-74.7,23,5101.635185
284.9,88,5101.802488
302.2,68,5101.915417
297.2,49,5104.649569
323.6,69,5104.790417
-71.4,44,5104.888354
32.4,67,5105.023109
269.4,64,5105.154301
-53.5,75,5105.30234
-5.5,86,5105.476567
-53.7,40,5105.554743
322.2,77,5105.690562
-22.6,64,5105.797364
38.2,68,5105.920989
-52.8,31,5105.983648
321.2,55,5106.094383
317.2,77,5106.255082
312.2,54,5106.367097
89.2,55,5106.479203
-94.2,40,5106.560433
11.0,67,5106.698929
23.3,61,5106.819908
271.9,76,5107.000983
275.6,95,5107.254103
45.4,47,5107.346242
-57.0,33,5107.411828
0.3,47,5107.508394
16.5,46,5107.603011
-45.8,44,5107.693029
300.0,59,5107.815833
313.6,81,5107.975729
35.4,60,5108.093611
308.8,61,5108.218634
19.8,66,5108.350471
327.2,72,5108.492694
26.6,68,5108.627195
288.9,57,5108.739955
-58.2,23,5108.789964
67.4,78,5111.640917
-37.5,43,5111.728166
-56.4,50,5111.833431
274.8,68,5111.969766
322.2,64,5112.103046
8.9,36,5112.175661
298.5,74,5112.32232
13.3,67,5112.457801
311.7,57,5112.571885
66.4,80,5112.730909
295.8,75,5112.884277
-56.5,26,5112.940369
-49.2,64,5113.0749
49.6,44,5113.170043
-16.5,48,5113.277046
307.2,50,5113.37953
5.3,33,5113.455015
297.2,69,5113.591318
302.5,65,5113.705592
37.3,58,5113.804733
291.1,65,5113.91423
336.0,67,5114.041222
35.5,63,5114.166767
33.5,82,5114.340319
42.1,47,5114.436025
267.5,71,5114.584228
35.8,61,5114.704833
-37.5,57,5114.822593
43.5,55,5114.936702
-3.4,66,5115.072691
25.4,60,5115.191447
-16.5,55,5115.306297
288.7,71,5115.473913
276.1,68,5115.611901
35.7,80,5118.521638
-22.7,44,5118.611317
308.1,78,5118.770247
-58.2,52,5118.871098
282.9,61,5118.989376
267.4,89,5119.160078
327.2,65,5119.285165
243.8,67,5119.415364
276.8,68,5119.559894
282.2,45,5119.660141
75.4,41,5119.748719
76.1,70,5119.888887
27.3,73,5120.027347
271.2,54,5120.131444
36.5,54,5120.238284
38.2,74,5120.381938
262.6,76,5120.530134
-80.0,70,5120.667048
282.2,67,5120.800331
73.2,60,5120.920994
312.2,53,5121.024659
-51.0,67,5121.157719
-12.2,52,5121.26361
-55.3,76,5121.413051
-69.0,32,5121.481938
279.0,71,5121.616668
305.5,72,5121.745085
3.3,60,5121.844354
-76.5,42,5121.91685
-62.4,28,5121.972374
307.2,50,5122.070737
7.6,48,5122.167591
312.2,62,5122.289212
-28.2,42,5122.375077
-1.3,73,5125.213962
262.3,90,5125.401466
-15.1,43,5125.501444
35.0,50,5125.605725
-40.4,50,5125.692739
82.0,63,5125.812532
307.2,72,5125.93609
261.4,70,5126.085503
272.2,46,5126.179538
-46.5,69,5126.332169
-30.3,38,5126.413831
-72.0,75,5126.575937
302.2,59,5126.700327
3.6,39,5126.780879
316.0,58,5126.911221
-103.8,54,5127.022299
301.2,57,5127.135138
43.7,57,5127.252017
265.9,61,5127.379356
-61.0,64,5127.51507
301.2,45,5127.60521
86.3,81,5127.864671
-49.1,31,5128.159367
292.2,73,5128.450776
292.4,74,5128.615259
312.9,76,5128.769845
-24.3,55,5128.881815
3.7,69,5129.020858
-5.5,66,5129.154975
-86.9,57,5129.268203
302.2,45,5129.357274
292.2,63,5129.491401
327.2,63,5129.6095
-26.2,61,5129.709912
302.2,69,5132.533806
6.1,56,5132.655116
43.6,70,5132.809604
287.2,51,5132.919417
-126.8,38,5133.003575
305.7,62,5133.135076
-16.8,58,5133.258709
-2.0,49,5133.368232
292.2,47,5133.475212
-49.6,27,5133.536669
50.4,55,5133.648546
315.1,78,5133.78535
-34.2,43,5133.858357
306.2,59,5133.964968
-5.0,63,5134.09959
304.7,47,5134.200242
17.9,31,5134.273751
-2.2,48,5134.371668
11.2,40,5134.451017
-17.3,41,5134.537305
-57.9,43,5134.624676
352.2,61,5134.745332
-61.8,62,5134.869336
21.7,55,5134.982167
292.2,59,5135.10278
-16.0,40,5135.186967
285.6,64,5135.330282
-13.9,52,5135.436279
272.1,82,5135.604073
277.2,44,5135.690538
-8.6,65,5135.825312
286.9,69,5135.969981
50.4,46,5136.065542
4.7,71,5136.205846
18.0,68,5136.362347
-28.0,65,5136.506062
40.4,65,5136.643447
315.2,62,5139.343155
-42.5,49,5139.495375
-26.0,73,5139.642775
31.7,68,5139.782013
0.8,58,5139.896197
-31.4,66,5140.03331
-46.5,38,5140.10979
-103.6,32,5140.175981
285.7,66,5140.312739
28.7,65,5140.443788
-4.7,45,5140.55442
310.7,86,5140.722893
-33.2,55,5140.827203
331.6,77,5140.981801
13.8,48,5141.077399
-25.5,48,5141.175174
320.2,73,5141.325529
307.3,68,5141.465985
10.8,78,5141.618736
292.2,58,5141.719316
292.2,69,5141.836068
27.3,60,5141.936971
289.6,60,5142.059876
302.2,60,5142.177193
337.2,66,5142.308212
93.0,70,5142.446141
-59.1,50,5142.55533
280.8,65,5142.689757
-94.7,39,5142.772809
27.5,50,5142.873353
6.9,62,5143.002625
307.9,69,5143.139749
294.2,72,5143.280559
-43.6,45,5143.370732
28.3,66,5146.127736
-63.4,71,5146.278611
296.5,108,5146.503003
33.1,67,5146.636457
42.4,71,5146.784995
22.5,52,5146.888695
45.4,40,5146.971135
54.4,78,5147.129507
234.8,68,5147.270278
282.2,56,5147.382272
19.4,45,5147.472528
48.9,43,5147.559978
-28.8,43,5147.646714
28.5,81,5147.826466
87.3,67,5147.974605
-20.8,53,5148.088663
-78.8,73,5148.253211
-2.8,66,5148.397305
27.2,67,5148.548462
305.7,65,5148.686795
301.0,80,5148.870682
30.4,27,5148.934408
8.2,68,5149.074169
274.0,68,5149.217508
37.4,49,5149.348122
-6.5,57,5149.531365
-124.1,25,5149.581306
-30.2,60,5149.691036
10.2,50,5149.783272
5.1,42,5149.854906
304.2,67,5149.97523
-13.2,64,5150.098353
-30.9,77,5150.253266
287.2,47,5150.3456
46.5,70,5153.493681
24.1,62,5153.622397
317.2,65,5153.747524
39.9,60,5153.853038
308.6,81,5154.010592
268.4,69,5154.165205
-24.6,66,5154.305695
28.8,56,5154.426991
302.2,69,5154.583644
-43.7,29,5154.648624
35.4,40,5154.73684
254.9,57,5154.857123
298.0,73,5155.010854
332.4,72,5155.177231
300.7,78,5155.357435
-50.2,25,5155.416898
110.9,82,5155.602902
-26.3,41,5155.743228
281.2,73,5155.916589
302.2,72,5156.062279
55.4,73,5156.226099
182.8,96,5156.425009
275.3,72,5156.570078
-68.1,66,5156.700613
308.1,88,5156.876352
335.7,55,5156.986735
67.6,75,5157.136708
278.1,75,5157.304403
13.8,51,5157.408747
-77.1,40,5157.499167
286.0,64,5157.616116
289.3,93,5160.585655
75.4,58,5160.707976
22.1,92,5160.90439
-19.2,80,5161.074893
-63.4,47,5161.172848
297.2,59,5161.302857
338.8,71,5161.46316
290.8,88,5161.642985
-29.7,25,5161.686266
359.8,63,5161.812619
329.7,54,5161.909551
73.9,63,5162.041812
291.2,60,5162.170532
2.2,68,5162.312565
275.4,65,5162.450095
34.8,67,5162.643398
26.1,45,5162.783895
-65.1,62,5162.936738
37.1,56,5163.055465
45.4,42,5163.140875
89.4,62,5163.27183
49.0,73,5163.420377
-11.0,83,5163.596646
300.5,87,5163.776908
308.6,114,5164.008679
-52.0,31,5164.0728
289.2,70,5164.215029
299.7,51,5164.318635
298.8,61,5164.441241
3.6,38,5164.524868
294.2,65,5164.669373
-111.1,44,5164.758917
52.3,64,5164.890131
-115.4,13,5167.539492
-1.9,44,5167.62894
59.3,47,5167.733012
47.2,59,5167.853879
42.1,58,5167.972471
-54.2,40,5168.054291
277.2,56,5168.167134
79.5,76,5168.318779
312.2,53,5168.425017
312.2,47,5168.52443
30.7,59,5168.645314
50.1,69,5168.80192
-2.5,70,5168.941447
-48.2,54,5169.04881
38.4,65,5169.175245
312.2,62,5169.303233
41.3,63,5169.42837
14.3,60,5169.594712
326.6,57,5169.759523
291.0,63,5170.056455
322.2,68,5170.266063
30.6,61,5170.38087
66.5,68,5170.517191
-21.8,58,5170.634002
-35.7,42,5170.719006
-58.2,21,5170.762361
305.2,63,5170.887922
-11.6,53,5170.994867
-63.9,37,5171.070159
60.8,69,5171.207857
47.9,83,5171.380394
37.6,72,5171.527622
322.2,53,5171.633391
45.0,66,5171.762956
-46.1,47,5171.856431
13.7,64,5172.000735
-20.1,55,5174.656252
55.5,78,5174.824064
-100.0,53,5174.935638
48.9,45,5175.033826
292.2,59,5175.158314
39.4,73,5175.32075
302.2,60,5175.443278
-6.6,63,5175.583927
24.9,57,5175.703876
-63.0,57,5175.820974
-53.1,64,5175.955436
28.4,54,5176.072128
-24.0,43,5176.171577
-36.3,54,5176.28179
-2.7,45,5176.37398
-100.0,52,5176.486063
286.3,81,5176.654083
57.1,62,5176.779361
302.2,49,5176.876552
67.7,86,5177.056457
4.6,79,5177.226132
277.2,69,5177.364246
327.7,69,5177.507359
282.9,71,5177.638941
285.9,79,5177.777401
5.0,53,5177.866907
7.9,37,5177.931354
29.7,53,5178.038731
-86.9,33,5178.108546
53.1,70,5178.267794
300.4,56,5178.376784
257.3,39,5178.455881
-67.6,40,5178.538655
88.3,58,5178.657269
-90.0,62,5178.781454
-0.7,52,5181.636461
-13.7,51,5181.729032
-22.4,40,5181.79954
-7.4,41,5181.867752
306.0,66,5181.984783
272.2,69,5182.122146
-23.7,69,5182.256655
278.7,67,5182.408901
48.4,55,5182.523407
11.8,93,5182.714426
329.2,58,5182.830786
-40.6,53,5182.935939
287.2,57,5183.044238
302.2,57,5183.156411
258.9,59,5183.272246
-32.4,47,5183.36414
332.2,57,5183.477178
-88.6,73,5183.625865
42.0,72,5183.767624
-6.4,55,5183.87433
-10.0,35,5183.944328
319.2,69,5184.088202
290.7,55,5184.199994
52.4,65,5184.327446
299.2,74,5184.480944
-14.6,80,5184.640336
291.2,55,5184.753275
-28.6,40,5184.833505
-22.5,49,5184.929163
286.2,73,5185.071192
345.7,81,5185.225026
297.2,64,5185.349624
-69.6,42,5185.434083
-37.8,34,5185.523207
13.2,59,5188.25473
31.6,73,5188.406261
-15.1,41,5188.498046
302.2,65,5188.646019
-78.1,66,5188.786463
-103.4,39,5188.869812
28.8,57,5188.992444
-54.2,62,5189.126405
35.3,68,5189.275397
-9.5,51,5189.383768
-5.7,80,5189.558115
19.5,84,5189.722942
56.2,76,5189.856255
285.7,59,5189.966502
57.0,85,5190.148191
262.5,48,5190.247733
280.8,78,5190.409299
17.0,57,5190.533579
311.2,82,5190.705655
52.7,48,5190.816589
18.3,51,5190.924065
-59.4,58,5191.044349
-5.0,55,5191.164677
-80.0,61,5191.290082
52.9,66,5191.427008
265.1,72,5191.574146
46.8,89,5191.754375
-100.6,64,5191.888142
292.9,51,5191.992623
-6.6,66,5192.156256
-44.5,52,5192.312682
47.8,52,5192.416052
2.3,53,5192.524862
279.2,50,5195.253894
-6.4,42,5195.33872
-42.5,40,5195.419159
65.4,59,5195.540618
-43.8,54,5195.653313
22.4,60,5195.776197
5.5,73,5195.92396
8.1,81,5196.087373
284.5,49,5196.185879
88.0,58,5196.310156
320.2,63,5196.440747
20.0,51,5196.54589
-44.4,34,5196.620373
10.8,57,5196.740198
40.4,50,5196.838941
-68.0,69,5196.986325
277.8,51,5197.089769
272.3,62,5197.218261
280.2,55,5197.329397
-20.1,62,5197.455843
285.7,44,5197.55039
297.2,41,5197.631254
-166.4,49,5197.725549
30.8,64,5197.841599
319.2,83,5197.993155
-44.5,43,5198.093433
69.8,55,5198.207919
17.0,56,5198.320797
61.9,58,5198.438971
14.3,60,5198.565619
258.5,75,5198.725698
48.2,66,5198.873229
-97.3,64,5199.006821
-68.9,40,5199.098043
259.9,52,5199.208752
-4.9,76,5199.362076
1.5,51,5202.061989
-36.4,34,5202.135328
7.3,53,5202.268005
-11.4,37,5202.347178
38.1,64,5202.490231
277.2,55,5202.62176
-71.1,63,5202.759311
-41.8,55,5202.88257
317.2,67,5203.039994
-99.3,48,5203.138068
40.7,58,5203.276666
267.5,64,5203.420158
41.1,68,5203.562262
22.8,70,5203.710276
297.2,71,5203.8581
40.1,65,5203.990953
-2.9,61,5204.118327
8.6,64,5204.251685
45.5,60,5204.376712
305.7,56,5204.491532
-6.3,64,5204.626417
-26.2,36,5204.701817
273.7,76,5204.854962
71.0,55,5204.967635
53.7,52,5205.071028
-11.9,59,5205.18778
26.3,59,5205.311508
40.4,62,5205.471418
-25.5,39,5205.597319
256.1,84,5205.746394
357.2,61,5205.849059
-54.2,22,5205.887671
302.2,59,5205.996096
28.0,65,5206.134827
309.2,51,5206.237396
48.9,59,5206.370755
291.3,72,5209.157749
312.2,54,5209.265886
-43.4,46,5209.355968
-100.3,73,5209.50899
316.2,68,5209.642019
304.2,78,5209.774251
-62.8,70,5209.894125
29.1,60,5210.006546
-54.4,26,5210.062268
27.6,75,5210.218201
32.6,64,5210.345034
47.9,60,5210.465651
16.7,46,5210.574345
284.8,58,5210.693309
291.2,55,5210.805494
294.7,55,5210.913971
-1.0,63,5211.043611
347.2,66,5211.176928
287.6,64,5211.377581
-2.0,50,5211.536224
28.7,73,5211.81234
85.2,44,5211.917135
327.2,66,5212.054473
52.8,65,5212.188138
-64.5,51,5212.292292
307.2,44,5212.38432
56.3,86,5212.562652
291.2,56,5212.676371
73.8,45,5212.770598
296.0,52,5212.876032
58.8,64,5213.009183
308.7,54,5213.119618
316.0,57,5213.238788
326.2,69,5213.377681
-57.5,33,5216.103365
-25.8,63,5216.241028
301.0,56,5216.36078
-15.4,41,5216.449516
-37.8,42,5216.543506
304.1,62,5216.68168
277.2,46,5216.778893
73.9,60,5216.905137
17.3,66,5217.04035
-66.4,46,5217.132673
49.5,75,5217.284138
74.6,72,5217.427423
282.8,62,5217.559445
56.5,81,5217.70062
51.8,58,5217.801685
45.4,60,5217.905615
301.2,68,5218.056777
296.9,71,5218.242686
56.1,53,5218.402327
316.2,62,5218.525651
-21.8,58,5218.641637
23.3,47,5218.737217
-52.9,50,5218.837337
338.6,90,5219.027706
257.8,61,5219.149785
302.2,71,5219.296285
-26.3,45,5219.392385
261.3,83,5219.573079
15.4,56,5219.690419
-6.4,25,5219.744408
7.5,53,5219.859888
-1.9,82,5220.039285
271.3,77,5220.216317
-98.6,40,5220.304062
284.4,73,5223.113502
287.2,57,5223.24499
-32.6,83,5223.415286
44.9,72,5223.567644
25.5,69,5223.710386
-107.1,26,5223.767342
299.2,61,5223.895985
32.1,34,5223.969562
46.5,49,5224.071003
31.7,68,5224.222691
42.9,73,5224.381571
-75.0,50,5224.48174
268.2,65,5224.614632
3.9,43,5224.700491
266.3,63,5224.822716
282.2,58,5224.936144
38.4,96,5225.125931
47.6,60,5225.242428
16.2,57,5225.356597
288.7,61,5225.49175
40.5,73,5225.641687
304.2,59,5225.757083
30.0,55,5225.859758
319.2,50,5225.954647
-64.0,43,5226.052234
-20.1,50,5226.161425
282.6,77,5226.343784
0.7,43,5226.439621
55.0,89,5226.636769
7.6,73,5226.797824
81.0,73,5226.956324
30.5,56,5227.076156
-28.3,49,5227.182241
-99.0,19,5227.226688
-34.5,67,5227.38975
276.5,71,5230.153295
9.8,74,5230.302991
-39.0,51,5230.40361
292.2,60,5230.536968
-0.7,53,5230.63938
249.4,78,5230.795533
312.2,49,5230.891219
-43.1,61,5231.011985
-119.6,18,5231.050319
292.2,64,5231.173199
-111.3,95,5231.363395
3.6,44,5231.450904
-29.2,79,5231.633885
-41.9,65,5231.816636
83.3,71,5231.981589
294.0,71,5232.123175
34.4,61,5232.243186
317.2,70,5232.384422
16.3,66,5232.520445
40.9,75,5232.690252
-57.1,61,5232.811821
-46.2,47,5232.907253
-6.4,57,5233.020416
93.1,60,5233.137444
307.2,55,5233.241743
31.0,44,5233.326961
-11.1,51,5233.429723
246.5,63,5233.560262
-33.2,34,5233.62383
31.8,61,5233.731606
-86.8,45,5233.815575
26.6,64,5233.925027
332.2,55,5234.038279
80.0,59,5234.16468
38.1,52,5236.968181
25.7,73,5237.118371
-52.9,71,5237.258871
5.9,43,5237.345726
317.2,53,5237.4522
-84.6,59,5237.577233
-17.5,72,5237.707821
-80.4,68,5237.821188
-44.6,71,5237.939826
291.0,73,5238.08722
37.8,60,5238.209892
36.1,49,5238.307624
99.2,52,5238.409142
286.3,75,5238.565701
22.1,64,5238.689309
292.7,87,5238.871968
-49.6,50,5238.970644
55.4,64,5239.102379
307.5,57,5239.218403
278.7,74,5239.372927
48.9,78,5239.540416
246.2,60,5239.669971
-36.2,52,5239.781424
-104.8,41,5239.87841
-89.2,33,5239.953662
42.7,51,5240.058089
297.2,49,5240.158644
10.1,59,5240.280394
9.3,58,5240.399761
332.2,59,5240.52503
22.8,59,5240.644413
307.2,56,5240.75789
61.8,58,5240.877586
-13.0,51,5240.998534
-29.8,42,5241.08663
332.9,75,5243.840901
307.2,52,5243.94361
-18.9,58,5244.070442
60.4,72,5244.216692
334.0,54,5244.327265
304.5,68,5244.522588
31.4,53,5244.645171
272.2,38,5244.722511
18.4,49,5244.823343
34.8,61,5244.941898
297.2,46,5245.033654
41.8,68,5245.187951
52.3,77,5245.34367
-23.1,32,5245.41035
55.1,60,5245.535994
82.6,51,5245.632709
312.2,64,5245.740376
-15.6,35,5245.806023
302.3,67,5245.917643
-67.0,77,5246.06958
301.9,70,5246.219067
42.5,75,5246.377583
-1.8,57,5246.499902
81.4,56,5246.622376
299.9,69,5246.762087
-53.2,62,5246.889189
33.4,62,5247.017392
3.1,41,5247.098687
77.7,61,5247.230242
-34.0,66,5247.368268
-4.3,42,5247.456189
287.2,54,5247.574633
302.2,73,5247.727017
249.8,76,5247.885588
42.0,74,5250.630709
291.2,55,5250.742312
-98.2,28,5250.800724
-52.9,41,5250.886009
26.1,60,5251.004119
276.3,56,5251.115356
316.8,93,5251.30471
-13.3,36,5251.38558
293.7,111,5251.610837
-103.2,41,5251.696855
267.4,73,5251.847811
285.3,73,5251.999227
329.2,77,5252.15701
25.0,72,5252.306555
5.9,42,5252.396641
356.4,69,5252.552914
311.2,60,5252.675239
345.2,72,5252.826304
-45.5,51,5252.927897
307.7,73,5253.073328
-27.8,53,5253.179148
-29.9,52,5253.286074
307.2,67,5253.424028
66.8,76,5253.63422
-24.0,48,5253.773092
48.7,59,5253.94227
-24.9,42,5254.069874
292.2,47,5254.173891
-89.5,26,5254.238042
-31.9,58,5254.357592
32.1,74,5254.508358
7.9,63,5254.640764
-47.1,62,5254.769711
311.0,51,5254.873882
41.0,59,5257.792635
-3.7,51,5257.882265
28.9,53,5257.976655
-8.1,35,5258.054191
46.3,66,5258.187783
46.3,79,5258.344568
71.6,64,5258.477153
-59.4,60,5258.603665
-23.5,48,5258.709071
32.6,71,5258.868679
292.7,86,5259.047322
-59.2,44,5259.142206
-24.6,69,5259.293808
317.5,56,5259.41079
50.4,76,5259.573337
263.6,80,5259.734988
-77.9,55,5259.860856
-49.1,41,5259.95383
-3.5,73,5260.111228
324.8,62,5260.244325
311.4,68,5260.388771
88.9,82,5260.567458
-5.7,48,5260.667253
294.5,59,5260.792877
5.2,46,5260.900368
-11.1,43,5260.991579
65.4,44,5261.088633
300.3,69,5261.236468
279.8,63,5261.375998
60.0,66,5261.518879
302.3,61,5261.632855
-91.8,46,5261.714174
307.8,65,5261.828509
-19.8,46,5261.922153
-123.2,58,5262.044182
319.2,63,5264.829181
-7.2,53,5264.943969
47.6,63,5265.081893
24.4,52,5265.186515
-37.3,56,5265.302788
-4.7,61,5265.42504
300.2,61,5265.557301
-15.5,51,5265.651293
287.2,54,5265.752039
315.6,79,5265.890405
282.2,45,5265.974175
-72.7,49,5266.089519
-4.6,58,5266.208509
-0.4,60,5266.332255
16.6,52,5266.435343
-44.8,41,5266.518763
296.3,73,5266.66882
-7.2,62,5266.78768
-30.3,64,5266.916856
-78.4,38,5266.990551
-76.8,55,5267.099926
-117.3,57,5267.212795
8.6,34,5267.281503
-90.9,33,5267.347893
310.2,52,5267.451323
54.9,50,5267.55821
13.6,46,5267.655429
48.6,60,5267.775463
81.4,93,5267.963089
307.7,72,5268.119795
-10.7,41,5268.202221
301.0,60,5268.325911
60.4,47,5268.424326
-58.2,48,5268.526722
19.2,57,5268.648158
281.0,56,5268.771261
3.6,40,5268.856881
49.0,50,5271.846135
61.0,71,5271.991222
267.0,58,5272.106179
24.6,64,5272.235257
-49.9,30,5272.305404
-7.3,53,5272.417722
267.1,85,5272.591605
-12.6,54,5272.699103
90.4,61,5272.816009
327.2,60,5272.935227
-31.8,34,5273.003797
-108.2,35,5273.07229
280.7,47,5273.164386
32.4,69,5273.303784
2.9,56,5273.421525
278.2,69,5273.567599
59.2,52,5273.658905
-38.6,41,5273.728565
72.2,60,5273.828337
50.4,47,5273.90479
16.5,68,5274.034496
-24.8,58,5274.147624
286.0,69,5274.281235
38.4,46,5274.378843
317.2,77,5274.548761
25.8,62,5274.669381
289.4,61,5274.789247
54.4,46,5274.881693
312.9,52,5274.9822
59.5,62,5275.105086
54.4,53,5275.210514
305.7,46,5275.30184
7.8,46,5275.398844
311.3,61,5275.51966
53.2,57,5275.6345
30.4,51,5275.737893
-12.5,64,5278.478691
347.2,59,5278.617866
-104.9,41,5278.697927
50.7,54,5278.804537
299.2,56,5278.913687
312.2,59,5279.028096
-107.7,53,5279.137555
76.2,56,5279.252234
70.5,61,5279.371749
322.2,73,5279.513074
-58.1,85,5279.690852
301.2,64,5279.821189
22.0,55,5279.934085
-35.8,68,5280.070426
-100.0,45,5280.166912
322.8,70,5280.319886
273.3,67,5280.462451
289.2,61,5280.594006
17.3,59,5280.730622
40.1,61,5280.860471
365.6,67,5281.001801
48.6,73,5281.156361
292.2,43,5281.249886
287.7,58,5281.373072
277.2,56,5281.490162
55.4,35,5281.566665
68.9,44,5281.644785
267.3,52,5281.744876
-54.1,55,5281.843996
291.0,60,5281.957
-68.3,73,5282.119512
53.0,77,5282.28185
-10.7,76,5282.450366
301.3,59,5282.579385
80.5,65,5285.505436
-33.7,29,5285.574333
282.4,80,5285.713257
-24.3,54,5285.810571
32.3,56,5285.917345
-101.4,63,5286.041763
43.9,44,5286.132327
-81.0,71,5286.281613
332.4,83,5286.452149
299.1,68,5286.586763
-2.0,40,5286.665428
28.9,59,5286.779601
287.3,51,5286.886888
53.4,37,5286.971994
256.6,60,5287.09009
297.2,62,5287.209588
45.4,51,5287.313091
64.0,64,5287.440119
-6.0,56,5287.554418
319.0,53,5287.657717
6.8,51,5287.757565
273.3,63,5287.889664
-11.5,64,5288.015659
-21.9,40,5288.096392
318.0,74,5288.243906
-19.9,35,5288.316344
-80.5,46,5288.411891
-70.0,64,5288.547848
21.1,70,5288.687984
30.9,66,5288.819682
322.2,58,5288.937032
31.7,70,5289.084374
80.2,62,5289.213299
311.8,94,5289.399286
62.9,74,5289.548578
282.5,81,5292.400427
105.9,72,5292.559962
307.6,71,5292.713759
82.4,54,5292.83755
94.6,57,5292.959063
279.6,71,5293.111229
282.3,71,5293.272241
53.6,68,5293.41974
282.2,63,5293.570748
-127.6,51,5293.727381
300.6,67,5293.937716
-81.2,37,5294.065335
307.2,72,5294.249367
86.1,56,5294.369403
272.3,59,5294.494288
32.1,63,5294.638046
273.2,69,5294.782707
-95.5,37,5294.863773
332.2,59,5294.99397
332.2,46,5295.094517
312.2,65,5295.237466
-173.2,67,5295.390039
-64.0,43,5295.479133
-24.6,32,5295.550201
296.7,95,5295.734521
23.2,74,5295.883507
-99.9,66,5296.013509
306.2,50,5296.114423
255.6,73,5296.2698
272.5,56,5296.386819
-71.3,48,5296.486349
327.5,62,5296.621543
-2.9,66,5296.798869
320.8,87,5299.62347
295.7,72,5299.767396
-25.3,45,5299.857556
51.0,53,5299.968449
-46.5,64,5300.094931
258.2,58,5300.210662
55.9,67,5300.347117
-11.4,41,5300.430564
316.0,62,5300.564001
-47.5,27,5300.618433
-59.3,58,5300.735239
-72.9,34,5300.805456
-5.5,36,5300.877853
262.2,56,5300.990957
-38.4,64,5301.120842
50.4,54,5301.22576
16.0,69,5301.369038
-61.9,41,5301.451572
287.2,60,5301.585657
332.6,51,5301.68089
-26.6,54,5301.776272
-23.7,66,5301.885996
34.0,68,5302.011167
71.3,79,5302.170224
13.8,58,5302.286704
25.6,53,5302.388622
326.0,86,5302.566289
-132.3,33,5302.640651
312.2,64,5302.770646
37.0,51,5302.873696
327.2,63,5303.00043
282.2,70,5303.140402
-60.1,57,5303.255726
295.3,63,5303.385248
44.3,52,5303.489165
292.5,60,5303.612139
297.3,53,5306.345203
69.0,74,5306.503119
279.3,57,5306.62969
79.0,65,5306.78989
61.2,54,5306.908266
-106.3,22,5306.956367
301.2,71,5307.107191
60.6,70,5307.257157
287.2,51,5307.36272
-9.0,40,5307.449163
-27.9,68,5307.598838
9.6,53,5307.708854
272.6,65,5307.864647
-16.6,64,5308.002324
-116.9,4,5308.011075
65.4,41,5308.103547
4.9,36,5308.186932
289.1,58,5308.316506
312.9,59,5308.440706
12.8,46,5308.537986
15.4,54,5308.652618
271.3,66,5308.78613
72.7,55,5308.901796
-6.4,49,5309.005787
277.3,55,5309.127127
-66.9,43,5309.223802
-2.8,70,5309.375448
41.0,46,5309.475332
287.2,68,5309.668157
68.0,67,5309.807512
-51.2,24,5309.858067
306.9,71,5310.005417
-44.2,51,5310.11153
66.0,65,5310.257468
-48.3,48,5310.358263
80.7,68,5310.505628
55.9,64,5310.641589
-56.5,57,5310.763987
292.2,47,5313.485551
300.1,65,5313.617872
-87.5,67,5313.735011
339.0,56,5313.830914
-7.7,89,5313.995511
318.0,106,5314.21929
-24.4,34,5314.291036
262.9,46,5314.387049
-61.0,61,5314.507417
63.2,66,5314.640777
70.4,48,5314.735132
1.9,43,5314.826637
312.2,68,5314.966732
282.2,72,5315.121298
307.8,83,5315.294862
306.5,63,5315.420554
-7.9,33,5315.489714
312.2,53,5315.595345
-87.3,47,5315.693019
305.7,74,5315.843703
311.0,50,5315.941248
292.5,66,5316.073737
315.3,64,5316.217836
277.7,69,5316.354733
302.2,61,5316.477181
83.1,81,5316.654989
31.2,44,5316.75415
-34.7,63,5316.895854
-80.5,47,5316.995417
297.9,85,5317.174126
9.4,67,5317.318208
322.2,48,5317.420591
-128.0,46,5317.519355
339.2,54,5320.231789
296.9,60,5320.361049
-27.0,42,5320.458973
61.9,66,5320.596904
294.8,75,5320.74754
-3.4,69,5320.885233
-42.5,53,5320.990148
-18.4,51,5321.09454
315.7,43,5321.182191
64.0,57,5321.301174
38.1,84,5321.46754
13.1,45,5321.560287
304.2,66,5321.67281
322.2,62,5321.777819
287.2,56,5321.876735
317.5,58,5321.990439
282.2,62,5322.114441
57.9,79,5322.351438
260.7,67,5322.490204
-68.1,36,5322.567628
313.7,76,5322.719552
-6.3,61,5322.837686
-96.2,55,5322.95041
-15.0,57,5323.06083
42.9,52,5323.165661
297.2,57,5323.276824
277.2,84,5323.441265
250.2,71,5323.593394
8.5,47,5323.686055
16.1,36,5323.758576
330.0,59,5323.876472
295.7,71,5324.019091
-28.5,38,5324.094886
-29.9,41,5324.176772
-8.9,57,5324.291327
0.4,51,5327.014769
34.9,57,5327.131108
-28.5,56,5327.240749
316.2,66,5327.377241
24.3,39,5327.456107
287.2,50,5327.555192
45.2,65,5327.706168
16.5,64,5327.831738
37.1,74,5327.98663
-69.9,12,5328.011944
-54.9,53,5328.12343
306.6,75,5328.2748
8.2,48,5328.368768
47.9,67,5328.503304
300.7,47,5328.595783
322.2,61,5328.72453
-13.7,72,5328.889164
307.2,67,5329.026153
-67.9,25,5329.078972
-16.4,28,5329.138791
44.3,46,5329.233074
312.2,67,5329.367943
292.2,73,5329.510442
286.2,57,5329.627285
19.3,57,5329.726612
-2.6,32,5329.782115
-6.4,40,5329.847001
-35.7,54,5329.940792
311.8,76,5330.093673
11.1,57,5330.208842
69.9,54,5330.319194
274.2,56,5330.430386
-10.5,64,5330.559282
75.4,50,5330.664906
256.3,64,5330.798077
307.2,48,5330.899199
0.5,34,5330.972452
287.2,54,5331.080548
-76.9,55,5333.894551
327.2,65,5334.026348
-88.0,61,5334.155449
48.7,70,5334.308289
75.0,72,5334.463633
-23.4,51,5334.574286
-75.7,68,5334.722646
-49.0,42,5334.809394
35.3,76,5334.968662
301.0,51,5335.084161
-15.2,66,5335.51621
75.1,69,5335.811292
-19.3,47,5335.910891
293.0,47,5336.014955
268.6,60,5336.159369
-26.3,70,5336.316821
-33.7,77,5336.47072
312.2,50,5336.571705
5.4,53,5336.683162
-20.8,60,5336.80552
273.9,83,5336.97163
-49.0,52,5337.076326
324.2,62,5337.218658
-19.0,43,5337.304704
46.1,64,5337.43726
320.4,72,5337.586579
284.7,71,5337.707011
-53.2,25,5337.749436
25.5,75,5337.874063
292.2,56,5337.974508
48.9,56,5338.086736
305.7,54,5338.199217
317.2,64,5338.32464
17.1,80,5338.482311
74.8,101,5341.403932
30.4,53,5341.508389
282.1,59,5341.618411
-89.9,34,5341.680772
282.0,93,5341.838773
296.2,61,5341.944334
-34.2,43,5342.039444
-75.4,36,5342.120409
69.6,75,5342.272871
304.3,73,5342.422466
289.1,61,5342.543804
281.6,65,5342.682847
274.1,83,5342.859333
314.2,59,5342.984533
-53.1,47,5343.084023
18.6,35,5343.155149
-14.2,65,5343.285291
-25.7,39,5343.369644
26.2,55,5343.481096
282.2,65,5343.614453
67.4,85,5343.785978
-53.2,30,5343.848883
-77.4,37,5343.924464
-23.7,53,5344.026036
282.2,53,5344.129881
-56.8,46,5344.223154
35.7,69,5344.361288
-1.3,70,5344.513255
-28.1,51,5344.617339
-52.3,18,5344.657362
56.8,41,5344.738964
330.2,57,5344.855219
-42.0,60,5344.976448
280.1,46,5345.068336
27.8,60,5345.18687
-53.2,34,5345.253535
15.6,73,5348.004222
279.4,68,5348.170425
28.2,75,5348.357295
287.3,61,5348.477656
-64.8,31,5348.541956
273.5,68,5348.701865
-21.6,71,5348.848362
-35.0,40,5348.928824
-0.7,46,5349.024986
-70.6,38,5349.104883
79.3,76,5349.256777
4.3,66,5349.385174
-34.2,47,5349.476699
-20.5,51,5349.581415
-3.2,66,5349.715788
-168.4,39,5349.781556
325.3,81,5349.921276
311.7,66,5350.057148
45.9,64,5350.190513
293.1,65,5350.327496
-48.4,69,5350.471121
50.2,63,5350.607866
60.4,41,5350.695177
308.6,65,5350.836293
-8.0,71,5350.984513
28.3,55,5351.094637
303.7,53,5351.204868
282.2,57,5351.327896
250.7,70,5351.477876
-18.2,54,5351.594374
290.7,70,5351.753028
85.4,63,5351.886323
262.6,64,5352.018042
287.7,71,5352.163407
-85.9,49,5355.016445
73.4,73,5355.212585
-28.5,68,5355.433707
34.2,62,5355.59072
-6.8,84,5355.768728
2.7,47,5355.891542
45.4,45,5355.99196
305.2,67,5356.131064
80.0,55,5356.242754
-53.2,42,5356.329571
55.4,53,5356.439713
85.6,63,5356.570802
10.1,32,5356.640327
-7.4,50,5356.746971
-23.0,75,5356.910954
35.4,50,5357.031254
269.0,63,5357.166215
-15.3,54,5357.293232
40.1,58,5357.424246
-74.5,43,5357.520281
329.8,79,5357.686792
-37.2,51,5357.772334
245.8,84,5357.916394
285.3,64,5358.070318
-153.3,35,5358.143932
-1.4,36,5358.223372
287.2,54,5358.337163
288.6,65,5358.473169
290.4,73,5358.641228
-8.9,67,5358.786784
282.2,59,5358.914101
257.3,55,5359.034884
307.1,58,5359.159424
304.1,65,5359.305359
103.8,78,5359.470996
261.7,74,5362.423465
-19.6,45,5362.513175
293.6,72,5362.661385
8.6,32,5362.726012
47.1,55,5362.837296
312.2,52,5362.937624
67.5,48,5363.030018
367.2,63,5363.156377
59.0,54,5363.2657
292.7,72,5363.411156
37.0,73,5363.566408
12.0,60,5363.695412
292.1,65,5363.836832
-39.1,60,5363.961055
-41.2,31,5364.029687
-1.9,56,5364.147409
47.1,62,5364.286214
19.4,41,5364.375854
91.8,49,5364.481496
316.2,62,5364.618572
-24.0,47,5364.719882
55.4,42,5364.809269
299.3,58,5364.933797
287.2,48,5365.034461
45.4,43,5365.126006
-6.4,54,5365.240189
301.6,74,5365.416197
65.3,71,5365.566224
38.6,78,5365.714744
29.8,64,5365.82799
299.2,80,5365.978458
-14.6,79,5366.146116
14.6,72,5366.305123
32.5,53,5366.439701
6.0,54,5366.554831
-24.6,58,5369.423054
-61.2,57,5369.555552
332.1,91,5369.716326
278.0,52,5369.802542
287.3,69,5369.918028
72.5,70,5370.0604
302.2,52,5370.163037
244.7,57,5370.276908
16.9,73,5370.42451
262.5,64,5370.562831
-94.1,37,5370.649956
288.3,45,5370.73906
303.5,63,5370.867438
277.3,64,5370.999377
337.2,73,5371.147391
297.5,62,5371.273634
327.2,56,5371.388748
17.1,69,5371.534042
296.2,61,5371.6584
306.0,60,5371.784371
26.7,60,5371.909643
13.6,70,5372.053519
45.4,45,5372.147046
1.6,40,5372.233414
337.2,58,5372.348517
281.2,61,5372.471722
-31.1,40,5372.557179
307.2,75,5372.718047
252.1,67,5372.909733
248.8,66,5373.056917
318.4,78,5373.211718
-24.0,57,5373.326717
337.2,49,5373.428167
-46.7,22,5373.474511
24.2,55,5373.58131
319.7,73,5376.348818
297.2,45,5376.440987
26.0,61,5376.562868
265.9,85,5376.745389
35.8,49,5376.853155
-66.0,41,5376.93521
14.9,63,5377.059817
307.9,58,5377.17634
297.2,56,5377.292643
-100.0,97,5377.477208
28.9,66,5377.603388
62.8,68,5377.797156
263.4,71,5378.075185
270.5,56,5378.238763
287.2,77,5378.39576
249.8,58,5378.518237
-39.0,63,5378.656928
282.2,77,5378.813801
17.4,92,5379.023109
294.2,55,5379.140544
16.2,79,5379.311152
317.2,64,5379.449242
-36.8,56,5379.570182
38.6,65,5379.716547
288.8,105,5379.934798
308.2,64,5380.070368
30.5,85,5380.248505
344.8,70,5380.402409
315.2,79,5380.574237
53.3,48,5380.679933
-45.7,40,5383.437274
45.4,57,5383.558342
28.1,69,5383.701635
32.9,54,5383.808914
76.1,67,5383.947701
50.4,69,5384.091359
297.2,63,5384.220917
-34.4,45,5384.312714
20.5,64,5384.443981
287.2,53,5384.552724
270.0,85,5384.734892
287.2,55,5384.845953
292.9,67,5384.981434
307.7,67,5385.162802
37.8,87,5385.371445
-31.4,70,5385.522408
13.6,53,5385.627759
284.8,84,5385.769407
283.8,84,5385.914197
-61.9,71,5386.057306
337.2,47,5386.15535
287.8,59,5386.296813
310.4,79,5386.454164
29.6,78,5386.607049
335.3,68,5386.741659
-32.1,65,5386.869347
-18.9,47,5386.961545
-70.0,47,5387.05743
-65.1,37,5387.135349
-97.7,36,5387.209609
27.3,47,5387.307603
-35.6,59,5387.439692
304.1,65,5387.571695
-60.7,72,5390.315401
289.7,66,5390.460553
51.8,67,5390.600511
-34.4,43,5390.690469
318.5,96,5390.884794
-67.3,29,5390.947306
41.3,62,5391.08271
312.2,69,5391.233892
18.1,70,5391.390897
320.2,64,5391.549101
101.8,77,5391.716674
-10.4,55,5391.836656
76.6,69,5391.983587
-25.2,59,5392.106847
-100.0,27,5392.163138
-29.8,48,5392.268811
55.0,64,5392.409569
3.5,73,5392.57165
312.3,84,5392.744888
57.6,97,5392.949691
47.3,51,5393.061542
303.7,63,5393.194004
309.6,71,5393.343179
34.1,61,5393.473603
321.2,67,5393.628606
-10.6,38,5393.698672
322.2,56,5393.793608
267.3,60,5393.893489
281.3,74,5394.044723
35.4,54,5394.159693
-1.2,34,5394.236047
302.2,56,5394.354352
310.7,62,5394.491117
1.8,66,5397.39054
275.5,68,5397.527056
25.5,48,5397.627509
55.4,41,5397.697245
332.2,60,5397.803787
-33.7,74,5397.936957
-55.8,76,5398.089968
-4.5,37,5398.166182
270.8,85,5398.339025
-45.4,80,5398.497548
282.2,59,5398.612874
-30.3,59,5398.732749
53.5,56,5398.85651
14.2,43,5398.942997
283.7,70,5399.086158
32.6,69,5399.224317
-1.4,50,5399.326166
287.8,73,5399.472321
22.7,64,5399.59835
114.8,60,5399.72351
54.4,48,5399.828552
61.1,72,5400.001997
91.4,65,5400.142272
15.9,77,5400.315096
-3.8,43,5400.416277
12.7,56,5400.557145
-93.0,39,5400.695107
324.2,69,5400.94927
9.0,32,5401.138771
-64.2,63,5401.364043
262.6,76,5401.640441
61.5,60,5401.756933
-19.2,61,5401.863944
297.2,68,5402.042403
8.9,39,5404.789503
-62.3,47,5404.890091
-60.7,41,5404.97517
290.9,78,5405.144702
311.2,73,5405.304547
-48.2,47,5405.40635
21.9,62,5405.541279
-21.0,45,5405.640917
48.2,55,5405.744555
-53.2,40,5405.818493
7.6,25,5405.863828
-10.9,38,5405.941412
293.7,90,5406.147613
318.4,61,5406.280253
322.6,57,5406.405003
8.6,44,5406.500947
-56.7,51,5406.608495
66.9,78,5406.787747
319.1,83,5406.97227
-26.2,52,5407.083838
53.8,51,5407.206666
-13.5,73,5407.37045
-14.0,38,5407.497725
2.3,69,5407.667134
-4.7,73,5407.820268
66.2,59,5407.94366
-53.2,18,5407.984143
261.2,54,5408.100152
60.4,54,5408.22503
1.2,53,5408.346866
275.6,75,5408.507426
22.8,70,5408.661527
295.6,86,5408.852448
297.2,68,5408.996206
-67.5,70,5409.144736
-59.9,58,5409.269927
295.2,62,5412.004951
-15.4,86,5412.188074
298.9,64,5412.323562
9.8,44,5412.437531
282.3,56,5412.55806
-43.3,57,5412.683731
322.2,81,5412.85378
38.6,35,5412.926843
-63.6,53,5413.040347
58.9,48,5413.141198
33.6,78,5413.309115
257.7,78,5413.479124
-99.7,56,5413.58996
349.8,76,5413.732181
88.0,51,5413.817872
-40.4,22,5413.855874
-93.4,26,5413.903073
-19.0,52,5414.007633
35.6,49,5414.117288
65.4,74,5414.278145
-11.2,42,5414.372838
272.6,58,5414.506423
277.2,54,5414.6207
312.8,55,5414.741218
-12.2,56,5414.863843
42.5,50,5414.970728
260.3,51,5415.077445
260.5,96,5415.27897
327.2,59,5415.407454
-23.1,48,5415.526235
41.5,58,5415.644002
2.8,52,5415.748946
282.6,65,5415.877984
-110.9,52,5415.991814
-69.5,25,5416.04856
49.7,37,5416.12418
12.3,64,5419.011197
92.7,72,5419.161052
282.7,64,5419.29667
266.4,76,5419.455991
337.2,68,5419.595366
243.7,92,5419.807536
326.2,69,5419.950539
11.9,91,5420.140473
302.2,60,5420.267084
297.2,57,5420.386398
-29.4,28,5420.445527
-44.9,46,5420.54218
-53.2,25,5420.597028
-23.4,34,5420.675045
-58.2,30,5420.744749
33.7,56,5420.967164
-60.5,29,5421.083786
75.4,57,5421.30256
-25.7,41,5421.418461
-31.1,30,5421.484151
274.2,58,5421.601112
303.2,51,5421.690051
67.8,90,5421.837624
-59.9,49,5421.92045
286.4,74,5422.075463
339.2,81,5422.241289
278.1,65,5422.374941
270.5,66,5422.510427
299.1,69,5422.658029
6.9,63,5422.788848
-47.5,65,5422.936889
-97.5,66,5423.078295
13.6,47,5423.176945
102.4,72,5423.328062
24.3,57,5423.448403
-21.7,73,5426.228492
76.6,68,5426.370892
-26.8,66,5426.496827
42.4,81,5426.661815
260.5,66,5426.791237
292.2,59,5426.909722
292.9,54,5427.018754
-54.4,29,5427.082971
14.2,62,5427.208351
-20.5,73,5427.355817
327.2,63,5427.478806
285.2,75,5427.629583
46.1,69,5427.772928
-47.2,28,5427.82803
-49.2,73,5427.974587
74.5,73,5428.134213
-15.4,58,5428.254973
-40.4,33,5428.322502
70.3,75,5428.47246
91.5,68,5428.607761
100.4,55,5428.720715
-16.5,74,5428.869417
-51.7,56,5428.982171
-1.5,85,5429.167645
8.1,60,5429.288373
-9.5,67,5429.424619
64.2,68,5429.558342
7.7,51,5429.65895
293.7,74,5429.782601
-14.7,81,5429.936868
332.2,65,5430.119818
76.7,75,5430.266828
276.8,57,5433.152158
-112.2,36,5433.226262
292.3,60,5433.369246
312.2,57,5433.483743
-57.8,47,5433.576782
-3.9,68,5433.70776
292.2,63,5433.81631
-48.4,43,5433.892083
332.4,83,5434.05351
306.2,72,5434.202098
56.1,45,5434.30013
3.6,44,5434.389964
-50.1,54,5434.503094
35.0,63,5434.634184
69.7,72,5434.795014
84.4,61,5434.922895
50.9,66,5435.061914
282.6,72,5435.219668
-65.9,71,5435.380795
297.4,67,5435.525002
302.2,69,5435.677716
21.5,53,5435.791387
311.2,78,5435.958099
41.9,79,5436.126869
45.4,59,5436.253062
-79.3,64,5436.404679
302.2,59,5436.529721
-93.0,9,5436.54942
44.4,75,5436.704294
277.2,60,5436.823726
33.3,72,5436.968386
282.2,65,5437.098422
55.4,51,5437.197082
50.3,64,5437.329703
16.2,60,5440.106893
45.7,72,5440.253629
356.2,86,5440.426754
40.1,43,5440.520981
-76.4,65,5440.750542
10.7,75,5440.909719
3.5,59,5441.030597
27.3,62,5441.162936
-0.5,27,5441.219584
7.4,63,5441.351289
49.8,53,5441.46035
-34.9,91,5441.652344
30.1,60,5441.781829
81.4,65,5441.894088
302.1,78,5442.059244
-43.3,59,5442.183253
-87.5,34,5442.256997
-111.8,42,5442.345118
391.0,65,5442.479358
296.2,63,5442.61434
7.5,45,5442.711231
324.2,72,5442.868641
33.6,58,5442.985867
-5.9,30,5443.046992
291.2,80,5443.21383
348.2,80,5443.382864
59.2,41,5443.467294
18.1,50,5443.571375
-59.3,35,5443.65035
332.2,67,5443.801201
334.2,64,5443.939657
-31.3,48,5444.040982
69.8,71,5444.191177
8.6,50,5444.295552
312.2,62,5447.049325
-105.2,33,5447.11631
-4.8,52,5447.22369
-66.5,22,5447.270376
294.2,49,5447.370279
263.1,62,5447.496879
36.2,58,5447.614794
70.4,60,5447.742342
-68.2,41,5447.826849
46.2,55,5447.941004
299.8,94,5448.138133
-7.7,57,5448.254809
-61.6,28,5448.315002
273.0,56,5448.428303
-25.7,42,5448.513727
58.2,67,5448.655188
-44.1,60,5448.775997
43.9,67,5448.917559
35.6,71,5449.074038
55.5,53,5449.185002
257.8,67,5449.32101
-12.2,63,5449.445535
37.4,54,5449.555692
28.9,81,5449.709195
-8.8,60,5449.811233
266.4,53,5449.903947
-100.0,40,5449.987271
-56.1,69,5450.144694
303.0,69,5450.281378
-56.0,56,5450.389551
312.2,65,5450.520083
58.0,77,5450.680085
-9.2,48,5450.783723
294.2,57,5450.90926
246.5,72,5451.072085
279.7,60,5451.200677
40.5,64,5454.117363
19.3,63,5454.241871
307.2,73,5454.40541
-0.5,64,5454.530804
329.2,68,5454.667806
64.3,82,5454.82484
-59.9,39,5454.904145
258.0,81,5455.075692
-1.2,52,5455.187209
270.4,59,5455.316677
282.7,56,5455.432538
-58.2,20,5455.474361
-4.9,44,5455.569563
306.2,67,5455.711646
-5.3,73,5455.863566
11.2,42,5455.949402
35.4,43,5456.037918
25.5,63,5456.164303
54.0,48,5456.260058
47.8,60,5456.394552
34.4,63,5456.536165
60.0,71,5456.697202
-1.4,71,5456.848167
27.1,63,5456.986415
243.0,74,5457.143351
241.3,65,5457.275949
19.4,72,5457.438453
-26.1,57,5457.556281
297.2,51,5457.660498
346.0,75,5457.786134
262.3,83,5457.926487
289.2,50,5458.027089
270.9,54,5458.135952
35.1,54,5458.2458
-3.8,67,5461.579641
92.9,78,5461.73045
61.7,61,5461.835604
296.3,69,5461.959949
48.1,45,5462.060294
306.2,70,5462.214974
-75.0,56,5462.404223
287.2,60,5462.531216
-24.5,45,5462.627372
363.0,60,5462.777237
64.7,62,5462.910458
14.4,70,5463.058946
277.2,48,5463.160979
333.0,85,5463.343033
32.7,52,5463.456768
277.0,52,5463.569195
-29.2,46,5463.673317
297.2,54,5463.790961
345.7,69,5463.939688
369.0,78,5464.102661
23.8,62,5464.229092
-98.2,37,5464.308992
2.4,50,5464.416083
-95.9,43,5464.508308
268.9,76,5464.671922
-28.7,41,5464.767978
262.3,72,5464.921407
33.1,55,5465.03707
-13.2,45,5465.133099
296.3,72,5465.284997
-17.6,83,5465.458755
53.7,74,5465.611739
3.8,75,5465.757301
37.9,58,5468.53128
-71.3,66,5468.667398
337.9,79,5468.831702
301.0,54,5468.948454
295.8,64,5469.076983
56.6,81,5469.242042
79.9,64,5469.371083
26.3,54,5469.481624
325.1,65,5469.604536
22.4,84,5469.751017
22.9,48,5469.831963
42.0,74,5469.975311
-10.7,50,5470.07302
-4.0,93,5470.262146
262.5,87,5470.444132
48.3,49,5470.5443
252.6,68,5470.683154
-19.1,79,5470.838126
70.4,68,5470.971449
269.8,59,5471.110018
322.2,68,5471.246727
280.2,52,5471.353825
-52.7,69,5471.493011
296.2,61,5471.615212
80.2,70,5471.767828
271.3,65,5471.897284
272.2,62,5472.021572
29.3,47,5472.120659
5.3,47,5472.21889
42.9,75,5472.373235
36.2,59,5472.496199
93.6,59,5472.617842
-83.1,53,5475.486812
274.0,61,5475.61432
-81.7,59,5475.740236
299.0,70,5475.890064
-17.4,54,5476.005197
327.2,46,5476.102474
38.0,48,5476.204887
78.3,74,5476.368664
287.2,59,5476.488869
23.6,56,5476.607541
-92.2,18,5476.648983
51.6,61,5476.778466
40.4,41,5476.865766
267.4,67,5477.004982
-71.0,46,5477.101143
40.4,37,5477.177231
-95.8,35,5477.251132
48.6,77,5477.42375
314.2,58,5477.591336
287.2,65,5477.789673
-27.2,73,5478.01562
302.1,76,5478.19446
-77.5,80,5478.391287
45.1,82,5478.568054
282.7,99,5478.781017
-58.2,30,5478.846528
258.1,79,5479.016428
-38.0,39,5479.10099
35.4,60,5479.226928
-51.6,40,5479.315579
106.0,61,5479.466402
-32.6,41,5479.556095
55.4,46,5479.656678
23.2,62,5479.786019
-28.2,32,5479.852136
35.4,58,5479.969648
42.7,64,5482.780205
322.2,73,5482.975294
282.2,53,5483.085108
44.6,73,5483.238889
55.4,50,5483.344891
301.2,68,5483.48965
-1.2,57,5483.628284
289.7,60,5483.749553
283.9,55,5483.858551
93.0,65,5483.990335
43.0,56,5484.098581
-65.8,59,5484.217788
280.7,48,5484.317299
51.4,44,5484.408931
322.0,80,5484.574156
-69.4,34,5484.644265
65.4,45,5484.745696
36.9,57,5484.865903
289.1,66,5485.007093
280.9,57,5485.124094
-60.2,41,5485.208445
297.0,71,5485.354669
312.2,50,5485.456232
45.4,47,5485.556409
-2.6,33,5485.623868
299.3,63,5485.7416
-37.7,53,5485.834396
62.1,68,5485.957016
55.4,77,5486.116967
78.4,63,5486.246593
295.2,53,5486.358729
-34.2,43,5486.447191
-8.6,35,5486.520854
-43.4,58,5486.644364
312.2,53,5486.775969
268.5,68,5486.925737
-134.7,54,5489.692415
45.4,70,5489.820661
317.2,58,5489.916928
6.6,41,5490.003816
297.3,52,5490.111836
55.4,71,5490.257733
312.2,71,5490.404056
27.9,82,5490.566696
-118.3,43,5490.65263
337.2,68,5490.794876
21.5,71,5490.952867
78.7,51,5491.052646
287.2,69,5491.187581
56.9,67,5491.323503
282.4,83,5491.490303
-17.6,53,5491.594906
306.4,59,5491.721165
303.9,53,5491.825462
313.0,57,5491.959016
-48.2,42,5492.04218
39.8,73,5492.188818
-120.6,57,5492.302627
40.4,61,5492.425402
-1.4,29,5492.489015
318.9,61,5492.61608
50.1,63,5492.745243
300.2,67,5492.889052
-42.2,58,5493.007879
328.4,63,5493.140608
297.2,69,5493.279908
-30.9,50,5493.379524
269.5,63,5493.506824
-55.3,35,5493.575352
96.5,76,5493.718274
66.8,73,5496.585404
292.2,67,5496.736511
322.2,70,5496.877328
292.9,72,5497.019395
254.2,62,5497.140797
52.8,64,5497.273036
70.6,70,5497.412724
312.2,66,5497.547696
-9.2,56,5497.65185
289.6,57,5497.755693
-33.2,18,5497.788378
-45.8,73,5497.91093
-71.5,34,5497.976037
267.6,80,5498.139145
282.3,64,5498.27899
265.2,51,5498.378788
-9.4,48,5498.476991
-1.4,28,5498.538606
19.8,66,5498.673668
287.2,48,5498.771376
9.0,68,5498.908365
-51.4,58,5499.02433
18.7,40,5499.105607
70.4,52,5499.210996
327.2,68,5499.354527
-20.5,83,5499.518089
299.6,67,5499.652551
286.0,54,5499.763368
37.1,51,5499.871317
-5.8,80,5500.032127
-6.4,41,5500.112363
-54.2,33,5500.179633
45.3,58,5500.307701
60.7,58,5500.429103
73.4,47,5500.524915
268.0,58,5503.741798
287.2,51,5503.852426
-27.2,55,5503.973401
57.0,61,5504.10814
262.8,73,5504.261601
-26.3,58,5504.384345
-28.2,42,5504.490116
-86.1,68,5504.640785
101.6,75,5504.806444
-48.2,49,5504.908241
-4.8,53,5505.016266
-100.0,50,5505.118862
302.2,59,5505.238229
321.0,81,5505.399133
-86.6,52,5505.505077
25.2,40,5505.584225
-43.9,54,5505.691266
302.8,69,5505.849084
277.2,66,5505.999391
-81.6,45,5506.092229
65.7,79,5506.255004
292.2,56,5506.371063
57.7,55,5506.477381
313.8,67,5506.620871
25.5,47,5506.717232
280.7,74,5506.864385
291.2,61,5506.982671
-39.0,39,5507.059907
-39.4,43,5507.145129
-100.0,47,5507.238161
300.0,59,5507.356905
55.4,68,5507.494275
95.6,68,5507.642054
-57.0,38,5507.722344
23.2,72,5507.860723
46.2,48,5507.955889
295.7,56,5510.67082
43.4,52,5510.787927
57.4,70,5510.922864
293.1,62,5511.045907
1.9,61,5511.167957
-24.8,77,5511.323574
33.4,71,5511.460219
0.6,65,5511.592518
48.9,44,5511.678586
65.4,44,5511.786407
57.7,66,5511.922883
-23.9,55,5512.031381
307.2,51,5512.132122
49.7,65,5512.257535
-62.8,53,5512.366463
-93.1,58,5512.47784
-6.4,37,5512.552825
65.4,49,5512.651387
307.6,64,5512.791386
5.5,75,5512.968418
33.4,65,5513.101923
317.2,92,5513.292202
295.7,53,5513.404526
352.2,66,5513.543408
-11.3,54,5513.653177
-46.4,51,5513.744761
282.4,61,5513.848132
-61.4,37,5513.910985
-35.4,54,5514.022348
287.2,51,5514.127269
25.0,65,5514.266058
314.0,71,5514.412823
-53.2,42,5514.500355
322.2,58,5514.62013
-118.3,37,5514.70341
-28.4,66,5517.62969
70.5,69,5517.762496
-0.8,63,5517.870405
65.3,85,5518.028251
-43.8,73,5518.174161
-46.9,26,5518.226699
-58.7,58,5518.344974
-40.7,69,5518.483634
283.7,74,5518.627395
-105.2,53,5518.732447
19.3,57,5518.840411
43.2,60,5518.955844
-71.4,76,5519.113988
306.2,59,5519.239189
317.2,60,5519.36499
2.0,59,5519.487606
332.2,74,5519.642968
-79.4,61,5519.773788
-32.7,38,5519.853369
-118.3,26,5519.907069
-1.4,47,5520.003906
-31.0,57,5520.120735
59.6,52,5520.242503
-56.2,47,5520.343133
-1.5,43,5520.437458
82.8,62,5520.567816
-51.2,59,5520.691904
40.4,61,5520.823301
24.8,91,5521.011596
-14.8,45,5521.107095
292.3,79,5521.29535
-58.2,43,5521.390867
59.6,84,5521.567608
329.3,75,5521.699673
347.7,92,5524.507447
293.4,74,5524.661491
-110.5,21,5524.708052
18.6,63,5524.837385
325.0,62,5524.959633
297.2,75,5525.108923
32.0,51,5525.220854
292.2,61,5525.357676
42.6,57,5525.498788
297.2,61,5525.630675
-16.0,75,5525.76672
65.4,44,5525.84057
50.8,56,5525.938239
30.4,52,5526.048195
62.2,79,5526.225964
-100.1,57,5526.349081
235.7,76,5526.51967
312.2,51,5526.631105
65.4,79,5526.806863
63.9,49,5526.908425
-13.6,55,5527.017402
0.8,45,5527.108114
40.4,49,5527.206154
-16.1,66,5527.342321
287.2,52,5527.454165
45.5,81,5527.616405
297.2,50,5527.717187
276.9,66,5527.851441
-112.7,12,5527.87681
-3.4,49,5527.977399
-80.4,40,5528.059448
282.2,53,5528.165365
286.4,79,5528.405832
-3.1,58,5528.542822
-175.6,34,5528.617521
30.6,75,5531.380317
-92.5,55,5531.492212
295.3,76,5531.657118
-3.9,64,5531.796266
43.2,39,5531.878981
277.2,53,5531.994857
26.4,73,5532.146349
300.7,53,5532.258154
-11.5,62,5532.389331
-16.2,77,5532.551644
279.2,59,5532.686568
-11.0,43,5532.779436
18.9,61,5532.904597
245.4,60,5533.023518
285.3,85,5533.204619
55.4,44,5533.300745
253.9,78,5533.468349
295.7,58,5533.58545
68.4,50,5533.677869
59.0,54,5533.788567
60.4,55,5533.881599
-8.3,91,5534.064225
-6.4,32,5534.136942
-1.0,37,5534.221153
287.2,61,5534.355012
-38.9,43,5534.446136
300.8,68,5534.589907
36.1,73,5534.753795
-15.2,30,5534.823317
-39.3,50,5534.927661
26.9,55,5535.044137
-14.0,49,5535.146837
-43.2,27,5535.205769
302.3,59,5535.33164
15.4,49,5535.435023
268.9,66,5535.573461
336.3,76,5538.302377
38.2,45,5538.395586
42.0,73,5538.54267
267.1,72,5538.699025
284.7,65,5538.841336
41.2,54,5538.956328
295.7,62,5539.089975
18.6,40,5539.172958
29.5,43,5539.265887
341.2,61,5539.394188
-42.6,53,5539.511509
267.8,57,5539.631876
-115.4,49,5539.738277
265.0,80,5539.908196
14.0,61,5540.044468
35.8,57,5540.16989
-50.6,40,5540.256416
-65.8,57,5540.381268
-49.3,37,5540.462619
34.6,57,5540.586994
277.2,63,5540.725337
289.4,94,5540.930653
9.0,37,5541.016425
-1.4,42,5541.166972
290.5,54,5541.311153
-1.1,54,5541.425103
302.2,51,5541.534653
-79.1,43,5541.616889
-44.7,66,5541.738398
-46.7,76,5541.874251
68.6,62,5541.992852
13.6,60,5542.121539
2.0,67,5542.350981
44.1,55,5542.53826
-3.8,49,5542.699234
297.7,57,5542.850417
60.9,62,5545.581102
20.2,45,5545.661127
317.2,69,5545.78018
251.1,82,5545.920339
-20.0,85,5546.108558
100.3,63,5546.245473
-58.2,72,5546.406046
277.2,46,5546.521521
-25.2,46,5546.623627
297.2,82,5546.793785
-10.3,52,5546.897254
12.8,64,5547.027336
311.9,60,5547.147822
41.4,79,5547.303349
336.8,65,5547.430511
-13.1,60,5547.556898
264.7,69,5547.712309
35.9,77,5547.881337
57.1,85,5548.056334
-25.7,47,5548.152043
287.2,70,5548.294758
77.5,83,5548.461591
-25.7,44,5548.556885
305.2,57,5548.672886
-12.3,65,5548.807095
-104.3,58,5548.923198
278.9,78,5549.080695
297.2,65,5549.211848
-10.4,48,5549.30866
-105.1,47,5549.408651
317.2,69,5549.549342
67.7,50,5549.658741
-55.2,59,5552.478849
292.2,65,5552.609169
2.4,55,5552.73224
-58.4,76,5552.890423
18.0,30,5552.952374
-86.0,63,5553.076138
27.8,47,5553.16994
287.2,51,5553.271536
51.7,79,5553.429458
327.2,66,5553.562167
45.1,78,5553.70602
297.2,60,5553.824161
297.3,68,5553.93797
325.2,61,5554.060217
45.6,52,5554.171875
-48.0,49,5554.272013
74.2,71,5554.414658
9.1,68,5554.549382
-78.0,39,5554.624584
299.2,62,5554.754875
-11.8,59,5554.892378
-108.0,44,5554.988546
17.7,66,5555.13343
303.3,71,5555.283724
13.4,54,5555.393545
-66.8,56,5555.519675
297.2,74,5555.679345
68.9,66,5555.825308
306.2,45,5555.920113
45.4,42,5556.007865
-56.1,42,5556.098955
302.2,63,5556.236731
90.4,47,5556.340413
-81.3,45,5556.436891
46.6,56,5556.555727
-6.0,58,5559.279719
-38.9,40,5559.362723
292.2,80,5559.520863
78.9,45,5559.609011
287.9,55,5559.72193
81.1,71,5559.868048
-42.1,44,5559.95723
-8.3,68,5560.095788
297.4,84,5560.269714
295.3,71,5560.4087
316.2,72,5560.557921
-6.8,63,5560.688791
356.2,75,5560.840934
327.2,59,5560.957657
-12.1,54,5561.071666
7.5,46,5561.163254
298.2,71,5561.311755
-83.2,38,5561.391964
-53.2,74,5561.542414
-48.6,77,5561.674767
297.2,56,5561.778834
0.6,83,5561.921801
-53.2,44,5562.011335
294.2,56,5562.138597
9.4,69,5562.281174
291.0,51,5562.383259
13.9,52,5562.487286
28.8,72,5562.63301
287.6,62,5562.767995
71.6,70,5562.921474
282.2,73,5563.12398
31.5,54,5563.249881
-36.0,41,5563.333754
28.9,62,5563.461119
-69.3,45,5566.088914
4.9,77,5566.241924
-32.1,42,5566.344214
269.2,71,5566.485133
317.2,77,5566.635681
18.1,68,5566.774235
-56.2,64,5566.906192
332.2,52,5567.00805
292.2,58,5567.124062
287.2,58,5567.241242
50.9,89,5567.437504
300.3,63,5567.560243
59.5,63,5567.688094
277.0,58,5567.804932
43.4,41,5567.88981
276.2,82,5568.054254
15.0,51,5568.155183
33.0,75,5568.304966
-10.5,55,5568.412527
23.6,54,5568.525576
48.3,43,5568.61573
277.2,60,5568.742471
335.2,73,5568.888057
16.7,52,5568.992595
-117.1,62,5569.122351
15.6,80,5569.283425
-2.8,47,5569.378717
307.2,74,5569.536239
-86.8,35,5569.599403
40.5,65,5569.717583
-10.6,33,5569.773698
291.7,63,5569.876739
302.2,61,5569.987258
-21.5,54,5570.0973
287.2,51,5572.852012
2.9,80,5573.007686
-22.3,40,5573.08787
-38.1,76,5573.240285
-4.0,46,5573.335421
-19.8,56,5573.446155
55.1,49,5573.545615
-69.9,52,5573.667561
302.2,67,5573.836039
300.5,61,5573.937198
-3.1,55,5574.053868
31.2,105,5574.270633
49.1,64,5574.399467
25.7,62,5574.524524
317.2,64,5574.660398
40.4,72,5574.819009
30.5,45,5574.907235
-47.4,33,5574.973809
20.9,73,5575.115777
334.2,51,5575.2176
-12.7,34,5575.287696
268.7,67,5575.423608
293.0,54,5575.53389
46.1,77,5575.691951
282.9,68,5575.850302
15.2,81,5576.013973
337.2,64,5576.145048
13.6,64,5576.277327
-57.3,51,5576.382706
259.5,46,5576.476174
294.3,74,5576.629019
346.2,67,5576.77391
286.6,61,5576.899435
297.6,55,5579.614681
312.2,45,5579.706984
-125.7,36,5579.780521
287.2,71,5579.929076
302.2,64,5580.068525
-31.0,58,5580.186669
281.0,52,5580.291697
63.0,79,5580.450552
298.3,65,5580.584529
261.3,69,5580.725557
288.0,85,5580.892738
59.9,65,5581.022544
7.5,47,5581.120551
-27.1,55,5581.246779
1.3,58,5581.369406
8.5,53,5581.474686
-130.9,40,5581.555349
-24.8,55,5581.659365
-4.1,60,5581.769708
286.5,76,5581.902132
311.2,68,5582.037286
-52.5,54,5582.150167
327.2,66,5582.285936
-38.1,53,5582.392598
309.8,73,5582.539154
298.9,63,5582.665495
-10.6,64,5582.797067
3.9,74,5582.945894
327.2,70,5583.10015
76.2,60,5583.2203
35.3,51,5583.326209
301.2,59,5583.447169
279.1,72,5583.590604
45.4,66,5583.730042
31.1,60,5586.976094
387.7,70,5587.113311
-1.3,37,5587.186175
292.2,46,5587.290034
-13.7,51,5587.393156
70.4,43,5587.480259
-13.4,45,5587.569991
50.6,63,5587.694463
297.3,61,5587.816818
-0.2,46,5587.908512
71.0,65,5588.039366
-73.7,67,5588.174448
289.3,84,5588.35737
-92.1,40,5588.441278
268.3,65,5588.571865
287.4,73,5588.732356
-28.4,71,5588.8775
267.1,66,5589.007338
332.7,69,5589.143202
12.9,52,5589.244231
47.5,68,5589.381442
-26.5,33,5589.448854
-38.2,24,5589.502907
-33.3,59,5589.622384
61.2,57,5589.72682
297.2,61,5589.829901
-14.9,75,5589.974778
275.8,67,5590.109846
31.5,43,5590.195987
-39.8,49,5590.294402
-25.0,59,5590.423015
273.3,73,5590.573728
-0.3,61,5590.693746
47.0,55,5590.808832
322.2,63,5590.941396
20.2,78,5593.745033
55.0,54,5593.839271
297.2,60,5593.9416
3.0,62,5594.083737
-95.9,54,5594.199377
274.4,53,5594.313621
297.3,68,5594.524872
268.6,76,5594.701762
76.8,69,5594.859424
311.2,70,5595.015454
35.0,62,5595.150642
49.5,88,5595.338205
61.7,65,5595.476379
298.1,62,5595.609633
4.0,40,5595.70553
-41.1,51,5595.810735
307.3,76,5595.964087
81.2,59,5596.079227
284.0,85,5596.244045
292.2,65,5596.376338
46.9,84,5596.540336
271.5,69,5596.676735
317.2,64,5596.823556
268.9,75,5596.974736
-12.7,61,5597.097871
-52.6,62,5597.228978
287.2,53,5597.33784
96.0,55,5597.449804
312.2,59,5597.564265
38.5,50,5597.654569
89.8,83,5597.806179
-41.2,51,5597.888629
7.2,42,5600.62377
239.5,62,5600.750862
-71.9,42,5600.840068
297.2,57,5600.974065
70.8,61,5601.096
45.7,65,5601.228659
-69.6,44,5601.322536
96.4,71,5601.467889
71.2,66,5601.591848
0.7,74,5601.723312
28.0,61,5601.823967
322.2,70,5601.938904
282.2,45,5602.034825
0.2,78,5602.190642
62.2,63,5602.31432
70.2,66,5602.444336
297.2,76,5602.594144
9.6,65,5602.727175
77.1,45,5602.816549
329.0,85,5602.995052
-70.0,46,5603.087998
287.2,57,5603.201055
-6.4,37,5603.276038
306.2,51,5603.378963
-6.8,76,5603.530919
292.2,83,5603.698457
-77.5,16,5603.735789
296.1,67,5603.871517
267.9,59,5604.001023
18.1,69,5604.143394
313.9,63,5604.264897
49.4,61,5604.386264
49.9,52,5604.549969
-15.5,60,5604.68895
18.0,68,5607.419683
-50.2,31,5607.482903
312.2,75,5607.634873
49.0,78,5607.790118
241.6,81,5607.944947
327.2,68,5608.077551
-128.1,43,5608.161028
-6.4,33,5608.242899
52.9,63,5608.372689
310.6,73,5608.516719
-12.1,53,5608.621513
14.8,54,5608.730395
46.3,81,5608.89152
-108.4,70,5609.027721
323.5,71,5609.167271
292.2,64,5609.311401
-41.3,56,5609.425812
302.2,64,5609.558798
-2.8,76,5609.690698
-25.8,65,5609.807249
326.2,62,5609.914506
3.6,41,5609.996207
302.2,51,5610.110787
52.8,70,5610.260801
272.2,60,5610.378644
284.2,55,5610.490217
288.9,77,5610.649756
46.3,72,5610.80184
-8.3,60,5610.921328
-31.0,51,5611.026761
1.1,71,5611.174683
297.7,70,5611.322005
35.9,72,5611.465329
-1.4,43,5614.150222
337.2,53,5614.261047
-14.2,50,5614.365708
332.2,68,5614.507806
-13.4,46,5614.652246
7.9,50,5614.774009
8.0,62,5614.900714
-37.4,59,5615.015493
-27.6,57,5615.127243
307.5,74,5615.272614
-35.6,50,5615.371371
308.5,93,5615.557279
-3.2,72,5615.699806
302.2,54,5615.808367
-90.3,24,5615.860454
-46.4,53,5615.967285
-95.7,79,5616.121468
227.7,80,5616.277072
-51.6,40,5616.360324
2.6,41,5616.44631
-118.0,23,5616.491983
288.4,63,5616.626023
34.0,84,5616.808356
305.8,82,5616.97833
-65.6,66,5617.119267
315.7,50,5617.224946
38.4,75,5617.381012
51.5,56,5617.501194
282.5,57,5617.629125
267.5,59,5617.734415
357.2,57,5617.835886
-60.6,39,5617.902113
312.2,69,5618.034955
65.4,72,5618.177168
-32.3,63,5620.95858
286.0,48,5621.063956
43.3,51,5621.17543
307.2,56,5621.297756
33.4,67,5621.442342
337.2,60,5621.560415
48.9,75,5621.70934
15.6,70,5621.858121
327.2,66,5621.97725
299.2,56,5622.098084
14.3,38,5622.178238
18.3,80,5622.344508
327.2,64,5622.481367
310.8,73,5622.642041
268.8,53,5622.76074
307.7,58,5622.889905
1.6,38,5622.970723
-60.5,52,5623.082139
-52.3,56,5623.20546
306.2,53,5623.321412
-20.9,46,5623.422224
290.6,62,5623.555947
27.1,60,5623.683085
-74.6,39,5623.771015
267.1,77,5623.93821
69.6,60,5624.057317
52.7,64,5624.18659
-3.8,57,5624.298781
38.4,50,5624.402356
-25.7,63,5624.533325
72.1,78,5624.738074
24.3,60,5624.902895
296.5,84,5625.067856
296.2,74,5625.215492
-59.1,30,5625.276285
78.3,66,5628.406876
36.8,51,5628.515145
296.9,74,5628.675093
30.5,50,5628.785115
28.2,53,5628.896852
40.4,57,5629.020716
-37.1,69,5629.178874
279.4,78,5629.343917
269.3,78,5629.51441
297.2,54,5629.626203
284.7,54,5629.715922
325.2,62,5629.824283
-103.8,53,5629.913976
-41.2,35,5629.984152
269.9,70,5630.149931
275.0,71,5630.302114
283.3,50,5630.408587
48.0,49,5630.516084
-9.1,68,5630.664351
311.8,70,5630.821688
249.5,49,5630.924804
35.7,56,5631.04582
71.2,63,5631.181941
-44.0,45,5631.27544
282.2,54,5631.387944
4.2,60,5631.512827
48.1,63,5631.651041
301.2,77,5631.815493
-13.2,56,5631.936427
-52.8,42,5632.02847
297.3,61,5632.154508
285.2,61,5632.287144
22.2,101,5632.497614
-81.6,48,5632.596539
299.5,76,5635.377591
-2.1,47,5635.571885
66.8,62,5635.703752
-4.9,44,5635.79492
317.2,50,5635.891076
63.7,46,5635.98342
-21.9,47,5636.07618
-6.4,23,5636.125233
58.9,71,5636.265819
13.0,80,5636.435016
57.9,59,5636.547505
-19.5,57,5636.664693
-29.2,52,5636.776739
-26.8,71,5636.91915
46.1,70,5637.059008
-4.4,43,5637.140724
-57.3,54,5637.247453
38.9,51,5637.349717
64.9,67,5637.498141
3.7,69,5637.621486
-111.2,33,5637.675716
302.2,83,5637.876289
279.8,69,5638.009397
286.7,63,5638.139566
-0.8,52,5638.242121
317.2,62,5638.368206
38.9,72,5638.532211
71.8,63,5638.670569
60.9,53,5638.78062
288.8,76,5638.937923
54.6,86,5639.112598
305.2,55,5639.226371
50.9,46,5639.32359
296.1,75,5639.476386
34.0,58,5642.163788
61.5,80,5642.324499
31.9,77,5642.476179
275.1,89,5642.665928
325.2,55,5642.783853
4.6,52,5642.884704
312.2,61,5643.002891
30.6,59,5643.123823
307.3,57,5643.238855
300.2,66,5643.376653
276.3,75,5643.522545
321.7,72,5643.664421
86.6,57,5643.786986
267.3,65,5643.918004
32.1,70,5644.061192
-1.9,46,5644.151625
-11.2,48,5644.25086
294.2,71,5644.39284
287.2,64,5644.525444
288.9,72,5644.673228
306.2,56,5644.793218
67.6,72,5644.941943
-16.1,65,5645.071497
-72.2,34,5645.142411
-0.2,94,5645.328593
287.1,61,5645.452752
2.4,44,5645.542387
318.9,88,5645.692206
298.7,55,5645.80043
59.8,92,5645.962983
-36.8,48,5646.069404
-48.2,81,5646.241957
34.9,60,5649.185113
60.6,51,5649.288905
-20.6,59,5649.407847
307.2,74,5649.557646
273.6,59,5649.666172
-4.5,59,5649.772697
331.2,58,5649.867599
35.0,62,5649.992765
-22.0,68,5650.13214
-103.4,44,5650.221593
7.8,57,5650.339235
272.2,80,5650.501323
41.2,71,5650.648896
80.2,49,5650.755691
260.8,66,5650.898338
41.2,75,5651.071969
302.2,59,5651.196513
292.2,57,5651.323722
23.9,77,5651.489508
16.5,51,5651.596771
295.7,65,5651.738974
289.0,65,5651.877536
332.2,71,5652.032549
55.4,51,5652.137656
8.6,46,5652.23676
2.3,50,5652.342185
290.7,63,5652.474771
317.2,66,5652.614557
-16.2,68,5652.759992
0.2,67,5652.903137
300.8,97,5653.155631
25.5,54,5653.316525
297.2,65,5656.121422
311.2,49,5656.256279
292.2,50,5656.390535
-77.4,37,5656.49976
-87.1,50,5656.647404
312.2,58,5656.797661
-32.2,37,5656.872942
-89.8,43,5656.957375
-42.8,44,5657.043039
8.2,73,5657.190592
320.2,57,5657.308722
10.6,43,5657.393169
-1.4,40,5657.471895
58.1,56,5657.578289
71.4,85,5657.736277
324.9,71,5657.859916
270.7,76,5657.998221
50.4,53,5658.111738
336.2,72,5658.259522
-48.2,61,5658.395796
323.8,59,5658.514357
-49.9,64,5658.643789
47.2,75,5658.836403
7.9,57,5659.004791
337.2,71,5659.151696
326.0,73,5659.30435
324.9,89,5659.507072
297.2,59,5659.628899
53.1,57,5659.747035
-12.3,52,5659.862239
-8.4,68,5660.007512
292.2,44,5660.099566
-50.1,27,5660.159008
7.0,33,5660.229117
33.6,49,5660.332569
327.2,49,5660.437285
9.0,52,5660.546088
-58.2,15,5663.158077
269.7,94,5663.337733
277.6,74,5663.481304
238.3,63,5663.624545
-14.1,48,5663.720836
29.7,89,5663.906561
43.2,62,5664.030392
32.0,62,5664.16201
68.4,39,5664.24344
36.8,63,5664.374034
282.2,48,5664.470828
33.6,52,5664.576413
281.7,77,5664.731844
-59.4,69,5664.866185
11.3,60,5664.984433
-108.7,74,5665.13257
253.6,58,5665.246631
-6.1,44,5665.335548
-17.5,74,5665.48394
-2.0,58,5665.604169
244.8,85,5665.747519
3.4,71,5665.866799
-12.1,73,5665.998227
268.0,65,5666.128451
49.6,45,5666.218365
277.2,50,5666.332782
281.2,53,5666.447284
7.2,55,5666.569787
297.1,73,5666.741374
-73.7,65,5666.88576
3.6,38,5666.968043
293.4,66,5667.117641
21.8,76,5667.36401
32.3,51,5670.282848
78.6,56,5670.394769
-16.4,47,5670.487413
65.4,47,5670.598416
-95.6,62,5670.777069
-8.4,65,5670.924719
-2.1,54,5671.036903
-51.7,18,5671.074465
304.2,67,5671.206105
297.2,62,5671.32996
287.2,49,5671.424935
-35.7,62,5671.543153
276.2,50,5671.641281
291.0,52,5671.74001
27.4,68,5671.878362
-27.2,51,5671.996006
277.3,82,5672.15941
278.6,61,5672.27738
310.0,62,5672.404288
-22.6,66,5672.539227
-66.1,58,5672.659004
3.6,43,5672.745463
302.2,56,5672.864332
327.2,52,5672.970081
-16.8,74,5673.121416
-38.3,72,5673.266713
224.1,70,5673.405354
8.7,46,5673.503893
-9.5,39,5673.583921
256.6,81,5673.722815
302.2,60,5673.822335
-93.8,60,5673.921446
-73.7,44,5674.017774
24.6,54,5674.131748
16.9,67,5674.268181
280.5,64,5677.006366
317.2,78,5677.16024
27.1,37,5677.235265
-23.8,49,5677.330431
-48.2,45,5677.42117
-28.0,55,5677.529277
23.2,63,5677.639647
30.4,53,5677.734073
40.7,56,5677.831677
332.2,65,5677.941633
292.5,73,5678.091532
-24.6,57,5678.213197
40.4,61,5678.337923
-19.4,52,5678.440989
261.1,46,5678.54183
2.2,67,5678.679076
312.2,59,5678.804397
344.0,69,5678.940079
7.0,56,5679.053414
287.2,44,5679.147836
21.7,48,5679.26821
321.9,65,5679.412225
26.9,53,5679.52808
-54.2,23,5679.580889
17.1,52,5679.69374
-0.1,51,5679.804244
-7.6,65,5679.937973
54.7,75,5680.09024
49.6,60,5680.209689
16.6,57,5680.340898
-75.7,23,5680.390955
316.0,79,5680.555757
287.2,73,5680.707923
42.4,66,5680.841612
289.2,55,5680.954074
-32.4,37,5681.031492
300.4,60,5681.150019
8.4,58,5683.954549
-106.1,35,5684.024647
46.4,57,5684.139825
291.7,82,5684.305995
13.5,43,5684.391475
-77.1,69,5684.550823
67.0,72,5684.70175
5.6,42,5684.784237
3.5,67,5684.922959
277.2,42,5685.005759
21.6,65,5685.1384
268.4,71,5685.278802
294.2,74,5685.42897
44.4,67,5685.567022
44.4,47,5685.645001
-37.8,45,5685.726115
305.7,63,5685.843377
-64.9,57,5685.941496
61.0,70,5686.089123
16.7,59,5686.207741
51.1,65,5686.344268
5.0,67,5686.478038
-33.4,71,5686.629204
35.3,56,5686.744715
-1.3,69,5686.885557
322.2,38,5686.959553
63.0,60,5687.079771
40.4,54,5687.187043
-17.2,48,5687.280397
60.4,66,5687.414345
48.9,60,5687.540825
-38.8,80,5687.710404
37.8,64,5687.844519
320.2,60,5687.962137
46.1,69,5690.728143
272.3,64,5690.856986
271.7,68,5690.99073
292.7,70,5691.133208
282.5,73,5691.279158
282.2,55,5691.39336
331.7,62,5691.524704
-19.8,56,5691.639446
302.2,69,5691.794522
46.9,90,5691.973119
-119.6,24,5692.022066
294.2,52,5692.126022
-45.0,64,5692.253289
-73.6,47,5692.346033
-88.6,62,5692.465191
60.5,62,5692.588227
18.9,48,5692.687106
-5.0,69,5692.845731
45.4,56,5692.954855
16.0,48,5693.049718
-6.1,55,5693.159342
-8.4,51,5693.260844
9.8,64,5693.389256
-52.8,55,5693.498015
14.4,63,5693.613011
41.6,56,5693.709638
261.3,62,5693.818321
51.7,71,5693.938158
-8.4,44,5694.026738
77.2,66,5694.158815
317.2,53,5694.27104
-22.7,61,5694.394001
22.4,79,5694.557504
61.1,63,5694.688128
118.9,67,5697.622196
-40.4,48,5697.705176
260.8,57,5697.810353
-39.0,82,5697.955658
6.3,61,5698.085188
297.2,57,5698.207631
296.1,78,5698.369998
334.9,85,5698.549793
267.6,61,5698.672716
4.6,39,5698.754197
3.6,61,5698.875561
36.4,74,5699.027216
97.5,59,5699.152462
-6.4,49,5699.25209
-4.4,66,5699.388708
282.2,60,5699.513512
5.2,78,5699.671538
289.9,83,5699.83556
64.5,103,5700.041537
-34.8,61,5700.177145
297.8,68,5700.314698
4.8,48,5700.40869
21.8,79,5700.567731
17.7,57,5700.676639
287.2,51,5700.776439
-85.4,67,5700.916328
57.9,69,5701.060464
-63.9,50,5701.175619
283.0,61,5701.320308
8.6,60,5701.453222
43.4,61,5701.570812
307.9,61,5704.263377
3.7,41,5704.360502
346.0,51,5704.461114
-6.4,31,5704.525217
-2.3,85,5704.692641
293.4,55,5704.807611
291.8,76,5704.958748
45.3,67,5705.098111
-4.6,58,5705.218796
-7.5,54,5705.333249
41.9,69,5705.482032
-47.3,28,5705.540016
282.2,46,5705.622253
329.2,89,5705.768214
-95.9,47,5705.850375
1.2,57,5705.946567
126.5,73,5706.09279
293.1,67,5706.230781
43.6,72,5706.386222
-10.5,56,5706.503416
297.2,66,5706.636785
-32.6,40,5706.716795
297.2,58,5706.840699
-25.0,61,5706.967984
318.9,78,5707.12495
292.2,56,5707.239428
246.2,72,5707.380985
48.4,62,5707.518043
3.0,55,5707.632026
317.2,61,5707.754587
324.2,57,5707.871964
-35.6,40,5707.952182
56.2,67,5708.090106
75.4,83,5708.260121
2.1,61,5708.389105
-52.7,26,5711.627377
-81.2,46,5711.726902
26.7,74,5711.876303
-34.9,56,5711.989671
55.2,73,5712.135
-17.2,54,5712.243934
20.3,40,5712.32403
284.0,66,5712.456354
-65.0,31,5712.520215
70.4,73,5712.669058
288.5,70,5712.833853
8.9,61,5712.955043
-119.4,50,5713.059033
-21.9,68,5713.196775
-82.8,50,5713.299649
50.1,50,5713.401417
-14.9,40,5713.484784
-31.2,45,5713.577281
-65.1,49,5713.659138
332.2,84,5713.818601
-3.3,61,5713.922464
-33.8,47,5714.02084
55.0,82,5714.189789
317.2,60,5714.320138
274.3,75,5714.480628
-9.3,59,5714.611372
57.4,91,5714.809046
310.6,64,5714.942974
-51.4,65,5715.081852
316.2,60,5715.205144
9.6,45,5715.298334
-38.7,74,5715.452101
312.2,53,5715.562561
307.2,69,5715.711203
287.2,50,5718.423437
-86.7,52,5718.526797
310.2,78,5718.681623
290.7,62,5718.805925
288.0,67,5718.941059
-47.7,15,5718.972442
17.6,47,5719.066225
-43.5,55,5719.17881
328.4,67,5719.321395
-78.8,65,5719.454837
321.2,72,5719.601321
307.6,71,5719.744348
-79.2,56,5719.863249
-24.7,65,5720.008596
-37.0,46,5720.101974
268.6,47,5720.196831
-27.4,43,5720.286872
75.1,69,5720.426037
20.5,53,5720.533066
258.9,55,5720.6434
18.0,60,5720.768462
0.1,37,5720.84824
-47.2,24,5720.899623
68.3,61,5721.036835
300.2,64,5721.158996
-17.5,44,5721.247555
-32.1,46,5721.347318
-48.2,32,5721.413125
-71.6,32,5721.479493
274.3,68,5721.607514
-25.0,68,5721.722794
302.2,62,5721.848782
323.7,82,5722.058413
20.6,91,5722.256584
329.2,55,5722.367048
8.4,59,5722.486754
312.2,70,5722.626968
74.7,60,5725.366807
26.5,86,5725.541212
9.3,53,5725.640019
310.2,75,5725.764509
-20.3,51,5725.854543
293.9,59,5725.956903
357.2,71,5726.095434
53.2,65,5726.228237
312.2,61,5726.37398
-33.1,69,5726.510474
355.1,77,5726.663882
298.6,69,5726.803733
8.7,53,5726.910842
273.2,75,5727.061347
272.3,59,5727.183498
301.0,71,5727.329871
285.5,61,5727.458193
-40.3,58,5727.576757
-71.5,37,5727.653838
33.6,59,5727.771939
33.3,55,5727.889858
20.6,44,5727.979533
43.0,68,5728.120968
283.5,62,5728.241739
-3.0,48,5728.339947
289.2,64,5728.473106
282.2,60,5728.595349
301.2,56,5728.71044
9.8,55,5728.827949
301.0,56,5728.942003
90.3,65,5729.075269
302.4,67,5729.211062
278.0,66,5729.345421
-89.2,62,5732.308343
-34.0,49,5732.407858
-90.9,41,5732.49104
295.4,73,5732.645761
-42.0,59,5732.765763
54.6,86,5732.942969
27.9,76,5733.099965
282.2,55,5733.208993
265.3,62,5733.339068
-56.1,41,5733.424916
-36.0,22,5733.471862
61.1,65,5733.609913
30.0,59,5733.722777
24.8,50,5733.812674
102.1,86,5733.961097
292.2,55,5734.070799
269.2,77,5734.228389
19.0,54,5734.424516
34.5,64,5734.559266
65.4,51,5734.677339
-91.1,74,5734.850052
302.3,71,5735.001061
283.9,55,5735.117161
33.1,62,5735.253618
-44.1,39,5735.337324
-67.5,34,5735.410354
330.2,55,5735.528469
-14.0,45,5735.627631
62.1,63,5735.765361
277.0,51,5735.877013
-65.0,51,5735.988075
-45.7,57,5736.109256
-5.9,56,5736.227852
13.5,44,5736.324536
-109.8,13,5736.358172
-74.8,44,5736.453802
32.0,61,5736.585756
-35.5,27,5739.247185
281.9,60,5739.374503
-85.9,30,5739.439495
253.9,67,5739.582114
320.0,78,5739.74762
-46.1,48,5739.853724
3.2,43,5739.943307
296.0,48,5740.042051
45.9,64,5740.175392
-66.8,25,5740.227735
54.2,67,5740.370061
297.2,85,5740.541555
305.7,66,5740.678157
44.4,44,5740.771789
22.4,42,5740.865273
-26.0,36,5740.95064
288.9,68,5741.10327
16.1,58,5741.228268
55.1,78,5741.401206
50.2,70,5741.552539
292.7,52,5741.643606
275.4,88,5741.792394
25.4,64,5741.904499
15.3,40,5741.999062
19.1,67,5742.152018
18.9,63,5742.290073
-21.2,56,5742.414176
51.5,56,5742.538468
-64.8,38,5742.624225
-72.3,37,5742.704194
-6.4,44,5742.793961
-0.3,63,5742.930663
-5.0,61,5743.070609
-56.4,30,5743.135114
302.2,76,5743.288549
316.2,62,5743.418143
297.2,66,5746.109295
1.9,52,5746.23647
-63.4,41,5746.322151
-16.8,65,5746.461298
1.2,39,5746.54445
13.9,45,5746.638296
296.0,68,5746.776433
352.2,75,5746.934251
274.6,65,5747.075491
314.2,64,5747.224433
10.5,51,5747.333134
95.1,54,5747.450188
357.2,74,5747.608652
277.7,69,5747.75601
43.7,45,5747.874373
269.0,74,5748.091769
48.0,49,5748.197892
302.2,68,5748.338598
-1.4,45,5748.429253
307.2,75,5748.578414
302.2,63,5748.702237
-7.5,46,5748.798261
278.9,75,5748.946433
-49.2,40,5749.028664
43.0,63,5749.152906
274.8,69,5749.30019
312.2,61,5749.424547
301.3,61,5749.548459
302.2,58,5749.650592
74.1,78,5749.787559
-86.7,33,5749.844707
286.2,58,5749.945086
49.1,57,5750.060866
42.4,49,5750.165682
9.7,32,5750.231504
287.2,69,5753.654683
-31.1,38,5753.719441
343.0,70,5753.840693
-111.6,19,5753.878242
8.5,62,5753.995124
-4.2,49,5754.102218
301.6,65,5754.2395
67.4,73,5754.3911
65.2,60,5754.534877
286.3,72,5754.685343
286.2,56,5754.804015
-8.2,66,5754.943895
41.9,83,5755.11776
40.4,51,5755.222288
317.2,59,5755.343744
286.4,68,5755.489422
17.5,64,5755.640303
46.0,65,5755.775681
46.9,69,5755.918931
50.8,63,5756.042441
279.4,73,5756.181937
-66.0,37,5756.257358
-6.3,53,5756.364525
276.9,77,5756.518009
58.6,67,5756.657092
-7.7,74,5756.812774
-61.1,25,5756.871192
325.5,57,5756.990735
-119.3,48,5757.088806
16.6,44,5757.181543
-32.4,40,5757.26967
58.2,51,5757.380587
282.2,50,5757.48476
280.8,89,5757.665725
-72.1,29,5757.722747
-55.3,55,5757.818624
69.7,48,5760.625809
25.3,63,5760.765392
60.3,53,5760.883056
282.2,44,5760.978639
66.9,74,5761.139047
230.5,105,5761.361373
-100.0,35,5761.436542
15.6,77,5761.595698
-15.6,67,5761.718313
-57.5,60,5761.826698
-68.3,26,5761.878381
287.2,52,5761.971234
275.6,79,5762.126675
-52.2,40,5762.208792
-27.3,73,5762.359512
350.7,74,5762.510318
-7.2,82,5762.674666
27.1,51,5762.782928
-33.7,61,5762.923138
-99.7,42,5763.006776
292.2,72,5763.149415
275.5,65,5763.282169
295.8,70,5763.427888
-62.6,47,5763.524262
25.0,49,5763.621941
73.6,68,5763.765031
13.5,69,5763.928691
250.1,55,5764.050856
53.4,81,5764.221506
62.9,45,5764.317394
56.3,91,5764.515281
45.3,77,5764.679062
6.0,42,5764.770044
287.2,61,5767.541816
-70.2,42,5767.62609
287.2,69,5767.76313
50.4,55,5767.879686
312.7,66,5768.014639
269.4,56,5768.148751
6.6,62,5768.274028
81.6,66,5768.409061
9.1,80,5768.563668
-27.2,60,5768.685169
-17.3,58,5768.810313
-58.7,51,5768.922443
282.2,61,5769.050708
1.8,61,5769.173869
42.1,62,5769.307121
294.5,65,5769.448342
80.9,66,5769.588888
28.8,55,5769.69219
82.4,59,5769.793974
-26.1,63,5769.906241
20.3,60,5770.029808
-42.3,51,5770.148
314.2,57,5770.267563
30.7,57,5770.391317
-58.7,61,5770.527534
38.7,57,5770.643097
342.1,69,5770.786995
65.4,64,5770.924763
0.9,54,5771.042617
-40.3,66,5771.19904
87.6,87,5771.38888
-11.0,60,5771.517124
69.2,91,5771.712367
297.2,55,5774.534425
321.4,64,5774.659532
-73.0,60,5774.773656
36.4,70,5774.912836
-64.7,40,5774.992902
-43.2,56,5775.107117
324.9,79,5775.262689
333.0,64,5775.403585
45.3,53,5775.509118
8.4,47,5775.604902
283.8,66,5775.738232
26.2,66,5775.872052
36.7,65,5776.007797
4.1,47,5776.105623
270.1,59,5776.223953
14.3,64,5776.357238
-21.4,73,5776.521732
306.9,72,5776.670684
297.5,66,5776.800493
3.7,51,5776.905465
-9.5,43,5776.991013
28.2,68,5777.124694
18.8,71,5777.266561
-38.2,25,5777.316332
-50.9,59,5777.434867
302.2,73,5777.578169
-5.8,58,5777.674682
-35.8,57,5777.769673
-0.1,73,5777.894522
-58.2,79,5778.043773
281.9,75,5778.194033
297.2,53,5778.305758
277.2,64,5778.429668
28.8,72,5781.262925
-101.9,47,5781.36004
38.0,57,5781.473867
31.5,57,5781.590327
86.9,53,5781.688793
34.3,74,5781.817699
36.2,35,5781.882729
21.9,68,5782.011906
-67.9,49,5782.113551
367.3,63,5782.242843
297.2,62,5782.365667
-45.3,39,5782.44429
40.0,77,5782.604908
41.7,67,5782.746464
39.5,71,5782.897264
297.2,54,5783.006267
295.2,62,5783.12929
317.2,56,5783.241125
301.0,73,5783.387674
-31.0,43,5783.472494
10.2,62,5783.6014
298.7,58,5783.72455
331.0,75,5783.887834
-54.4,50,5783.991969
-41.3,42,5784.079051
-1.4,35,5784.15274
-18.8,52,5784.256652
290.3,77,5784.409151
13.0,65,5784.544454
-30.1,60,5784.670247
-19.5,49,5784.774757
302.2,51,5784.896132
292.2,50,5784.995221
65.4,46,5785.087693
-25.4,29,5785.17092
43.1,57,5785.333318
-20.6,64,5785.460178
-12.2,38,5788.113723
317.2,68,5788.248187
-59.9,65,5788.372284
299.6,63,5788.497596
40.6,62,5788.624573
57.0,48,5788.747377
16.3,45,5788.869608
288.9,47,5789.015702
10.7,61,5789.16388
327.2,88,5789.35429
45.4,62,5789.485576
293.7,68,5789.628166
317.2,61,5789.741727
274.9,68,5789.859079
274.2,76,5790.007674
322.2,57,5790.132442
-56.0,72,5790.286594
303.1,65,5790.423385
72.1,85,5790.611402
290.7,59,5790.745553
269.7,62,5790.88105
46.4,85,5791.071271
298.3,57,5791.191542
-26.1,64,5791.332041
-55.6,19,5791.374956
55.4,66,5791.516764
36.0,58,5791.642872
260.4,63,5791.777748
311.0,59,5791.912359
273.3,61,5792.04569
-1.4,46,5792.160178
-51.8,53,5792.262686
9.0,53,5792.37187
315.2,51,5792.474803
-14.7,43,5795.504272
-84.9,65,5795.633409
38.5,48,5795.728187
302.2,59,5795.845148
281.2,48,5795.940569
-14.3,53,5796.047552
-1.4,74,5796.19354
-26.4,55,5796.306178
13.7,61,5796.443767
-45.1,52,5796.548876
41.0,51,5796.655831
290.9,63,5796.786082
-49.1,55,5796.8999
302.2,56,5797.011689
-40.1,45,5797.104198
90.1,58,5797.220505
277.2,49,5797.318856
60.9,54,5797.442185
282.8,70,5797.580087
23.7,46,5797.655765
28.4,59,5797.752418
-36.5,84,5797.927381
308.0,65,5798.091748
-18.1,58,5798.20936
23.9,51,5798.312778
281.2,68,5798.452974
30.2,59,5798.57314
45.4,61,5798.696077
-6.4,32,5798.767241
17.4,87,5798.944332
296.0,71,5799.084553
67.3,49,5799.184824
287.2,61,5799.309853
60.4,49,5799.410018
0.9,79,5799.583006
307.1,62,5802.322827
263.9,56,5802.441523
302.2,46,5802.540372
301.2,61,5802.670043
310.0,92,5802.867927
-37.4,87,5803.059204
8.9,65,5803.197452
-63.2,31,5803.264469
-26.2,54,5803.381143
9.7,61,5803.513445
297.2,62,5803.655257
70.4,48,5803.757295
262.5,78,5803.932083
41.7,63,5804.066384
-92.4,56,5804.185391
255.7,86,5804.368407
34.6,76,5804.523902
-6.4,37,5804.601544
-29.1,61,5804.745466
264.2,76,5804.922916
288.9,57,5805.069621
8.6,45,5805.214427
27.4,72,5805.469629
-9.0,60,5805.689062
-116.1,15,5805.745759
307.2,66,5805.904634
50.4,62,5806.149714
302.2,61,5806.501068
54.0,53,5806.712577
15.3,45,5806.853244
-16.4,41,5806.944135
-64.4,56,5807.059853
273.9,86,5807.236268
-100.0,48,5807.32836
-6.4,66,5811.262635
-40.2,54,5811.380193
260.5,67,5811.525286
54.3,90,5811.720909
316.5,64,5811.862178
327.2,66,5812.00977
312.2,65,5812.153121
321.2,61,5812.28404
65.8,55,5812.405033
277.3,52,5812.520731
-1.4,33,5812.592011
7.0,41,5812.677248
287.7,66,5812.813944
-73.3,54,5812.926152
282.2,63,5813.054607
3.3,51,5813.17228
265.5,75,5813.321939
50.4,64,5813.449713
280.9,53,5813.557445
16.3,37,5813.629412
35.1,66,5813.74181
292.2,68,5813.858684
4.8,70,5813.995067
277.2,40,5814.077729
305.0,55,5814.204438
336.3,80,5814.371836
-35.4,23,5814.418064
51.0,52,5814.524292
322.2,57,5814.638314
34.4,49,5814.740611
301.0,57,5814.863776
307.2,47,5814.997956
286.0,55,5815.125023
272.3,52,5815.229674
286.0,72,5815.406867
29.7,62,5815.527321
-85.8,21,5818.078372
312.2,47,5818.177612
302.2,65,5818.311764
46.9,55,5818.438784
298.3,76,5818.592776
24.7,59,5818.713362
-5.0,66,5818.854755
293.2,63,5819.050907
-10.6,49,5819.204514
64.4,55,5819.386154
-132.7,66,5819.56647
-13.6,51,5819.668513
44.4,38,5819.74499
291.6,80,5819.91033
297.2,48,5820.008741
55.4,44,5820.117963
42.2,49,5820.22278
-6.3,38,5820.300429
-7.6,67,5820.467577
0.7,34,5820.538651
317.2,61,5820.677597
2.9,60,5820.80196
320.8,59,5820.926524
33.7,59,5821.04497
36.8,64,5821.17328
352.2,50,5821.274179
42.2,54,5821.389114
-1.4,31,5821.462194
322.2,55,5821.595364
32.9,61,5821.70187
289.4,74,5821.834339
55.4,57,5821.94341
281.2,51,5822.05167
-15.9,76,5822.21297
302.8,73,5822.36917
28.7,52,5822.476295
